kind	path	commit	bytes	sha256	url
source	upstream/source/tools/__init__.py	d7401a7087710875e8e168e6d30410919d1739b9	0	e3b0c44298fc1c149afbf4c8996fb92427ae41e4649b934ca495991b7852b855	https://raw.githubusercontent.com/lightsgoblack/scroll-audits/d7401a7087710875e8e168e6d30410919d1739b9/tools/__init__.py
source	upstream/source/tools/switchbench_kit/__init__.py	d7401a7087710875e8e168e6d30410919d1739b9	894	6bf6978122b2005913a9abe8b4843a7222b440f2b172846f3d4a99608f2fe95e	https://raw.githubusercontent.com/lightsgoblack/scroll-audits/d7401a7087710875e8e168e6d30410919d1739b9/tools/switchbench_kit/__init__.py
source	upstream/source/tools/switchbench_kit/geometry.py	d7401a7087710875e8e168e6d30410919d1739b9	4612	1ae021025d9ac6b09ffc6bdaa7d8d0bb8783703f4a0fced79a737a7f423b2347	https://raw.githubusercontent.com/lightsgoblack/scroll-audits/d7401a7087710875e8e168e6d30410919d1739b9/tools/switchbench_kit/geometry.py
source	upstream/source/tools/switchbench_kit/report.py	d7401a7087710875e8e168e6d30410919d1739b9	4396	3bc71ddf0f632bbcf53beabcf70d76db3ec123ab1d920cb5914d8022d4377ee9	https://raw.githubusercontent.com/lightsgoblack/scroll-audits/d7401a7087710875e8e168e6d30410919d1739b9/tools/switchbench_kit/report.py
geometry	data/patches/auto_grown_20260420115855241_region_001/mask.tif	d7401a7087710875e8e168e6d30410919d1739b9	564	b9eee6faa4bb409c035bad38423653e271e252cba5f15a24ec5f57e67be292a0	hf://scrollprize/datasets/spiral/PHercParis4/unverified_patches/auto_grown_20260420115855241_region_001/mask.tif
geometry	data/patches/auto_grown_20260420115855241_region_001/meta.json	d7401a7087710875e8e168e6d30410919d1739b9	11777	059fbc3b8a29a37c7bfac60a29c7da694a924db42b3499879d060b8840015096	hf://scrollprize/datasets/spiral/PHercParis4/unverified_patches/auto_grown_20260420115855241_region_001/meta.json
geometry	data/patches/auto_grown_20260420115855241_region_001/x.tif	d7401a7087710875e8e168e6d30410919d1739b9	4898	4b95d21fa4584b0e7ce13e93283f08bbd2cc68d7325e6d4987b0c0750d133a04	hf://scrollprize/datasets/spiral/PHercParis4/unverified_patches/auto_grown_20260420115855241_region_001/x.tif
geometry	data/patches/auto_grown_20260420115855241_region_001/y.tif	d7401a7087710875e8e168e6d30410919d1739b9	4898	f89ca18f1234e4b240f541eac55ccefe417718656feac9d5f7403b534e13a3fe	hf://scrollprize/datasets/spiral/PHercParis4/unverified_patches/auto_grown_20260420115855241_region_001/y.tif
geometry	data/patches/auto_grown_20260420115855241_region_001/z.tif	d7401a7087710875e8e168e6d30410919d1739b9	4898	d7b7a61b33f5cfefb970090660ab619b7fef896e4732f2a5786b3a401f403a53	hf://scrollprize/datasets/spiral/PHercParis4/unverified_patches/auto_grown_20260420115855241_region_001/z.tif
geometry	data/patches/auto_grown_20260420125051893_region_003/mask.tif	d7401a7087710875e8e168e6d30410919d1739b9	498	de55b2f2d5685c2be2a2e6b5d83ca5733ea58f3d33ae2e314a6e394536c89d29	hf://scrollprize/datasets/spiral/PHercParis4/unverified_patches/auto_grown_20260420125051893_region_003/mask.tif
geometry	data/patches/auto_grown_20260420125051893_region_003/meta.json	d7401a7087710875e8e168e6d30410919d1739b9	11796	3d0b1b695294dc94fa39246b3c7854655dbcdc9efacac2b8dab07cb49a1e434e	hf://scrollprize/datasets/spiral/PHercParis4/unverified_patches/auto_grown_20260420125051893_region_003/meta.json
geometry	data/patches/auto_grown_20260420125051893_region_003/x.tif	d7401a7087710875e8e168e6d30410919d1739b9	3458	f4433ba67ca11fc6ee5e38f94c3df7d16164218c98f512234d0b61af2e511463	hf://scrollprize/datasets/spiral/PHercParis4/unverified_patches/auto_grown_20260420125051893_region_003/x.tif
geometry	data/patches/auto_grown_20260420125051893_region_003/y.tif	d7401a7087710875e8e168e6d30410919d1739b9	3458	42969ee386dcf0fbbf775951bf26951bac480d6960d441a5e140d0425161c8a5	hf://scrollprize/datasets/spiral/PHercParis4/unverified_patches/auto_grown_20260420125051893_region_003/y.tif
geometry	data/patches/auto_grown_20260420125051893_region_003/z.tif	d7401a7087710875e8e168e6d30410919d1739b9	3458	e223215d1e72b376a818e69d07b83332d8b29b9d1c09732aa90dd4580548d869	hf://scrollprize/datasets/spiral/PHercParis4/unverified_patches/auto_grown_20260420125051893_region_003/z.tif
geometry	data/patches/auto_grown_20260420125348089_region_000/mask.tif	d7401a7087710875e8e168e6d30410919d1739b9	615	d3b2e28a593b208a8f3d437535774dbb7fa8110388810ffd4a3aa8f58a963234	hf://scrollprize/datasets/spiral/PHercParis4/unverified_patches/auto_grown_20260420125348089_region_000/mask.tif
geometry	data/patches/auto_grown_20260420125348089_region_000/meta.json	d7401a7087710875e8e168e6d30410919d1739b9	11631	24415f217412f2176ae2655af3e7ec088866dc1be32ab30074f16a20ee4cbbd3	hf://scrollprize/datasets/spiral/PHercParis4/unverified_patches/auto_grown_20260420125348089_region_000/meta.json
geometry	data/patches/auto_grown_20260420125348089_region_000/x.tif	d7401a7087710875e8e168e6d30410919d1739b9	8066	a5f2c834ad255d59810d942ba3970d1e396bc01a21094e568e00318c8099cd3d	hf://scrollprize/datasets/spiral/PHercParis4/unverified_patches/auto_grown_20260420125348089_region_000/x.tif
geometry	data/patches/auto_grown_20260420125348089_region_000/y.tif	d7401a7087710875e8e168e6d30410919d1739b9	8066	7b0e55e3449371c798e8fb6d92e9f0123a7681f493d289157e8e8fde945aeec3	hf://scrollprize/datasets/spiral/PHercParis4/unverified_patches/auto_grown_20260420125348089_region_000/y.tif
geometry	data/patches/auto_grown_20260420125348089_region_000/z.tif	d7401a7087710875e8e168e6d30410919d1739b9	8066	08653f54def6b510524d7ecedfc5b4862e910a8998fb094244c8bdfb0dcdd6a7	hf://scrollprize/datasets/spiral/PHercParis4/unverified_patches/auto_grown_20260420125348089_region_000/z.tif
geometry	data/patches/auto_grown_20260420130924221_region_000/mask.tif	d7401a7087710875e8e168e6d30410919d1739b9	402	6dff8b1025e6785f80f5de74c451c08a35804158a08998dc9c8d3f3ab1c73a85	hf://scrollprize/datasets/spiral/PHercParis4/unverified_patches/auto_grown_20260420130924221_region_000/mask.tif
geometry	data/patches/auto_grown_20260420130924221_region_000/meta.json	d7401a7087710875e8e168e6d30410919d1739b9	11761	fbf777726626d5c817e4ac0280df8d89959d31e714f80626aab2f51bf748dc8d	hf://scrollprize/datasets/spiral/PHercParis4/unverified_patches/auto_grown_20260420130924221_region_000/meta.json
geometry	data/patches/auto_grown_20260420130924221_region_000/x.tif	d7401a7087710875e8e168e6d30410919d1739b9	3218	04e2872e906ab8e3c00365e1b19618cbf44cb9e6439d0ba5e02ade46a07e51a4	hf://scrollprize/datasets/spiral/PHercParis4/unverified_patches/auto_grown_20260420130924221_region_000/x.tif
geometry	data/patches/auto_grown_20260420130924221_region_000/y.tif	d7401a7087710875e8e168e6d30410919d1739b9	3218	2103992a3b6688b254a182663f938fbda8f521f05e475a0f9f8b8d2cd5dfa57d	hf://scrollprize/datasets/spiral/PHercParis4/unverified_patches/auto_grown_20260420130924221_region_000/y.tif
geometry	data/patches/auto_grown_20260420130924221_region_000/z.tif	d7401a7087710875e8e168e6d30410919d1739b9	3218	8cbcf95d553600360e83551194fcbe6c46502eb10b614d6a76ea0e9064412099	hf://scrollprize/datasets/spiral/PHercParis4/unverified_patches/auto_grown_20260420130924221_region_000/z.tif
geometry	data/patches/auto_grown_20260420130943553_region_003/mask.tif	d7401a7087710875e8e168e6d30410919d1739b9	463	5a388a2fefdd2314eb9b418151b8430f47f1eb269a9e4a53cc543bdad79f2988	hf://scrollprize/datasets/spiral/PHercParis4/unverified_patches/auto_grown_20260420130943553_region_003/mask.tif
geometry	data/patches/auto_grown_20260420130943553_region_003/meta.json	d7401a7087710875e8e168e6d30410919d1739b9	11885	ed73637fde1c5368963cc92e23c10c8690f2202c1dca780223ecb5302036012a	hf://scrollprize/datasets/spiral/PHercParis4/unverified_patches/auto_grown_20260420130943553_region_003/meta.json
geometry	data/patches/auto_grown_20260420130943553_region_003/x.tif	d7401a7087710875e8e168e6d30410919d1739b9	2846	45e9723d9b681780d730ec7feaa929480effcf15a675a11f50e55078888707b7	hf://scrollprize/datasets/spiral/PHercParis4/unverified_patches/auto_grown_20260420130943553_region_003/x.tif
geometry	data/patches/auto_grown_20260420130943553_region_003/y.tif	d7401a7087710875e8e168e6d30410919d1739b9	2846	f1284dc754a7296973952758f0ef9445e8c01f1e50a00ec694ad3e37858f5204	hf://scrollprize/datasets/spiral/PHercParis4/unverified_patches/auto_grown_20260420130943553_region_003/y.tif
geometry	data/patches/auto_grown_20260420130943553_region_003/z.tif	d7401a7087710875e8e168e6d30410919d1739b9	2846	bc1b6604a2863d5df857977b3e815ab96fdce8f5d41321b1e8bdeaeca328b62f	hf://scrollprize/datasets/spiral/PHercParis4/unverified_patches/auto_grown_20260420130943553_region_003/z.tif
geometry	data/patches/auto_grown_20260420141348215_region_000/mask.tif	d7401a7087710875e8e168e6d30410919d1739b9	600	5ba4053712e3e3126d93de54cdf92f6ca714968ea727d594b56c8e87a3263e1d	hf://scrollprize/datasets/spiral/PHercParis4/unverified_patches/auto_grown_20260420141348215_region_000/mask.tif
geometry	data/patches/auto_grown_20260420141348215_region_000/meta.json	d7401a7087710875e8e168e6d30410919d1739b9	17219	1c00ab7d0a3556a269a6dfc40eb6b97577a7b40236a5a19c5d7c1736fc978fd2	hf://scrollprize/datasets/spiral/PHercParis4/unverified_patches/auto_grown_20260420141348215_region_000/meta.json
geometry	data/patches/auto_grown_20260420141348215_region_000/x.tif	d7401a7087710875e8e168e6d30410919d1739b9	7198	206f2cd16186e5caffbe01795912468c82500da81b1538c304d7a0973551da82	hf://scrollprize/datasets/spiral/PHercParis4/unverified_patches/auto_grown_20260420141348215_region_000/x.tif
geometry	data/patches/auto_grown_20260420141348215_region_000/y.tif	d7401a7087710875e8e168e6d30410919d1739b9	7198	4e8acf0afb8dc9f7e713583416cff9c9774ff230235501c8bea627e6feb56314	hf://scrollprize/datasets/spiral/PHercParis4/unverified_patches/auto_grown_20260420141348215_region_000/y.tif
geometry	data/patches/auto_grown_20260420141348215_region_000/z.tif	d7401a7087710875e8e168e6d30410919d1739b9	7198	933656ee767eae7c96f414846ed18328faf3c7fad5652d6867e6c74a43bc09cf	hf://scrollprize/datasets/spiral/PHercParis4/unverified_patches/auto_grown_20260420141348215_region_000/z.tif
geometry	data/patches/auto_grown_20260420141440667_region_001/mask.tif	d7401a7087710875e8e168e6d30410919d1739b9	520	6d4d4a66788da9bdc8c2221774c2aad7716bdbb5060dc9c9df510695b8444408	hf://scrollprize/datasets/spiral/PHercParis4/unverified_patches/auto_grown_20260420141440667_region_001/mask.tif
geometry	data/patches/auto_grown_20260420141440667_region_001/meta.json	d7401a7087710875e8e168e6d30410919d1739b9	17051	5ef5209f2ea93fba7e21e95aec5ac73faba829a5330b1f705c12a1033a4038a8	hf://scrollprize/datasets/spiral/PHercParis4/unverified_patches/auto_grown_20260420141440667_region_001/meta.json
geometry	data/patches/auto_grown_20260420141440667_region_001/x.tif	d7401a7087710875e8e168e6d30410919d1739b9	4178	afacf61d4bc061f62c19346729c3b9e7b53c62cacc43683b28f9c4cf1be9890b	hf://scrollprize/datasets/spiral/PHercParis4/unverified_patches/auto_grown_20260420141440667_region_001/x.tif
geometry	data/patches/auto_grown_20260420141440667_region_001/y.tif	d7401a7087710875e8e168e6d30410919d1739b9	4178	29ff63b48f9af7684d6156f09b81796821f7d4bc597417d794d39d83b086aba6	hf://scrollprize/datasets/spiral/PHercParis4/unverified_patches/auto_grown_20260420141440667_region_001/y.tif
geometry	data/patches/auto_grown_20260420141440667_region_001/z.tif	d7401a7087710875e8e168e6d30410919d1739b9	4178	ee5b7ed13c28e3302d024a3b1ac9eebc8f98ad87c220b6d9ffed4ee3696b6e75	hf://scrollprize/datasets/spiral/PHercParis4/unverified_patches/auto_grown_20260420141440667_region_001/z.tif
geometry	data/patches/auto_grown_20260420141701408_region_000/mask.tif	d7401a7087710875e8e168e6d30410919d1739b9	607	5827acd979811cc6cd6443b54bfc3cc185f7c5b38404a0c43d3e1165ca93ebce	hf://scrollprize/datasets/spiral/PHercParis4/unverified_patches/auto_grown_20260420141701408_region_000/mask.tif
geometry	data/patches/auto_grown_20260420141701408_region_000/meta.json	d7401a7087710875e8e168e6d30410919d1739b9	17073	e160a49ae1b92507129723d0bc20e5d5d879ae50c6e9637cc4ba1903237c02d4	hf://scrollprize/datasets/spiral/PHercParis4/unverified_patches/auto_grown_20260420141701408_region_000/meta.json
geometry	data/patches/auto_grown_20260420141701408_region_000/x.tif	d7401a7087710875e8e168e6d30410919d1739b9	7322	14a6505fb3bc69dd83c90a201290f348336ae85dee57adefedc87ff8e49c179d	hf://scrollprize/datasets/spiral/PHercParis4/unverified_patches/auto_grown_20260420141701408_region_000/x.tif
geometry	data/patches/auto_grown_20260420141701408_region_000/y.tif	d7401a7087710875e8e168e6d30410919d1739b9	7322	877cf8af127d4c7ff41b0c3c2fdcc3456b3d2a5b01e957c211e7893f5a5b23f0	hf://scrollprize/datasets/spiral/PHercParis4/unverified_patches/auto_grown_20260420141701408_region_000/y.tif
geometry	data/patches/auto_grown_20260420141701408_region_000/z.tif	d7401a7087710875e8e168e6d30410919d1739b9	7322	8e1da749bbd19ca9d7c015a587aceac616560f37383d175b34913064d079d32e	hf://scrollprize/datasets/spiral/PHercParis4/unverified_patches/auto_grown_20260420141701408_region_000/z.tif
geometry	data/patches/auto_grown_20260420143751818_region_002/mask.tif	d7401a7087710875e8e168e6d30410919d1739b9	393	9bd75d09653933c2c666d8da9031ab31a64b39dad36d8249bbc1aa032a035edf	hf://scrollprize/datasets/spiral/PHercParis4/unverified_patches/auto_grown_20260420143751818_region_002/mask.tif
geometry	data/patches/auto_grown_20260420143751818_region_002/meta.json	d7401a7087710875e8e168e6d30410919d1739b9	16519	eb908a2125b546bc97856147b2ad7b7582c45b73d87be58b3405a3b5bccf9beb	hf://scrollprize/datasets/spiral/PHercParis4/unverified_patches/auto_grown_20260420143751818_region_002/meta.json
geometry	data/patches/auto_grown_20260420143751818_region_002/x.tif	d7401a7087710875e8e168e6d30410919d1739b9	4754	b8917134ed2235c675c3c36ce9619fa3d011b541e038287a0c04a04517246002	hf://scrollprize/datasets/spiral/PHercParis4/unverified_patches/auto_grown_20260420143751818_region_002/x.tif
geometry	data/patches/auto_grown_20260420143751818_region_002/y.tif	d7401a7087710875e8e168e6d30410919d1739b9	4754	61243d12773eb7456df6b39046442dd545e54a6b7dd0009c71894a23b6f47a95	hf://scrollprize/datasets/spiral/PHercParis4/unverified_patches/auto_grown_20260420143751818_region_002/y.tif
geometry	data/patches/auto_grown_20260420143751818_region_002/z.tif	d7401a7087710875e8e168e6d30410919d1739b9	4754	c1ab4fcc33cb47f92c265ce09e75401a7d8639f347eb87c1faa59abb5b06e8c8	hf://scrollprize/datasets/spiral/PHercParis4/unverified_patches/auto_grown_20260420143751818_region_002/z.tif
geometry	data/patches/auto_grown_20260420144202193_region_000/mask.tif	d7401a7087710875e8e168e6d30410919d1739b9	667	61b4311a92183d7e222a7e008d13b1a4b3c52badff32208e985bbf3cf1c15ed7	hf://scrollprize/datasets/spiral/PHercParis4/unverified_patches/auto_grown_20260420144202193_region_000/mask.tif
geometry	data/patches/auto_grown_20260420144202193_region_000/meta.json	d7401a7087710875e8e168e6d30410919d1739b9	17076	113917fbc40bfec2b70bd0a92a3cf96b39d2ae2b543dac6daa833c4b324ac844	hf://scrollprize/datasets/spiral/PHercParis4/unverified_patches/auto_grown_20260420144202193_region_000/meta.json
geometry	data/patches/auto_grown_20260420144202193_region_000/x.tif	d7401a7087710875e8e168e6d30410919d1739b9	11126	a8874ffad5fffef04d25ba1a625f6e7505dbe502f9395f44fe3b4f088368d9cb	hf://scrollprize/datasets/spiral/PHercParis4/unverified_patches/auto_grown_20260420144202193_region_000/x.tif
geometry	data/patches/auto_grown_20260420144202193_region_000/y.tif	d7401a7087710875e8e168e6d30410919d1739b9	11126	fde6bee340bd9ceedf992f81141341ca7e8045bc53e6221ba60d012cd801c066	hf://scrollprize/datasets/spiral/PHercParis4/unverified_patches/auto_grown_20260420144202193_region_000/y.tif
geometry	data/patches/auto_grown_20260420144202193_region_000/z.tif	d7401a7087710875e8e168e6d30410919d1739b9	11126	19a2a1f663efbcceed4bd287a17996351c5d9f41274baad2b7429475c5df86f2	hf://scrollprize/datasets/spiral/PHercParis4/unverified_patches/auto_grown_20260420144202193_region_000/z.tif
geometry	data/patches/auto_grown_20260420144219549_region_001/mask.tif	d7401a7087710875e8e168e6d30410919d1739b9	531	d95219c371c2ae9d00e596329cbc6c87009d2f8b0e9cb846b66f8b03d4f57a6b	hf://scrollprize/datasets/spiral/PHercParis4/unverified_patches/auto_grown_20260420144219549_region_001/mask.tif
geometry	data/patches/auto_grown_20260420144219549_region_001/meta.json	d7401a7087710875e8e168e6d30410919d1739b9	17173	a56dd3023e017d346081178a110df2e9c9afcbcfe600f18554405a935261c813	hf://scrollprize/datasets/spiral/PHercParis4/unverified_patches/auto_grown_20260420144219549_region_001/meta.json
geometry	data/patches/auto_grown_20260420144219549_region_001/x.tif	d7401a7087710875e8e168e6d30410919d1739b9	4902	bc509cd719f6c0384c99d7d2ffbbad7e8e889e29c3ad611f8e9acb7acf7ca6d6	hf://scrollprize/datasets/spiral/PHercParis4/unverified_patches/auto_grown_20260420144219549_region_001/x.tif
geometry	data/patches/auto_grown_20260420144219549_region_001/y.tif	d7401a7087710875e8e168e6d30410919d1739b9	4902	8b3e467b85874f0305f64475fc7066d0bc23534d35d6481cc4a9f46ab822ea6f	hf://scrollprize/datasets/spiral/PHercParis4/unverified_patches/auto_grown_20260420144219549_region_001/y.tif
geometry	data/patches/auto_grown_20260420144219549_region_001/z.tif	d7401a7087710875e8e168e6d30410919d1739b9	4902	2ea20b9ba85ebe60e3886c1984adbbb7e0b13873ade21227c790df212d1f2361	hf://scrollprize/datasets/spiral/PHercParis4/unverified_patches/auto_grown_20260420144219549_region_001/z.tif
geometry	data/patches/auto_grown_20260420144817585_region_000/mask.tif	d7401a7087710875e8e168e6d30410919d1739b9	601	782c5df007b5fc585710422db3fc7a5ca17b90fd6063aa64b0c01e1c533fc0ef	hf://scrollprize/datasets/spiral/PHercParis4/unverified_patches/auto_grown_20260420144817585_region_000/mask.tif
geometry	data/patches/auto_grown_20260420144817585_region_000/meta.json	d7401a7087710875e8e168e6d30410919d1739b9	16749	0cfe4ddfd3af72e8d0ba28b3a5e49ba06e83c83b470460443765c7b904342764	hf://scrollprize/datasets/spiral/PHercParis4/unverified_patches/auto_grown_20260420144817585_region_000/meta.json
geometry	data/patches/auto_grown_20260420144817585_region_000/x.tif	d7401a7087710875e8e168e6d30410919d1739b9	7034	cfa65494ec964b5964599fbe234dc3680ab6fc7432b7ef4635762d7ae432b15b	hf://scrollprize/datasets/spiral/PHercParis4/unverified_patches/auto_grown_20260420144817585_region_000/x.tif
geometry	data/patches/auto_grown_20260420144817585_region_000/y.tif	d7401a7087710875e8e168e6d30410919d1739b9	7034	1f2072783e3d6b9332ac6912273d61a3ca6bc0c65719c512e8e9847ead568190	hf://scrollprize/datasets/spiral/PHercParis4/unverified_patches/auto_grown_20260420144817585_region_000/y.tif
geometry	data/patches/auto_grown_20260420144817585_region_000/z.tif	d7401a7087710875e8e168e6d30410919d1739b9	7034	0ea17617cfdc8173767a25b99cc851f5ce29b4e408647c332b2676fd09ae09d3	hf://scrollprize/datasets/spiral/PHercParis4/unverified_patches/auto_grown_20260420144817585_region_000/z.tif
geometry	data/patches/auto_grown_20260420145026320_region_004/mask.tif	d7401a7087710875e8e168e6d30410919d1739b9	570	2814f26876c2fab2f852106733e9eb48efc88ce7200d466a19ad38a01dc3cb25	hf://scrollprize/datasets/spiral/PHercParis4/unverified_patches/auto_grown_20260420145026320_region_004/mask.tif
geometry	data/patches/auto_grown_20260420145026320_region_004/meta.json	d7401a7087710875e8e168e6d30410919d1739b9	16770	3430779c5d054c64b6b669d4ca7bbaee8e910357bea09b70902a7f5bd6e09281	hf://scrollprize/datasets/spiral/PHercParis4/unverified_patches/auto_grown_20260420145026320_region_004/meta.json
geometry	data/patches/auto_grown_20260420145026320_region_004/x.tif	d7401a7087710875e8e168e6d30410919d1739b9	5042	056ffea866cf9494404dd8596d23aab80818d707d406d7d7ca555ff2e6916fb6	hf://scrollprize/datasets/spiral/PHercParis4/unverified_patches/auto_grown_20260420145026320_region_004/x.tif
geometry	data/patches/auto_grown_20260420145026320_region_004/y.tif	d7401a7087710875e8e168e6d30410919d1739b9	5042	389d1d5e846418dc5d08290183da7d1f26d80d623b91800c41d735d11dea6225	hf://scrollprize/datasets/spiral/PHercParis4/unverified_patches/auto_grown_20260420145026320_region_004/y.tif
geometry	data/patches/auto_grown_20260420145026320_region_004/z.tif	d7401a7087710875e8e168e6d30410919d1739b9	5042	9dc6f945ac26ba38f5167b38c20a9b41f7de579ac1bce9d7f3b1049230f8a5f8	hf://scrollprize/datasets/spiral/PHercParis4/unverified_patches/auto_grown_20260420145026320_region_004/z.tif
geometry	data/patches/auto_grown_20260420145204805_region_000/mask.tif	d7401a7087710875e8e168e6d30410919d1739b9	737	bbca04de312e6801ac59bc471e3397d4c1bc220d671d673005758446e6c59e91	hf://scrollprize/datasets/spiral/PHercParis4/unverified_patches/auto_grown_20260420145204805_region_000/mask.tif
geometry	data/patches/auto_grown_20260420145204805_region_000/meta.json	d7401a7087710875e8e168e6d30410919d1739b9	16603	cc7a1436036845245fb67573baa688a1606502d92ff8f2eb128889593932bb44	hf://scrollprize/datasets/spiral/PHercParis4/unverified_patches/auto_grown_20260420145204805_region_000/meta.json
geometry	data/patches/auto_grown_20260420145204805_region_000/x.tif	d7401a7087710875e8e168e6d30410919d1739b9	12246	6ee6d4fe951e601cd0b40b905dfffcb8abdb9d299e5ec599409ed8c64b45f08e	hf://scrollprize/datasets/spiral/PHercParis4/unverified_patches/auto_grown_20260420145204805_region_000/x.tif
geometry	data/patches/auto_grown_20260420145204805_region_000/y.tif	d7401a7087710875e8e168e6d30410919d1739b9	12246	ba57942c06e51d1d952053161c84114a8eb0836b5b43e5e6eedccbda4c8508d6	hf://scrollprize/datasets/spiral/PHercParis4/unverified_patches/auto_grown_20260420145204805_region_000/y.tif
geometry	data/patches/auto_grown_20260420145204805_region_000/z.tif	d7401a7087710875e8e168e6d30410919d1739b9	12246	1a090c33313073c3118abd93168aac5445642aad20a3814397ae23a8b1bc6cf6	hf://scrollprize/datasets/spiral/PHercParis4/unverified_patches/auto_grown_20260420145204805_region_000/z.tif
geometry	data/patches/auto_grown_20260420145204805_region_002/mask.tif	d7401a7087710875e8e168e6d30410919d1739b9	619	9b76b0f5f9797c6c8445e6bdcaf63c9cf64f33fe3b96b00d583d4f7fed2167cb	hf://scrollprize/datasets/spiral/PHercParis4/unverified_patches/auto_grown_20260420145204805_region_002/mask.tif
geometry	data/patches/auto_grown_20260420145204805_region_002/meta.json	d7401a7087710875e8e168e6d30410919d1739b9	16604	e9143783f0d78424ad0070847965333dd7faa3d1fb4d3386a79e7c5066ff54c1	hf://scrollprize/datasets/spiral/PHercParis4/unverified_patches/auto_grown_20260420145204805_region_002/meta.json
geometry	data/patches/auto_grown_20260420145204805_region_002/x.tif	d7401a7087710875e8e168e6d30410919d1739b9	7354	04b49917e628236d912b841d63e714c69eed4adb72c9bff0ba3c5c156a26fb4c	hf://scrollprize/datasets/spiral/PHercParis4/unverified_patches/auto_grown_20260420145204805_region_002/x.tif
geometry	data/patches/auto_grown_20260420145204805_region_002/y.tif	d7401a7087710875e8e168e6d30410919d1739b9	7354	912ea07a42bd045d3a85b9a409e39a13e3d714e18a3a2545ecaf1989e607349e	hf://scrollprize/datasets/spiral/PHercParis4/unverified_patches/auto_grown_20260420145204805_region_002/y.tif
geometry	data/patches/auto_grown_20260420145204805_region_002/z.tif	d7401a7087710875e8e168e6d30410919d1739b9	7354	6bde3cb36e51e28c3e23d319699b2e62c9e59138534c270aee860c93a090c062	hf://scrollprize/datasets/spiral/PHercParis4/unverified_patches/auto_grown_20260420145204805_region_002/z.tif
geometry	data/patches/auto_grown_20260420145708194_region_004/mask.tif	d7401a7087710875e8e168e6d30410919d1739b9	488	eb111a66460ae8d76da378c6a64a374685fc490f27e3679790cbd054b6b56f60	hf://scrollprize/datasets/spiral/PHercParis4/unverified_patches/auto_grown_20260420145708194_region_004/mask.tif
geometry	data/patches/auto_grown_20260420145708194_region_004/meta.json	d7401a7087710875e8e168e6d30410919d1739b9	17026	8c19aee8c7567c34dcb1942aa9ae43dfe6884157d132ace3ac10a680d62ae3c1	hf://scrollprize/datasets/spiral/PHercParis4/unverified_patches/auto_grown_20260420145708194_region_004/meta.json
geometry	data/patches/auto_grown_20260420145708194_region_004/x.tif	d7401a7087710875e8e168e6d30410919d1739b9	2730	48f19be7193d58e6efd6d291fae22ce4bad602d991deddc3e912274d4cab146f	hf://scrollprize/datasets/spiral/PHercParis4/unverified_patches/auto_grown_20260420145708194_region_004/x.tif
geometry	data/patches/auto_grown_20260420145708194_region_004/y.tif	d7401a7087710875e8e168e6d30410919d1739b9	2730	4ea4a25fd2c236baf5e5cbd3c058e75111426d7c664fa22e4472919d62e7c2f3	hf://scrollprize/datasets/spiral/PHercParis4/unverified_patches/auto_grown_20260420145708194_region_004/y.tif
geometry	data/patches/auto_grown_20260420145708194_region_004/z.tif	d7401a7087710875e8e168e6d30410919d1739b9	2730	19fe6c800a48448a3744cd3b9aaa1b4859c567e79ad5bda671b1981ab3a2c92c	hf://scrollprize/datasets/spiral/PHercParis4/unverified_patches/auto_grown_20260420145708194_region_004/z.tif
geometry	data/patches/auto_grown_20260420145726015_region_001/mask.tif	d7401a7087710875e8e168e6d30410919d1739b9	402	7dcbcd5577210105186c6007c6086769f00fd3f3aa78cb68cf2f4848822fd31f	hf://scrollprize/datasets/spiral/PHercParis4/unverified_patches/auto_grown_20260420145726015_region_001/mask.tif
geometry	data/patches/auto_grown_20260420145726015_region_001/meta.json	d7401a7087710875e8e168e6d30410919d1739b9	16990	4563a14185b16fc2980d083173f884d716b5533d7afda090079560a2c33b6cad	hf://scrollprize/datasets/spiral/PHercParis4/unverified_patches/auto_grown_20260420145726015_region_001/meta.json
geometry	data/patches/auto_grown_20260420145726015_region_001/x.tif	d7401a7087710875e8e168e6d30410919d1739b9	3346	1bfe1216b82b2e402226937406bb6d6baa3adea46b0d575a45ebf6fd4a1254c5	hf://scrollprize/datasets/spiral/PHercParis4/unverified_patches/auto_grown_20260420145726015_region_001/x.tif
geometry	data/patches/auto_grown_20260420145726015_region_001/y.tif	d7401a7087710875e8e168e6d30410919d1739b9	3346	cfc3b1d1a9e6a7b7f875064e428c48032a1ba0b1ce36e240c98d281001a3dbf5	hf://scrollprize/datasets/spiral/PHercParis4/unverified_patches/auto_grown_20260420145726015_region_001/y.tif
geometry	data/patches/auto_grown_20260420145726015_region_001/z.tif	d7401a7087710875e8e168e6d30410919d1739b9	3346	dc1074d62c1be0985435eac3447d49a3d995b75225b445b1638ece37cb6d4c76	hf://scrollprize/datasets/spiral/PHercParis4/unverified_patches/auto_grown_20260420145726015_region_001/z.tif
geometry	data/patches/auto_grown_20260420150005291_region_003/mask.tif	d7401a7087710875e8e168e6d30410919d1739b9	578	7738e5591c5cdfda4758e6d0630133ece63965c6e85cf4e95d643d94cba29f9d	hf://scrollprize/datasets/spiral/PHercParis4/unverified_patches/auto_grown_20260420150005291_region_003/mask.tif
geometry	data/patches/auto_grown_20260420150005291_region_003/meta.json	d7401a7087710875e8e168e6d30410919d1739b9	17058	a637554d4582a63c7544fb4a820731d7f9cc9ab5961f0140bc5caf574da47c34	hf://scrollprize/datasets/spiral/PHercParis4/unverified_patches/auto_grown_20260420150005291_region_003/meta.json
geometry	data/patches/auto_grown_20260420150005291_region_003/x.tif	d7401a7087710875e8e168e6d30410919d1739b9	5558	8ff7c836f4f450136e6a20e4da8018cc0a140ad32ae81d424a09056a60fcaf22	hf://scrollprize/datasets/spiral/PHercParis4/unverified_patches/auto_grown_20260420150005291_region_003/x.tif
geometry	data/patches/auto_grown_20260420150005291_region_003/y.tif	d7401a7087710875e8e168e6d30410919d1739b9	5558	3cb69d2487bf060adbf5583366a54acabfae16a67fe5e24608971e6ab1dec21d	hf://scrollprize/datasets/spiral/PHercParis4/unverified_patches/auto_grown_20260420150005291_region_003/y.tif
geometry	data/patches/auto_grown_20260420150005291_region_003/z.tif	d7401a7087710875e8e168e6d30410919d1739b9	5558	783f2e432fafdb7177be3f1ab22bc6ef9c42a08479753d64289b1f756cb056af	hf://scrollprize/datasets/spiral/PHercParis4/unverified_patches/auto_grown_20260420150005291_region_003/z.tif
geometry	data/patches/auto_grown_20260420150104979_region_000/mask.tif	d7401a7087710875e8e168e6d30410919d1739b9	706	b31877a1fb5dffe4d221bdd3cffbc4a145dfc828882800cc7a49db7316e56d06	hf://scrollprize/datasets/spiral/PHercParis4/unverified_patches/auto_grown_20260420150104979_region_000/mask.tif
geometry	data/patches/auto_grown_20260420150104979_region_000/meta.json	d7401a7087710875e8e168e6d30410919d1739b9	16956	e71fb72c76c9124ed6b86ff2e011edf89335e5e7830cae4eb3081090dc46acc4	hf://scrollprize/datasets/spiral/PHercParis4/unverified_patches/auto_grown_20260420150104979_region_000/meta.json
geometry	data/patches/auto_grown_20260420150104979_region_000/x.tif	d7401a7087710875e8e168e6d30410919d1739b9	10746	c34c0dc529019d385bf26585b56d974735044ceae29e1391edd5bf154f35597c	hf://scrollprize/datasets/spiral/PHercParis4/unverified_patches/auto_grown_20260420150104979_region_000/x.tif
geometry	data/patches/auto_grown_20260420150104979_region_000/y.tif	d7401a7087710875e8e168e6d30410919d1739b9	10746	3e665f48c3a41874d0a3484178e8e9cfc67142dcaf2f2e9b66654e51669baf02	hf://scrollprize/datasets/spiral/PHercParis4/unverified_patches/auto_grown_20260420150104979_region_000/y.tif
geometry	data/patches/auto_grown_20260420150104979_region_000/z.tif	d7401a7087710875e8e168e6d30410919d1739b9	10746	e2cb8f75503a5f03cd032063179f6a41bf8ddf15412a2425d95036ee8f168cc2	hf://scrollprize/datasets/spiral/PHercParis4/unverified_patches/auto_grown_20260420150104979_region_000/z.tif
geometry	data/patches/auto_grown_20260420150509376_region_001/mask.tif	d7401a7087710875e8e168e6d30410919d1739b9	593	43d0bff7194df5ef75fb91c62107717664ed4c562bfc9ca84686171440fa0029	hf://scrollprize/datasets/spiral/PHercParis4/unverified_patches/auto_grown_20260420150509376_region_001/mask.tif
geometry	data/patches/auto_grown_20260420150509376_region_001/meta.json	d7401a7087710875e8e168e6d30410919d1739b9	16800	6f707f7dcf2791696316c4b3ced37a336a348adae308eb4a2abc076f9a1b9062	hf://scrollprize/datasets/spiral/PHercParis4/unverified_patches/auto_grown_20260420150509376_region_001/meta.json
geometry	data/patches/auto_grown_20260420150509376_region_001/x.tif	d7401a7087710875e8e168e6d30410919d1739b9	6542	4f59e62fb00921be68263594d663652af28c8845068bdad49bc59918fa89e7d3	hf://scrollprize/datasets/spiral/PHercParis4/unverified_patches/auto_grown_20260420150509376_region_001/x.tif
geometry	data/patches/auto_grown_20260420150509376_region_001/y.tif	d7401a7087710875e8e168e6d30410919d1739b9	6542	a7d003736ce4598c77651d7e2adad0dce29dfb14ab259957b85f13f9b0ba9220	hf://scrollprize/datasets/spiral/PHercParis4/unverified_patches/auto_grown_20260420150509376_region_001/y.tif
geometry	data/patches/auto_grown_20260420150509376_region_001/z.tif	d7401a7087710875e8e168e6d30410919d1739b9	6542	8b2a115fe5a2dbff2ee52fb8da408e81de1938bf3fb8e04ef626a4abc63dd816	hf://scrollprize/datasets/spiral/PHercParis4/unverified_patches/auto_grown_20260420150509376_region_001/z.tif
geometry	data/patches/auto_grown_20260420150806779_region_001/mask.tif	d7401a7087710875e8e168e6d30410919d1739b9	582	2b33eecc6d916e9aa926ff3606c143cefbda7581d5d17949ec437509ceaa55d2	hf://scrollprize/datasets/spiral/PHercParis4/unverified_patches/auto_grown_20260420150806779_region_001/mask.tif
geometry	data/patches/auto_grown_20260420150806779_region_001/meta.json	d7401a7087710875e8e168e6d30410919d1739b9	17089	f8768fc1e11a62a01c3f1cffd1c2eeee78663c4641ec378fb1ae654d23a325cb	hf://scrollprize/datasets/spiral/PHercParis4/unverified_patches/auto_grown_20260420150806779_region_001/meta.json
geometry	data/patches/auto_grown_20260420150806779_region_001/x.tif	d7401a7087710875e8e168e6d30410919d1739b9	5906	0cdcbe5c503cf4cc9b8b70d915eaf7255b70e0e0286ec81d1490558e964ecee0	hf://scrollprize/datasets/spiral/PHercParis4/unverified_patches/auto_grown_20260420150806779_region_001/x.tif
geometry	data/patches/auto_grown_20260420150806779_region_001/y.tif	d7401a7087710875e8e168e6d30410919d1739b9	5906	fff21ab992b027ef999e2f68d1f5ed4edbdc7ff3ca18537e627017a1f3cd4948	hf://scrollprize/datasets/spiral/PHercParis4/unverified_patches/auto_grown_20260420150806779_region_001/y.tif
geometry	data/patches/auto_grown_20260420150806779_region_001/z.tif	d7401a7087710875e8e168e6d30410919d1739b9	5906	984aa609d294a6e2bc4e5212afdc57a2601c2241900d0dbb359a98c8aa2a8432	hf://scrollprize/datasets/spiral/PHercParis4/unverified_patches/auto_grown_20260420150806779_region_001/z.tif
geometry	data/patches/auto_grown_20260420151154435_region_001/mask.tif	d7401a7087710875e8e168e6d30410919d1739b9	434	39f0099c7ab658b713c64ebf532e50295cbe78e94fb91228bd8ecd033897b3b6	hf://scrollprize/datasets/spiral/PHercParis4/unverified_patches/auto_grown_20260420151154435_region_001/mask.tif
geometry	data/patches/auto_grown_20260420151154435_region_001/meta.json	d7401a7087710875e8e168e6d30410919d1739b9	16744	86a2993f94e8e679a54b2bccfb88d871919b746055f2e6eaa529c4af10da877a	hf://scrollprize/datasets/spiral/PHercParis4/unverified_patches/auto_grown_20260420151154435_region_001/meta.json
geometry	data/patches/auto_grown_20260420151154435_region_001/x.tif	d7401a7087710875e8e168e6d30410919d1739b9	6034	00cc04b01c911b53997aeb4540fd139c8d859cea904183cd4de2721c03ef2786	hf://scrollprize/datasets/spiral/PHercParis4/unverified_patches/auto_grown_20260420151154435_region_001/x.tif
geometry	data/patches/auto_grown_20260420151154435_region_001/y.tif	d7401a7087710875e8e168e6d30410919d1739b9	6034	f2728f2af7a5b8f63cac7a648205f65b0f568beecbedd1d40d9664feacfa99ca	hf://scrollprize/datasets/spiral/PHercParis4/unverified_patches/auto_grown_20260420151154435_region_001/y.tif
geometry	data/patches/auto_grown_20260420151154435_region_001/z.tif	d7401a7087710875e8e168e6d30410919d1739b9	6034	f2cda5e47864a1b3ac84e7db93bb1c3b63e09b92e023953c62c8bcc98e82a395	hf://scrollprize/datasets/spiral/PHercParis4/unverified_patches/auto_grown_20260420151154435_region_001/z.tif
geometry	data/patches/auto_grown_20260420151301833_region_002/mask.tif	d7401a7087710875e8e168e6d30410919d1739b9	936	582428ff91cc2c9ec4b81dc25aea1aebe4cf3543cb703642ae68743d4b9c6ca7	hf://scrollprize/datasets/spiral/PHercParis4/unverified_patches/auto_grown_20260420151301833_region_002/mask.tif
geometry	data/patches/auto_grown_20260420151301833_region_002/meta.json	d7401a7087710875e8e168e6d30410919d1739b9	16953	edbec498f25684abedbe45e34178846c3d423cfa50331bf349b04a9dfe6fc9fd	hf://scrollprize/datasets/spiral/PHercParis4/unverified_patches/auto_grown_20260420151301833_region_002/meta.json
geometry	data/patches/auto_grown_20260420151301833_region_002/x.tif	d7401a7087710875e8e168e6d30410919d1739b9	24966	dd44ad58bed2eac619fb98cfd0d0dc7775f4d57edde9e435813cf07b29646e28	hf://scrollprize/datasets/spiral/PHercParis4/unverified_patches/auto_grown_20260420151301833_region_002/x.tif
geometry	data/patches/auto_grown_20260420151301833_region_002/y.tif	d7401a7087710875e8e168e6d30410919d1739b9	24966	ff1f31073a18f288cbd49970c5117bdad56a6ff1dfcf48aae6f31d4f7cc68d0e	hf://scrollprize/datasets/spiral/PHercParis4/unverified_patches/auto_grown_20260420151301833_region_002/y.tif
geometry	data/patches/auto_grown_20260420151301833_region_002/z.tif	d7401a7087710875e8e168e6d30410919d1739b9	24966	323f829c7106abd8cabc81d76f09137e9d3e6c8aa1ccea7f174bae83471a9ece	hf://scrollprize/datasets/spiral/PHercParis4/unverified_patches/auto_grown_20260420151301833_region_002/z.tif
geometry	data/patches/auto_grown_20260420151438950_region_000/mask.tif	d7401a7087710875e8e168e6d30410919d1739b9	1226	b540c87919d9370d31fee4bf9258ae0ef6123bcab5cccf9c48e90d746bb7b290	hf://scrollprize/datasets/spiral/PHercParis4/unverified_patches/auto_grown_20260420151438950_region_000/mask.tif
geometry	data/patches/auto_grown_20260420151438950_region_000/meta.json	d7401a7087710875e8e168e6d30410919d1739b9	17030	12317dc5338d9e2ec290644cbb75fc91b7fa69fbf1d43620d776f3b38d109ce2	hf://scrollprize/datasets/spiral/PHercParis4/unverified_patches/auto_grown_20260420151438950_region_000/meta.json
geometry	data/patches/auto_grown_20260420151438950_region_000/x.tif	d7401a7087710875e8e168e6d30410919d1739b9	47018	8ab6cdfac2aa1ff1452d42621e399efc4f484b277ad8a4cf78efdfe97a94d33b	hf://scrollprize/datasets/spiral/PHercParis4/unverified_patches/auto_grown_20260420151438950_region_000/x.tif
geometry	data/patches/auto_grown_20260420151438950_region_000/y.tif	d7401a7087710875e8e168e6d30410919d1739b9	47018	3f785c63e21da11b20f922ad78c867b412ec52cfcce9d1655483191ce57e660a	hf://scrollprize/datasets/spiral/PHercParis4/unverified_patches/auto_grown_20260420151438950_region_000/y.tif
geometry	data/patches/auto_grown_20260420151438950_region_000/z.tif	d7401a7087710875e8e168e6d30410919d1739b9	47018	9b691f4fb71482ae34ad173212c90b0e0251d9830b8ceb0f2a10fc087e4ab1c8	hf://scrollprize/datasets/spiral/PHercParis4/unverified_patches/auto_grown_20260420151438950_region_000/z.tif
geometry	data/patches/auto_grown_20260420151935591_region_003/mask.tif	d7401a7087710875e8e168e6d30410919d1739b9	660	99a13631e948fd3669eacee50d00bf8ce5f718a427e4488f086e09d67ee311ab	hf://scrollprize/datasets/spiral/PHercParis4/unverified_patches/auto_grown_20260420151935591_region_003/mask.tif
geometry	data/patches/auto_grown_20260420151935591_region_003/meta.json	d7401a7087710875e8e168e6d30410919d1739b9	16873	33f6926babb1b22a129639f07c06167230ffb5f1516701ba80d2546eee33b821	hf://scrollprize/datasets/spiral/PHercParis4/unverified_patches/auto_grown_20260420151935591_region_003/meta.json
geometry	data/patches/auto_grown_20260420151935591_region_003/x.tif	d7401a7087710875e8e168e6d30410919d1739b9	9266	faf007714dca815c3f29d9487562dac678d9ac2fb08fedb36a7970bd6761964d	hf://scrollprize/datasets/spiral/PHercParis4/unverified_patches/auto_grown_20260420151935591_region_003/x.tif
geometry	data/patches/auto_grown_20260420151935591_region_003/y.tif	d7401a7087710875e8e168e6d30410919d1739b9	9266	96969e645685a49a040919f588c6dcb3e8c6bf5aed04f178ae6d7c60b9dbd934	hf://scrollprize/datasets/spiral/PHercParis4/unverified_patches/auto_grown_20260420151935591_region_003/y.tif
geometry	data/patches/auto_grown_20260420151935591_region_003/z.tif	d7401a7087710875e8e168e6d30410919d1739b9	9266	7ffa9d6593aff42d4c78c4c712616a841ba586438b262c991f669040d48f1c27	hf://scrollprize/datasets/spiral/PHercParis4/unverified_patches/auto_grown_20260420151935591_region_003/z.tif
geometry	data/patches/auto_grown_20260420152313514_region_002/mask.tif	d7401a7087710875e8e168e6d30410919d1739b9	364	020c2abece736c71df95a425fdcb0f2b4b3fbbe25f0aa2441a5f40a47a5139c4	hf://scrollprize/datasets/spiral/PHercParis4/unverified_patches/auto_grown_20260420152313514_region_002/mask.tif
geometry	data/patches/auto_grown_20260420152313514_region_002/meta.json	d7401a7087710875e8e168e6d30410919d1739b9	17231	ae8d052f8d849f450d73ffdc0ebed68c28d00614fae336f317feab0afd789bd4	hf://scrollprize/datasets/spiral/PHercParis4/unverified_patches/auto_grown_20260420152313514_region_002/meta.json
geometry	data/patches/auto_grown_20260420152313514_region_002/x.tif	d7401a7087710875e8e168e6d30410919d1739b9	3090	78627d9ba7525f0c9185ae8f44be2764e61e97d51923346baf9072e6d55bda21	hf://scrollprize/datasets/spiral/PHercParis4/unverified_patches/auto_grown_20260420152313514_region_002/x.tif
geometry	data/patches/auto_grown_20260420152313514_region_002/y.tif	d7401a7087710875e8e168e6d30410919d1739b9	3090	5f6f0bacd8a5fc89c279fabea7bf7f81cffe75566f3684e1f3225318efb562da	hf://scrollprize/datasets/spiral/PHercParis4/unverified_patches/auto_grown_20260420152313514_region_002/y.tif
geometry	data/patches/auto_grown_20260420152313514_region_002/z.tif	d7401a7087710875e8e168e6d30410919d1739b9	3090	907b79f2815d4aa2e9d471cfbe09598161434eaeba527d99e474b92f7cc0714b	hf://scrollprize/datasets/spiral/PHercParis4/unverified_patches/auto_grown_20260420152313514_region_002/z.tif
geometry	data/patches/auto_grown_20260420152611002_region_000/mask.tif	d7401a7087710875e8e168e6d30410919d1739b9	460	d4c70e9611899683019a21954e0a9dd4e3ad61a5d1b2e4821ff11bbe790131af	hf://scrollprize/datasets/spiral/PHercParis4/unverified_patches/auto_grown_20260420152611002_region_000/mask.tif
geometry	data/patches/auto_grown_20260420152611002_region_000/meta.json	d7401a7087710875e8e168e6d30410919d1739b9	17156	9576f61e75d13dfff51d5c267731fa9d1dea1a0eba172a4ec8bd3b02ad496eb5	hf://scrollprize/datasets/spiral/PHercParis4/unverified_patches/auto_grown_20260420152611002_region_000/meta.json
geometry	data/patches/auto_grown_20260420152611002_region_000/x.tif	d7401a7087710875e8e168e6d30410919d1739b9	3386	f82c9e7e9be84ba11d52291e9b4b1ba4ccbb32cf19e423726e6616622713e9c9	hf://scrollprize/datasets/spiral/PHercParis4/unverified_patches/auto_grown_20260420152611002_region_000/x.tif
geometry	data/patches/auto_grown_20260420152611002_region_000/y.tif	d7401a7087710875e8e168e6d30410919d1739b9	3386	ff64e58bde7afcf2104d34fff0976b2ea55dd3de7eb21c7d12071b7f3ef38208	hf://scrollprize/datasets/spiral/PHercParis4/unverified_patches/auto_grown_20260420152611002_region_000/y.tif
geometry	data/patches/auto_grown_20260420152611002_region_000/z.tif	d7401a7087710875e8e168e6d30410919d1739b9	3386	b89692726b766d3c75be775f31bf4b27ee2c77b0f9cc9b123aa76b9fc7442b06	hf://scrollprize/datasets/spiral/PHercParis4/unverified_patches/auto_grown_20260420152611002_region_000/z.tif
geometry	data/patches/auto_grown_20260420153233900_region_003/mask.tif	d7401a7087710875e8e168e6d30410919d1739b9	463	44b2046d2fab026f25533547dbe65bf767186f2a93149cb4794b6a76bf53ac36	hf://scrollprize/datasets/spiral/PHercParis4/unverified_patches/auto_grown_20260420153233900_region_003/mask.tif
geometry	data/patches/auto_grown_20260420153233900_region_003/meta.json	d7401a7087710875e8e168e6d30410919d1739b9	16765	b3ba4d3aace14cf329f8d816843cdf34de66da57a16d5cf992170055f782f4b2	hf://scrollprize/datasets/spiral/PHercParis4/unverified_patches/auto_grown_20260420153233900_region_003/meta.json
geometry	data/patches/auto_grown_20260420153233900_region_003/x.tif	d7401a7087710875e8e168e6d30410919d1739b9	3058	307d83217d13bccfdbfc1dc599ef373b5856c19eb6c1ff3cb9be86bcfbd41b66	hf://scrollprize/datasets/spiral/PHercParis4/unverified_patches/auto_grown_20260420153233900_region_003/x.tif
geometry	data/patches/auto_grown_20260420153233900_region_003/y.tif	d7401a7087710875e8e168e6d30410919d1739b9	3058	0818665ab1609f1eb9ba77fcd784fcc817176535cce986091f642158270f13a5	hf://scrollprize/datasets/spiral/PHercParis4/unverified_patches/auto_grown_20260420153233900_region_003/y.tif
geometry	data/patches/auto_grown_20260420153233900_region_003/z.tif	d7401a7087710875e8e168e6d30410919d1739b9	3058	5c1a69f7562d1b8222c487f91f4bea56fa6f881d65968a0df3c19ce2c6fc47ec	hf://scrollprize/datasets/spiral/PHercParis4/unverified_patches/auto_grown_20260420153233900_region_003/z.tif
geometry	data/patches/auto_grown_20260420154203919_region_002/mask.tif	d7401a7087710875e8e168e6d30410919d1739b9	728	77c981c7e6c40de83a75cd67031aeae546ed72f44639b3c0253131aedde26077	hf://scrollprize/datasets/spiral/PHercParis4/unverified_patches/auto_grown_20260420154203919_region_002/mask.tif
geometry	data/patches/auto_grown_20260420154203919_region_002/meta.json	d7401a7087710875e8e168e6d30410919d1739b9	16743	1b37af135958b71e83743c28012bfada3e26076bf5872e34bbfafcaf14cb40a8	hf://scrollprize/datasets/spiral/PHercParis4/unverified_patches/auto_grown_20260420154203919_region_002/meta.json
geometry	data/patches/auto_grown_20260420154203919_region_002/x.tif	d7401a7087710875e8e168e6d30410919d1739b9	11594	eb2453881d28392124c2e98421b869f9afec5dab838a6eb36cb2d69962e67c92	hf://scrollprize/datasets/spiral/PHercParis4/unverified_patches/auto_grown_20260420154203919_region_002/x.tif
geometry	data/patches/auto_grown_20260420154203919_region_002/y.tif	d7401a7087710875e8e168e6d30410919d1739b9	11594	ac9fee4e86a9eb6be3bd995931e29999d77e27e9b5c84ab9e4bdcf31c94d0dca	hf://scrollprize/datasets/spiral/PHercParis4/unverified_patches/auto_grown_20260420154203919_region_002/y.tif
geometry	data/patches/auto_grown_20260420154203919_region_002/z.tif	d7401a7087710875e8e168e6d30410919d1739b9	11594	685adbb2e12ef9caeeaef2cb01dfef8784cde16e83bf799a92cd3c8441bf6a2b	hf://scrollprize/datasets/spiral/PHercParis4/unverified_patches/auto_grown_20260420154203919_region_002/z.tif
geometry	data/patches/auto_grown_20260420154248840_region_000/mask.tif	d7401a7087710875e8e168e6d30410919d1739b9	1271	a0cdfba883aeb6ca24f9e45063c63e18a50bb1e9db2495899574202a5f036a5a	hf://scrollprize/datasets/spiral/PHercParis4/unverified_patches/auto_grown_20260420154248840_region_000/mask.tif
geometry	data/patches/auto_grown_20260420154248840_region_000/meta.json	d7401a7087710875e8e168e6d30410919d1739b9	16896	900493e02f2c67c0e2835c6b2fa3948de4e38ec5906561d64b9e0362a6ac9e3c	hf://scrollprize/datasets/spiral/PHercParis4/unverified_patches/auto_grown_20260420154248840_region_000/meta.json
geometry	data/patches/auto_grown_20260420154248840_region_000/x.tif	d7401a7087710875e8e168e6d30410919d1739b9	38398	1dc334d91b885d62d5686483c6e252eb094107697a36e3b88aa4d8afbdcd792c	hf://scrollprize/datasets/spiral/PHercParis4/unverified_patches/auto_grown_20260420154248840_region_000/x.tif
geometry	data/patches/auto_grown_20260420154248840_region_000/y.tif	d7401a7087710875e8e168e6d30410919d1739b9	38398	ecd7ad59ff40879dcdc956ab514726235314c4d49b6deb710e1df8e63ae45da1	hf://scrollprize/datasets/spiral/PHercParis4/unverified_patches/auto_grown_20260420154248840_region_000/y.tif
geometry	data/patches/auto_grown_20260420154248840_region_000/z.tif	d7401a7087710875e8e168e6d30410919d1739b9	38398	46e2ac51eaaec6ed790f2936a7828fc63002965ddde10cd042605fe0dd488d11	hf://scrollprize/datasets/spiral/PHercParis4/unverified_patches/auto_grown_20260420154248840_region_000/z.tif
geometry	data/patches/auto_grown_20260420154910784_region_003/mask.tif	d7401a7087710875e8e168e6d30410919d1739b9	606	e8fca96b53f91dd90cdf2d75f86c78bbc1980bde01f0f449ba1372f98ce30fa7	hf://scrollprize/datasets/spiral/PHercParis4/unverified_patches/auto_grown_20260420154910784_region_003/mask.tif
geometry	data/patches/auto_grown_20260420154910784_region_003/meta.json	d7401a7087710875e8e168e6d30410919d1739b9	16888	b698758833e6d99f031bbb492354964d7af836f1528af2413da7075c87430af0	hf://scrollprize/datasets/spiral/PHercParis4/unverified_patches/auto_grown_20260420154910784_region_003/meta.json
geometry	data/patches/auto_grown_20260420154910784_region_003/x.tif	d7401a7087710875e8e168e6d30410919d1739b9	7138	42aff2adb602065c835dcbac8dc50a0d3a6d7c84e7dfdb43e147f62931dbcd83	hf://scrollprize/datasets/spiral/PHercParis4/unverified_patches/auto_grown_20260420154910784_region_003/x.tif
geometry	data/patches/auto_grown_20260420154910784_region_003/y.tif	d7401a7087710875e8e168e6d30410919d1739b9	7138	cd8454ae95c7ac6f4e54f5fb15c7682e30d26ba76c37d82b91f1c83c70ed129c	hf://scrollprize/datasets/spiral/PHercParis4/unverified_patches/auto_grown_20260420154910784_region_003/y.tif
geometry	data/patches/auto_grown_20260420154910784_region_003/z.tif	d7401a7087710875e8e168e6d30410919d1739b9	7138	4ba8976a2c5947b3f10b3a5f9babc8a4a296893f10f7244bfa2e1913f408b392	hf://scrollprize/datasets/spiral/PHercParis4/unverified_patches/auto_grown_20260420154910784_region_003/z.tif
geometry	data/patches/auto_grown_20260420163352533_region_001/mask.tif	d7401a7087710875e8e168e6d30410919d1739b9	745	8255592d9c01da3cd52a3af62a0ce3852cccba13d416731041de63995a7dd16f	hf://scrollprize/datasets/spiral/PHercParis4/unverified_patches/auto_grown_20260420163352533_region_001/mask.tif
geometry	data/patches/auto_grown_20260420163352533_region_001/meta.json	d7401a7087710875e8e168e6d30410919d1739b9	16884	74823863c3c0f16dc874dc83a1917b962cdf8ff72aefd65cce7dec96ad68037e	hf://scrollprize/datasets/spiral/PHercParis4/unverified_patches/auto_grown_20260420163352533_region_001/meta.json
geometry	data/patches/auto_grown_20260420163352533_region_001/x.tif	d7401a7087710875e8e168e6d30410919d1739b9	12746	ae952a70650a558955d02f9e1cf3689ff76f2526ff6315b2e5fbd5515975821b	hf://scrollprize/datasets/spiral/PHercParis4/unverified_patches/auto_grown_20260420163352533_region_001/x.tif
geometry	data/patches/auto_grown_20260420163352533_region_001/y.tif	d7401a7087710875e8e168e6d30410919d1739b9	12746	2d0268ff713863bac104d87f9afb23c462f694b8aa99ecfc5a63a51993c876b6	hf://scrollprize/datasets/spiral/PHercParis4/unverified_patches/auto_grown_20260420163352533_region_001/y.tif
geometry	data/patches/auto_grown_20260420163352533_region_001/z.tif	d7401a7087710875e8e168e6d30410919d1739b9	12746	c2fb6a46fa124077555ae1bb83b9089ebc37a044f75adc192aaa1da38a600740	hf://scrollprize/datasets/spiral/PHercParis4/unverified_patches/auto_grown_20260420163352533_region_001/z.tif
geometry	data/patches/auto_grown_20260420163723467_region_001/mask.tif	d7401a7087710875e8e168e6d30410919d1739b9	780	f7f3919bbf350e53dc4dc24dfd33336793b7116ef3c35ff5c65069c46548bd47	hf://scrollprize/datasets/spiral/PHercParis4/unverified_patches/auto_grown_20260420163723467_region_001/mask.tif
geometry	data/patches/auto_grown_20260420163723467_region_001/meta.json	d7401a7087710875e8e168e6d30410919d1739b9	16950	88138b0b92000e86058c2c17cfde0212537be2f42e313565555bed911fbb839c	hf://scrollprize/datasets/spiral/PHercParis4/unverified_patches/auto_grown_20260420163723467_region_001/meta.json
geometry	data/patches/auto_grown_20260420163723467_region_001/x.tif	d7401a7087710875e8e168e6d30410919d1739b9	15986	d7a0f60b67dad54bb8d0ed0e6288cd8959089c290826d91a27d1440e3781b154	hf://scrollprize/datasets/spiral/PHercParis4/unverified_patches/auto_grown_20260420163723467_region_001/x.tif
geometry	data/patches/auto_grown_20260420163723467_region_001/y.tif	d7401a7087710875e8e168e6d30410919d1739b9	15986	5b7a6f4e972953a9efa7149ff19f610033135db090ba69c5eaffca65110587fb	hf://scrollprize/datasets/spiral/PHercParis4/unverified_patches/auto_grown_20260420163723467_region_001/y.tif
geometry	data/patches/auto_grown_20260420163723467_region_001/z.tif	d7401a7087710875e8e168e6d30410919d1739b9	15986	5482cddcf5ce3cead8d3a52e1d6ef9529bd3de03c0267a0729473ca69265cf44	hf://scrollprize/datasets/spiral/PHercParis4/unverified_patches/auto_grown_20260420163723467_region_001/z.tif
geometry	data/patches/auto_grown_20260420163904015_region_003/mask.tif	d7401a7087710875e8e168e6d30410919d1739b9	589	3da1feb6bff0854224b1184074152b655edb2aeb5c807ddb21644e9403e656ee	hf://scrollprize/datasets/spiral/PHercParis4/unverified_patches/auto_grown_20260420163904015_region_003/mask.tif
geometry	data/patches/auto_grown_20260420163904015_region_003/meta.json	d7401a7087710875e8e168e6d30410919d1739b9	16868	2e81b752c26eb31e1bd58911b6765b5742aa64b1745939286d995c859874d73e	hf://scrollprize/datasets/spiral/PHercParis4/unverified_patches/auto_grown_20260420163904015_region_003/meta.json
geometry	data/patches/auto_grown_20260420163904015_region_003/x.tif	d7401a7087710875e8e168e6d30410919d1739b9	6226	bf74cc8127cad472360c342437f96576a972157b198f1f2a42d9b47a655e1e37	hf://scrollprize/datasets/spiral/PHercParis4/unverified_patches/auto_grown_20260420163904015_region_003/x.tif
geometry	data/patches/auto_grown_20260420163904015_region_003/y.tif	d7401a7087710875e8e168e6d30410919d1739b9	6226	80042a7e72b9d121a07e1a0371de5e2edec7cafecf91c82fbdaed08d2190be04	hf://scrollprize/datasets/spiral/PHercParis4/unverified_patches/auto_grown_20260420163904015_region_003/y.tif
geometry	data/patches/auto_grown_20260420163904015_region_003/z.tif	d7401a7087710875e8e168e6d30410919d1739b9	6226	f0243ac5adb54cf16c48e56f656889eb5cd11d8b6d60912a520324be0de30466	hf://scrollprize/datasets/spiral/PHercParis4/unverified_patches/auto_grown_20260420163904015_region_003/z.tif
geometry	data/patches/auto_grown_20260420164033182_region_002/mask.tif	d7401a7087710875e8e168e6d30410919d1739b9	461	1c05d5484fce615a4e3973eb0127abd399419020ca44e7a44e4f9f640da8cac6	hf://scrollprize/datasets/spiral/PHercParis4/unverified_patches/auto_grown_20260420164033182_region_002/mask.tif
geometry	data/patches/auto_grown_20260420164033182_region_002/meta.json	d7401a7087710875e8e168e6d30410919d1739b9	17184	bd31403f1a0efdc01d4d346bf88ba4fb6c3a3ceb869451a934f0c1b89a4069d6	hf://scrollprize/datasets/spiral/PHercParis4/unverified_patches/auto_grown_20260420164033182_region_002/meta.json
geometry	data/patches/auto_grown_20260420164033182_region_002/x.tif	d7401a7087710875e8e168e6d30410919d1739b9	2998	0043c5bcb316afebd688b1d9b7fda4e15f96c0ca7496f1128d533ac5df52ab6c	hf://scrollprize/datasets/spiral/PHercParis4/unverified_patches/auto_grown_20260420164033182_region_002/x.tif
geometry	data/patches/auto_grown_20260420164033182_region_002/y.tif	d7401a7087710875e8e168e6d30410919d1739b9	2998	40ff07767a4c2fd7f5ed91e0fe86f404c32df8be595a8d97753604c00fe24892	hf://scrollprize/datasets/spiral/PHercParis4/unverified_patches/auto_grown_20260420164033182_region_002/y.tif
geometry	data/patches/auto_grown_20260420164033182_region_002/z.tif	d7401a7087710875e8e168e6d30410919d1739b9	2998	d5155efeacb384d7400a0694684537ec5279fa68a029e0772036908843e16ca8	hf://scrollprize/datasets/spiral/PHercParis4/unverified_patches/auto_grown_20260420164033182_region_002/z.tif
geometry	data/patches/auto_grown_20260420165215090_region_000/mask.tif	d7401a7087710875e8e168e6d30410919d1739b9	947	3823d333216892e9aafe42775b8d8652d04bf93bc0eda8d49bfff5778cf4ac4e	hf://scrollprize/datasets/spiral/PHercParis4/unverified_patches/auto_grown_20260420165215090_region_000/mask.tif
geometry	data/patches/auto_grown_20260420165215090_region_000/meta.json	d7401a7087710875e8e168e6d30410919d1739b9	16989	7c54dc220009273189b3115c1c06b63250f39782ae9853af63bdc63712ec7244	hf://scrollprize/datasets/spiral/PHercParis4/unverified_patches/auto_grown_20260420165215090_region_000/meta.json
geometry	data/patches/auto_grown_20260420165215090_region_000/x.tif	d7401a7087710875e8e168e6d30410919d1739b9	26978	991f46350bae942e4cc9cd87af676f9b3506cc64096f68c8da6eeb953c75574f	hf://scrollprize/datasets/spiral/PHercParis4/unverified_patches/auto_grown_20260420165215090_region_000/x.tif
geometry	data/patches/auto_grown_20260420165215090_region_000/y.tif	d7401a7087710875e8e168e6d30410919d1739b9	26978	18b146e8b4cf82c30825f8ecd1c2917c9ca9f05d60fab5b881b8b65cf1cf9732	hf://scrollprize/datasets/spiral/PHercParis4/unverified_patches/auto_grown_20260420165215090_region_000/y.tif
geometry	data/patches/auto_grown_20260420165215090_region_000/z.tif	d7401a7087710875e8e168e6d30410919d1739b9	26978	69caed5516da7b0ca182a78fe86b7158e16571747614721f3a18304dab1594d7	hf://scrollprize/datasets/spiral/PHercParis4/unverified_patches/auto_grown_20260420165215090_region_000/z.tif
geometry	data/patches/auto_grown_20260420165303080_region_001/mask.tif	d7401a7087710875e8e168e6d30410919d1739b9	690	6966ca26b73cdc8d1bd97442beb7f8f0b681e92bc321a23efb57e19d37d7e0cd	hf://scrollprize/datasets/spiral/PHercParis4/unverified_patches/auto_grown_20260420165303080_region_001/mask.tif
geometry	data/patches/auto_grown_20260420165303080_region_001/meta.json	d7401a7087710875e8e168e6d30410919d1739b9	16413	9ec59277a3b12950aaccd23862694237496793f4b83612014afab0847e01c0a2	hf://scrollprize/datasets/spiral/PHercParis4/unverified_patches/auto_grown_20260420165303080_region_001/meta.json
geometry	data/patches/auto_grown_20260420165303080_region_001/x.tif	d7401a7087710875e8e168e6d30410919d1739b9	11058	69cfc0d5140a59b946491cb666bf5233fa8d5fe8105fbcf84122a6f7ac5e1f69	hf://scrollprize/datasets/spiral/PHercParis4/unverified_patches/auto_grown_20260420165303080_region_001/x.tif
geometry	data/patches/auto_grown_20260420165303080_region_001/y.tif	d7401a7087710875e8e168e6d30410919d1739b9	11058	8d6bd4a2f3da66426dbe17f8c4c869b7cb87f304bdc6adefa959c91930d362ce	hf://scrollprize/datasets/spiral/PHercParis4/unverified_patches/auto_grown_20260420165303080_region_001/y.tif
geometry	data/patches/auto_grown_20260420165303080_region_001/z.tif	d7401a7087710875e8e168e6d30410919d1739b9	11058	ccaa14adeeb02654043b1ce75f14e5a22e3e6cd6d2df6f2a9f0ff2f5afb218b9	hf://scrollprize/datasets/spiral/PHercParis4/unverified_patches/auto_grown_20260420165303080_region_001/z.tif
geometry	data/patches/auto_grown_20260420170047248_region_000/mask.tif	d7401a7087710875e8e168e6d30410919d1739b9	450	a289c19b300515c004801cc772a7cf78f7108048adcec0ccac1853b0999f052b	hf://scrollprize/datasets/spiral/PHercParis4/unverified_patches/auto_grown_20260420170047248_region_000/mask.tif
geometry	data/patches/auto_grown_20260420170047248_region_000/meta.json	d7401a7087710875e8e168e6d30410919d1739b9	16739	440cbb67be9e88dd9c931018a63e072e42fb6f754f3640714fc68ac02e1cf670	hf://scrollprize/datasets/spiral/PHercParis4/unverified_patches/auto_grown_20260420170047248_region_000/meta.json
geometry	data/patches/auto_grown_20260420170047248_region_000/x.tif	d7401a7087710875e8e168e6d30410919d1739b9	10898	8becc0691bcf6fb66137c021d7c2a7a3fec2b3409f487dc3ac623995b6fda934	hf://scrollprize/datasets/spiral/PHercParis4/unverified_patches/auto_grown_20260420170047248_region_000/x.tif
geometry	data/patches/auto_grown_20260420170047248_region_000/y.tif	d7401a7087710875e8e168e6d30410919d1739b9	10898	a49aa3b1121341ba7e505a568c00cbd115abae18aae3032fdb244e2cf38ed69b	hf://scrollprize/datasets/spiral/PHercParis4/unverified_patches/auto_grown_20260420170047248_region_000/y.tif
geometry	data/patches/auto_grown_20260420170047248_region_000/z.tif	d7401a7087710875e8e168e6d30410919d1739b9	10898	c657e1c110831f9ee349369c79676d362faa5ca239740a1368e7805dc7da44f0	hf://scrollprize/datasets/spiral/PHercParis4/unverified_patches/auto_grown_20260420170047248_region_000/z.tif
geometry	data/patches/auto_grown_20260420170100325_region_001/mask.tif	d7401a7087710875e8e168e6d30410919d1739b9	581	3346bc6fcc21dd70c321d1cc930e2f037a842e5f258d8c06d9982d7dc8b077d8	hf://scrollprize/datasets/spiral/PHercParis4/unverified_patches/auto_grown_20260420170100325_region_001/mask.tif
geometry	data/patches/auto_grown_20260420170100325_region_001/meta.json	d7401a7087710875e8e168e6d30410919d1739b9	17103	df511cf609e37b16731ee069776ed9b517f238afd2567deb90af2a86b3609049	hf://scrollprize/datasets/spiral/PHercParis4/unverified_patches/auto_grown_20260420170100325_region_001/meta.json
geometry	data/patches/auto_grown_20260420170100325_region_001/x.tif	d7401a7087710875e8e168e6d30410919d1739b9	5762	9f6659cadb9f9905f183b4531f943b8683b50e55af04920f7d6487b477f2cb50	hf://scrollprize/datasets/spiral/PHercParis4/unverified_patches/auto_grown_20260420170100325_region_001/x.tif
geometry	data/patches/auto_grown_20260420170100325_region_001/y.tif	d7401a7087710875e8e168e6d30410919d1739b9	5762	1c1b9a7b57f2347dfdb81b663a7380b6bc4d12431248d5aa0af16a1ad46858f9	hf://scrollprize/datasets/spiral/PHercParis4/unverified_patches/auto_grown_20260420170100325_region_001/y.tif
geometry	data/patches/auto_grown_20260420170100325_region_001/z.tif	d7401a7087710875e8e168e6d30410919d1739b9	5762	d154dfa93246f4dfc8599c3e1d3515ae0516d97818b059d0bf4b673337637b79	hf://scrollprize/datasets/spiral/PHercParis4/unverified_patches/auto_grown_20260420170100325_region_001/z.tif
geometry	data/patches/auto_grown_20260420170211253_region_004/mask.tif	d7401a7087710875e8e168e6d30410919d1739b9	596	f3e9f35009da89fc9ecd66b75d6fdf25d8996a22425a107d6aace0108a51d395	hf://scrollprize/datasets/spiral/PHercParis4/unverified_patches/auto_grown_20260420170211253_region_004/mask.tif
geometry	data/patches/auto_grown_20260420170211253_region_004/meta.json	d7401a7087710875e8e168e6d30410919d1739b9	16582	3267f387d2ed8f3f73e389785d0fe2772e14142f1f9681647df8f5388872d8e3	hf://scrollprize/datasets/spiral/PHercParis4/unverified_patches/auto_grown_20260420170211253_region_004/meta.json
geometry	data/patches/auto_grown_20260420170211253_region_004/x.tif	d7401a7087710875e8e168e6d30410919d1739b9	6542	c6ad11f78e0ec97d3b0b91e230201b4707caa31e9238a7ece9fe41a9150b2b48	hf://scrollprize/datasets/spiral/PHercParis4/unverified_patches/auto_grown_20260420170211253_region_004/x.tif
geometry	data/patches/auto_grown_20260420170211253_region_004/y.tif	d7401a7087710875e8e168e6d30410919d1739b9	6542	7ad2a48aa4f8b6b7903395eab32a590f4288ac89545d57f700839ddc24b56aa9	hf://scrollprize/datasets/spiral/PHercParis4/unverified_patches/auto_grown_20260420170211253_region_004/y.tif
geometry	data/patches/auto_grown_20260420170211253_region_004/z.tif	d7401a7087710875e8e168e6d30410919d1739b9	6542	423055a4e5f574c950de22f05d15383c6add696c7da88261a56f6b604c0a60a4	hf://scrollprize/datasets/spiral/PHercParis4/unverified_patches/auto_grown_20260420170211253_region_004/z.tif
geometry	data/patches/auto_grown_20260420171615170_region_000/mask.tif	d7401a7087710875e8e168e6d30410919d1739b9	577	808269cc955bb515cef66136a8fbd1bf15ad6e429c77ac4a79e2d3cad7a3e45e	hf://scrollprize/datasets/spiral/PHercParis4/unverified_patches/auto_grown_20260420171615170_region_000/mask.tif
geometry	data/patches/auto_grown_20260420171615170_region_000/meta.json	d7401a7087710875e8e168e6d30410919d1739b9	17179	9fac0e0673f97ad270d0293951cefba03cd04f2669ee7dd40713b41e519b96f7	hf://scrollprize/datasets/spiral/PHercParis4/unverified_patches/auto_grown_20260420171615170_region_000/meta.json
geometry	data/patches/auto_grown_20260420171615170_region_000/x.tif	d7401a7087710875e8e168e6d30410919d1739b9	5466	6575afcd92b653635f87cc95dd3b220d798947355d88bad1a1cbba1fdbccf9cb	hf://scrollprize/datasets/spiral/PHercParis4/unverified_patches/auto_grown_20260420171615170_region_000/x.tif
geometry	data/patches/auto_grown_20260420171615170_region_000/y.tif	d7401a7087710875e8e168e6d30410919d1739b9	5466	11d5157bc6f9e3123ae9f14309aa39774179c843316188f9e9642357cbe94b94	hf://scrollprize/datasets/spiral/PHercParis4/unverified_patches/auto_grown_20260420171615170_region_000/y.tif
geometry	data/patches/auto_grown_20260420171615170_region_000/z.tif	d7401a7087710875e8e168e6d30410919d1739b9	5466	3b5078590506f3fb36c51aa19e126cb4c0753c3e6bac00503e626bf77dee9b1e	hf://scrollprize/datasets/spiral/PHercParis4/unverified_patches/auto_grown_20260420171615170_region_000/z.tif
geometry	data/patches/auto_grown_20260420171927891_region_001/mask.tif	d7401a7087710875e8e168e6d30410919d1739b9	518	0033dbc3efe2d75cd151ebc1bb87c2e39ab2f17478215b9a37a17c2a8c9b43ed	hf://scrollprize/datasets/spiral/PHercParis4/unverified_patches/auto_grown_20260420171927891_region_001/mask.tif
geometry	data/patches/auto_grown_20260420171927891_region_001/meta.json	d7401a7087710875e8e168e6d30410919d1739b9	17232	d8ffa0b22878211eda8ff466efdf97526d3827b752ee0486258e00c7f56023d4	hf://scrollprize/datasets/spiral/PHercParis4/unverified_patches/auto_grown_20260420171927891_region_001/meta.json
geometry	data/patches/auto_grown_20260420171927891_region_001/x.tif	d7401a7087710875e8e168e6d30410919d1739b9	4826	4dba34464e305c2c5cf42d6f80e55d0249055c92efc017fc34cb9632b0bd977d	hf://scrollprize/datasets/spiral/PHercParis4/unverified_patches/auto_grown_20260420171927891_region_001/x.tif
geometry	data/patches/auto_grown_20260420171927891_region_001/y.tif	d7401a7087710875e8e168e6d30410919d1739b9	4826	a8e093c3ba76092e62f67f41f3ba4c2454f118e085267cb733769d155e14ead9	hf://scrollprize/datasets/spiral/PHercParis4/unverified_patches/auto_grown_20260420171927891_region_001/y.tif
geometry	data/patches/auto_grown_20260420171927891_region_001/z.tif	d7401a7087710875e8e168e6d30410919d1739b9	4826	cf372c5620e45c9af6f2a456311b5700b5070da209ef96481c23367b2b98f64d	hf://scrollprize/datasets/spiral/PHercParis4/unverified_patches/auto_grown_20260420171927891_region_001/z.tif
geometry	data/patches/auto_grown_20260420172216311_region_000/mask.tif	d7401a7087710875e8e168e6d30410919d1739b9	1535	bf5c5f7afae5286fdcee83e086951f8e474a2285f7fc59f401eed04b7f196d53	hf://scrollprize/datasets/spiral/PHercParis4/unverified_patches/auto_grown_20260420172216311_region_000/mask.tif
geometry	data/patches/auto_grown_20260420172216311_region_000/meta.json	d7401a7087710875e8e168e6d30410919d1739b9	17129	3c389c569fecf74c0b3acde483c310d475c77359994478823a380511c362ca8a	hf://scrollprize/datasets/spiral/PHercParis4/unverified_patches/auto_grown_20260420172216311_region_000/meta.json
geometry	data/patches/auto_grown_20260420172216311_region_000/x.tif	d7401a7087710875e8e168e6d30410919d1739b9	67826	d80e20844a7bb98535b3a7034780a8d8a9e2ee6e135a0b8b1e9e2a979622b624	hf://scrollprize/datasets/spiral/PHercParis4/unverified_patches/auto_grown_20260420172216311_region_000/x.tif
geometry	data/patches/auto_grown_20260420172216311_region_000/y.tif	d7401a7087710875e8e168e6d30410919d1739b9	67826	5f382f854687c4d2639facb48911cd27689c003a44f67e4cdf28845b69c18e22	hf://scrollprize/datasets/spiral/PHercParis4/unverified_patches/auto_grown_20260420172216311_region_000/y.tif
geometry	data/patches/auto_grown_20260420172216311_region_000/z.tif	d7401a7087710875e8e168e6d30410919d1739b9	67826	09875cd605b2f5154da0fd1e06d5958f0588a6e57652ba25a4cb21ff1e476456	hf://scrollprize/datasets/spiral/PHercParis4/unverified_patches/auto_grown_20260420172216311_region_000/z.tif
geometry	data/patches/auto_grown_20260420173346288_region_003/mask.tif	d7401a7087710875e8e168e6d30410919d1739b9	668	d7fc73d23422fb55d8ebaaaf62fd915d18b0b462214bb34a7e1c460c252a7f28	hf://scrollprize/datasets/spiral/PHercParis4/unverified_patches/auto_grown_20260420173346288_region_003/mask.tif
geometry	data/patches/auto_grown_20260420173346288_region_003/meta.json	d7401a7087710875e8e168e6d30410919d1739b9	16624	937c39e235c1651d3c43fb5dac2a4e613aa1e92045d5e7575ab45e868313b8ef	hf://scrollprize/datasets/spiral/PHercParis4/unverified_patches/auto_grown_20260420173346288_region_003/meta.json
geometry	data/patches/auto_grown_20260420173346288_region_003/x.tif	d7401a7087710875e8e168e6d30410919d1739b9	8498	441206d2281c5bc470616f2f6f6f6841645be8b8838b95f003e1adb1e012cba1	hf://scrollprize/datasets/spiral/PHercParis4/unverified_patches/auto_grown_20260420173346288_region_003/x.tif
geometry	data/patches/auto_grown_20260420173346288_region_003/y.tif	d7401a7087710875e8e168e6d30410919d1739b9	8498	33fcc33f42fad553e7af019395bfec901b613f102540b8e76688f5997bbe2ea7	hf://scrollprize/datasets/spiral/PHercParis4/unverified_patches/auto_grown_20260420173346288_region_003/y.tif
geometry	data/patches/auto_grown_20260420173346288_region_003/z.tif	d7401a7087710875e8e168e6d30410919d1739b9	8498	d169988f57e459517e5cb353541fa7eecf155fc46dadead058570b6a8a829b6b	hf://scrollprize/datasets/spiral/PHercParis4/unverified_patches/auto_grown_20260420173346288_region_003/z.tif
geometry	data/patches/auto_grown_20260420174025094_region_001/mask.tif	d7401a7087710875e8e168e6d30410919d1739b9	637	e95e9dd6d14db4b7bdbc90aa5fa6a63f98c7010ef62938e847adf66429b60dcc	hf://scrollprize/datasets/spiral/PHercParis4/unverified_patches/auto_grown_20260420174025094_region_001/mask.tif
geometry	data/patches/auto_grown_20260420174025094_region_001/meta.json	d7401a7087710875e8e168e6d30410919d1739b9	16673	2e745d4bd1382f7569770c3e3357b77d91d7fd87c1c11f785e354fb2d3684e68	hf://scrollprize/datasets/spiral/PHercParis4/unverified_patches/auto_grown_20260420174025094_region_001/meta.json
geometry	data/patches/auto_grown_20260420174025094_region_001/x.tif	d7401a7087710875e8e168e6d30410919d1739b9	8770	3526d205c5dbc22cacdcf85bb5dfa48e72e479b790405b3278e435226ce0209e	hf://scrollprize/datasets/spiral/PHercParis4/unverified_patches/auto_grown_20260420174025094_region_001/x.tif
geometry	data/patches/auto_grown_20260420174025094_region_001/y.tif	d7401a7087710875e8e168e6d30410919d1739b9	8770	53261f0edf0fb9a66e1236bbb80258390b04be568cc5f28035e790c7d7e37ac2	hf://scrollprize/datasets/spiral/PHercParis4/unverified_patches/auto_grown_20260420174025094_region_001/y.tif
geometry	data/patches/auto_grown_20260420174025094_region_001/z.tif	d7401a7087710875e8e168e6d30410919d1739b9	8770	12b1f9077aecfb7574f219bed2a2e8f0fb7dde716b22b8c0b1a3fb9f45e04a45	hf://scrollprize/datasets/spiral/PHercParis4/unverified_patches/auto_grown_20260420174025094_region_001/z.tif
geometry	data/patches/auto_grown_20260420175412849_region_000/mask.tif	d7401a7087710875e8e168e6d30410919d1739b9	1186	fd93f2b178c7a94d3befb6b9ce3460f2699599bb80806dd18fe60c0baf75874f	hf://scrollprize/datasets/spiral/PHercParis4/unverified_patches/auto_grown_20260420175412849_region_000/mask.tif
geometry	data/patches/auto_grown_20260420175412849_region_000/meta.json	d7401a7087710875e8e168e6d30410919d1739b9	17021	965b5f15a76e4d5a4703071652f23e9628bc92866fbb7a6bfb1180b5fe820c89	hf://scrollprize/datasets/spiral/PHercParis4/unverified_patches/auto_grown_20260420175412849_region_000/meta.json
geometry	data/patches/auto_grown_20260420175412849_region_000/x.tif	d7401a7087710875e8e168e6d30410919d1739b9	36946	a66a3413e1d1586f73d02a4b99340129fee6e1eef7f6e9b80b59dc41eeb8a410	hf://scrollprize/datasets/spiral/PHercParis4/unverified_patches/auto_grown_20260420175412849_region_000/x.tif
geometry	data/patches/auto_grown_20260420175412849_region_000/y.tif	d7401a7087710875e8e168e6d30410919d1739b9	36946	a1090bcdad76393aa3bc684b0915a21dbcbeb26740dbdef63a3d1d687fc760ab	hf://scrollprize/datasets/spiral/PHercParis4/unverified_patches/auto_grown_20260420175412849_region_000/y.tif
geometry	data/patches/auto_grown_20260420175412849_region_000/z.tif	d7401a7087710875e8e168e6d30410919d1739b9	36946	bb12f79f23bb462ab4a09ed00cec35c511f8f421007f1aa25a0d53649d7af217	hf://scrollprize/datasets/spiral/PHercParis4/unverified_patches/auto_grown_20260420175412849_region_000/z.tif
geometry	data/patches/auto_grown_20260420175802360_region_002/mask.tif	d7401a7087710875e8e168e6d30410919d1739b9	579	167f2346884b2ea8e98e3ddc9fc03945d50bd4d42392bba5ff5e5878fa8c52d9	hf://scrollprize/datasets/spiral/PHercParis4/unverified_patches/auto_grown_20260420175802360_region_002/mask.tif
geometry	data/patches/auto_grown_20260420175802360_region_002/meta.json	d7401a7087710875e8e168e6d30410919d1739b9	16795	fd6fa6a90f69b8d58991c84b57b25c8ffae0aadbcace4e1daa585d9e7d7b5b7b	hf://scrollprize/datasets/spiral/PHercParis4/unverified_patches/auto_grown_20260420175802360_region_002/meta.json
geometry	data/patches/auto_grown_20260420175802360_region_002/x.tif	d7401a7087710875e8e168e6d30410919d1739b9	6538	526d5b23a74070c02fbdeddaca9dfbd073b97c4532fdf7ce64a81f476d82dcb4	hf://scrollprize/datasets/spiral/PHercParis4/unverified_patches/auto_grown_20260420175802360_region_002/x.tif
geometry	data/patches/auto_grown_20260420175802360_region_002/y.tif	d7401a7087710875e8e168e6d30410919d1739b9	6538	4b605e6631f30e0b2403e2f09be6f4357ed0bf31879eeb1b17e572e3f7cca632	hf://scrollprize/datasets/spiral/PHercParis4/unverified_patches/auto_grown_20260420175802360_region_002/y.tif
geometry	data/patches/auto_grown_20260420175802360_region_002/z.tif	d7401a7087710875e8e168e6d30410919d1739b9	6538	e1112cc4d46a9c1b7bec4d3b1bc4fef2c71db50d8da8d89d094c113634f1a74b	hf://scrollprize/datasets/spiral/PHercParis4/unverified_patches/auto_grown_20260420175802360_region_002/z.tif
geometry	data/patches/auto_grown_20260420180310723_region_001/mask.tif	d7401a7087710875e8e168e6d30410919d1739b9	711	8921992ea48730b7c8ab3dd65b68193f863ec46a00cce0f475f31c53f4aacfa9	hf://scrollprize/datasets/spiral/PHercParis4/unverified_patches/auto_grown_20260420180310723_region_001/mask.tif
geometry	data/patches/auto_grown_20260420180310723_region_001/meta.json	d7401a7087710875e8e168e6d30410919d1739b9	17045	cc0b76d3b4791c857ebde1d512164e0297f48597ae2d82fbf061c0bacb1fe944	hf://scrollprize/datasets/spiral/PHercParis4/unverified_patches/auto_grown_20260420180310723_region_001/meta.json
geometry	data/patches/auto_grown_20260420180310723_region_001/x.tif	d7401a7087710875e8e168e6d30410919d1739b9	11170	7d629580c8559d3455ce920bae19227f0ce557b2ee42196739837c92224cedd8	hf://scrollprize/datasets/spiral/PHercParis4/unverified_patches/auto_grown_20260420180310723_region_001/x.tif
geometry	data/patches/auto_grown_20260420180310723_region_001/y.tif	d7401a7087710875e8e168e6d30410919d1739b9	11170	d23980c747ec005b5ab58a6141fcf21f5ea6ccca09fc5c63bc56cdf2f6993050	hf://scrollprize/datasets/spiral/PHercParis4/unverified_patches/auto_grown_20260420180310723_region_001/y.tif
geometry	data/patches/auto_grown_20260420180310723_region_001/z.tif	d7401a7087710875e8e168e6d30410919d1739b9	11170	64588a5d7fb8ccdb9a31331115d87762d8232e38443f9454bf04b7e16fae7f5a	hf://scrollprize/datasets/spiral/PHercParis4/unverified_patches/auto_grown_20260420180310723_region_001/z.tif
geometry	data/patches/auto_grown_20260420181949267_region_000/mask.tif	d7401a7087710875e8e168e6d30410919d1739b9	913	2432c49b1e02728f99926e9b027b0ae354d6d0b6598e70170a9035da3b4da063	hf://scrollprize/datasets/spiral/PHercParis4/unverified_patches/auto_grown_20260420181949267_region_000/mask.tif
geometry	data/patches/auto_grown_20260420181949267_region_000/meta.json	d7401a7087710875e8e168e6d30410919d1739b9	16996	05c073543c311a26206c50e24c0001f3455ec93f2a66dac57f5dacd4660dcd54	hf://scrollprize/datasets/spiral/PHercParis4/unverified_patches/auto_grown_20260420181949267_region_000/meta.json
geometry	data/patches/auto_grown_20260420181949267_region_000/x.tif	d7401a7087710875e8e168e6d30410919d1739b9	23054	39f232f7f5bf36d70fdf5afd22a8d64201142500460cbd71d6dded9598a80e0b	hf://scrollprize/datasets/spiral/PHercParis4/unverified_patches/auto_grown_20260420181949267_region_000/x.tif
geometry	data/patches/auto_grown_20260420181949267_region_000/y.tif	d7401a7087710875e8e168e6d30410919d1739b9	23054	0b51a5dd210520d87856799836118f1429902134c789e07cc9587c9ca3aebc15	hf://scrollprize/datasets/spiral/PHercParis4/unverified_patches/auto_grown_20260420181949267_region_000/y.tif
geometry	data/patches/auto_grown_20260420181949267_region_000/z.tif	d7401a7087710875e8e168e6d30410919d1739b9	23054	a52c647ba7bd2533f778aead011e3886d4ee7739c3735e3d2d287e1075056a89	hf://scrollprize/datasets/spiral/PHercParis4/unverified_patches/auto_grown_20260420181949267_region_000/z.tif
geometry	data/patches/auto_grown_20260420182325836_region_000/mask.tif	d7401a7087710875e8e168e6d30410919d1739b9	461	3310d17daae5d05551a3722e4599d3720510374f9b38a255e2ec00c19c70f7bd	hf://scrollprize/datasets/spiral/PHercParis4/unverified_patches/auto_grown_20260420182325836_region_000/mask.tif
geometry	data/patches/auto_grown_20260420182325836_region_000/meta.json	d7401a7087710875e8e168e6d30410919d1739b9	17170	04f6f52b6e62bc2b2b0d6d1ba490f13cfe2e9e85c3d520d68f823843a3c231cb	hf://scrollprize/datasets/spiral/PHercParis4/unverified_patches/auto_grown_20260420182325836_region_000/meta.json
geometry	data/patches/auto_grown_20260420182325836_region_000/x.tif	d7401a7087710875e8e168e6d30410919d1739b9	3062	1be26b149ad5400067aa9cf69b41e45944d2723283a277f2abcfca027483f70c	hf://scrollprize/datasets/spiral/PHercParis4/unverified_patches/auto_grown_20260420182325836_region_000/x.tif
geometry	data/patches/auto_grown_20260420182325836_region_000/y.tif	d7401a7087710875e8e168e6d30410919d1739b9	3062	9f5833c814dc12a7adba214f75af113ead48d23225b2e2a00a871a8fb5680b3f	hf://scrollprize/datasets/spiral/PHercParis4/unverified_patches/auto_grown_20260420182325836_region_000/y.tif
geometry	data/patches/auto_grown_20260420182325836_region_000/z.tif	d7401a7087710875e8e168e6d30410919d1739b9	3062	4e62646eb62dc60a65142617d95fd6c187c3bc1a5b6bed906de810c40e0da095	hf://scrollprize/datasets/spiral/PHercParis4/unverified_patches/auto_grown_20260420182325836_region_000/z.tif
geometry	data/patches/auto_grown_20260420182534747_region_003/mask.tif	d7401a7087710875e8e168e6d30410919d1739b9	493	3c3cd0249e6eb845e5de9b2c1121cedd5fbe5b252e8324ffb52a13ff4735ed70	hf://scrollprize/datasets/spiral/PHercParis4/unverified_patches/auto_grown_20260420182534747_region_003/mask.tif
geometry	data/patches/auto_grown_20260420182534747_region_003/meta.json	d7401a7087710875e8e168e6d30410919d1739b9	17008	46fc5fccd6f7ec857ddbeb70d169a07e424e82bd582d668051fe5745e8d543b6	hf://scrollprize/datasets/spiral/PHercParis4/unverified_patches/auto_grown_20260420182534747_region_003/meta.json
geometry	data/patches/auto_grown_20260420182534747_region_003/x.tif	d7401a7087710875e8e168e6d30410919d1739b9	4362	01c1c25e7f979a871d361ba93f74d7b4d1e236e7984a65c4f8bbc993a787479e	hf://scrollprize/datasets/spiral/PHercParis4/unverified_patches/auto_grown_20260420182534747_region_003/x.tif
geometry	data/patches/auto_grown_20260420182534747_region_003/y.tif	d7401a7087710875e8e168e6d30410919d1739b9	4362	c20527b62a2221aec2caf7f08c3685e69bd359f96744bbff83fdca81b78315f6	hf://scrollprize/datasets/spiral/PHercParis4/unverified_patches/auto_grown_20260420182534747_region_003/y.tif
geometry	data/patches/auto_grown_20260420182534747_region_003/z.tif	d7401a7087710875e8e168e6d30410919d1739b9	4362	3f8c5e016135c1622e1ae9a2feb721f30cb97958e4be485e05e6e2febe4e212e	hf://scrollprize/datasets/spiral/PHercParis4/unverified_patches/auto_grown_20260420182534747_region_003/z.tif
geometry	data/patches/auto_grown_20260420182706779_region_000/mask.tif	d7401a7087710875e8e168e6d30410919d1739b9	797	bf028355c7e7a8db36fe926007f1614536d76287d22c327fed855cfb7a7d9128	hf://scrollprize/datasets/spiral/PHercParis4/unverified_patches/auto_grown_20260420182706779_region_000/mask.tif
geometry	data/patches/auto_grown_20260420182706779_region_000/meta.json	d7401a7087710875e8e168e6d30410919d1739b9	17012	cd07da0140b74ca5b339789b70c029db2dece10bd1b1cfd677db7e95dfc523c7	hf://scrollprize/datasets/spiral/PHercParis4/unverified_patches/auto_grown_20260420182706779_region_000/meta.json
geometry	data/patches/auto_grown_20260420182706779_region_000/x.tif	d7401a7087710875e8e168e6d30410919d1739b9	17170	b6695afbb62e0163384d15d6311eea0651644f41c53f688fffc04708abe3378d	hf://scrollprize/datasets/spiral/PHercParis4/unverified_patches/auto_grown_20260420182706779_region_000/x.tif
geometry	data/patches/auto_grown_20260420182706779_region_000/y.tif	d7401a7087710875e8e168e6d30410919d1739b9	17170	5b45a6a185ead334ef04602ad430f8b3ca459e8acadca87b5d7de2b0a22ee638	hf://scrollprize/datasets/spiral/PHercParis4/unverified_patches/auto_grown_20260420182706779_region_000/y.tif
geometry	data/patches/auto_grown_20260420182706779_region_000/z.tif	d7401a7087710875e8e168e6d30410919d1739b9	17170	998b429b0ef4c31f5a28c51cd64b23f09ffcf3762d134f76bce06fbef1f68cdd	hf://scrollprize/datasets/spiral/PHercParis4/unverified_patches/auto_grown_20260420182706779_region_000/z.tif
geometry	data/patches/auto_grown_20260420184842414_region_000/mask.tif	d7401a7087710875e8e168e6d30410919d1739b9	1193	416a3e3716763810e07cac3ea47f2857eac237a21d8b404af7c9d33a0dea98cb	hf://scrollprize/datasets/spiral/PHercParis4/unverified_patches/auto_grown_20260420184842414_region_000/mask.tif
geometry	data/patches/auto_grown_20260420184842414_region_000/meta.json	d7401a7087710875e8e168e6d30410919d1739b9	16829	357bec543d24d36170abb63f2e8ed8c74cdd86c9c05699bbbaca46fe4faf792d	hf://scrollprize/datasets/spiral/PHercParis4/unverified_patches/auto_grown_20260420184842414_region_000/meta.json
geometry	data/patches/auto_grown_20260420184842414_region_000/x.tif	d7401a7087710875e8e168e6d30410919d1739b9	47290	e0d502a8afcf300bb81545e932b9ed831a402ae7a5d00c6aa5f3583c6e297105	hf://scrollprize/datasets/spiral/PHercParis4/unverified_patches/auto_grown_20260420184842414_region_000/x.tif
geometry	data/patches/auto_grown_20260420184842414_region_000/y.tif	d7401a7087710875e8e168e6d30410919d1739b9	47290	591ceed778ab75239e2315d55414aea4eccc126dccf90ff059548d2098ff1306	hf://scrollprize/datasets/spiral/PHercParis4/unverified_patches/auto_grown_20260420184842414_region_000/y.tif
geometry	data/patches/auto_grown_20260420184842414_region_000/z.tif	d7401a7087710875e8e168e6d30410919d1739b9	47290	5f9c9cac13ed84c607fd5b538d8da0efa56d9740ba3dc407f875700a35ba5022	hf://scrollprize/datasets/spiral/PHercParis4/unverified_patches/auto_grown_20260420184842414_region_000/z.tif
geometry	data/patches/auto_grown_20260420191622090_region_003/mask.tif	d7401a7087710875e8e168e6d30410919d1739b9	889	1d64c0d53bcedc823dc7c960f878197613f79abb0c310ef8da9027d0034671d8	hf://scrollprize/datasets/spiral/PHercParis4/unverified_patches/auto_grown_20260420191622090_region_003/mask.tif
geometry	data/patches/auto_grown_20260420191622090_region_003/meta.json	d7401a7087710875e8e168e6d30410919d1739b9	16822	602a2ff09a6c8c9f8b5efa8386039b75b4408bcb40deb2e370c23006316f9d78	hf://scrollprize/datasets/spiral/PHercParis4/unverified_patches/auto_grown_20260420191622090_region_003/meta.json
geometry	data/patches/auto_grown_20260420191622090_region_003/x.tif	d7401a7087710875e8e168e6d30410919d1739b9	23042	44f87db481f4198adf1100fa6d1a205a43d690466513502bfdffb1418afb24f2	hf://scrollprize/datasets/spiral/PHercParis4/unverified_patches/auto_grown_20260420191622090_region_003/x.tif
geometry	data/patches/auto_grown_20260420191622090_region_003/y.tif	d7401a7087710875e8e168e6d30410919d1739b9	23042	c986a88846b43632541c9ef866f69de21af4a52b257b27db8e46b8e6aeaf1c1d	hf://scrollprize/datasets/spiral/PHercParis4/unverified_patches/auto_grown_20260420191622090_region_003/y.tif
geometry	data/patches/auto_grown_20260420191622090_region_003/z.tif	d7401a7087710875e8e168e6d30410919d1739b9	23042	cb532b09318e84ae2ca5711e1cfa3dc6ba7e460f8016f32019f24ed1250d8591	hf://scrollprize/datasets/spiral/PHercParis4/unverified_patches/auto_grown_20260420191622090_region_003/z.tif
geometry	data/patches/auto_grown_20260420194545964_region_002/mask.tif	d7401a7087710875e8e168e6d30410919d1739b9	510	ce334146f5871f05ee4a2efaff7cf2329f1bd939bee136d83e28741c89acec87	hf://scrollprize/datasets/spiral/PHercParis4/unverified_patches/auto_grown_20260420194545964_region_002/mask.tif
geometry	data/patches/auto_grown_20260420194545964_region_002/meta.json	d7401a7087710875e8e168e6d30410919d1739b9	16901	899a29903c8f97ca937644ff694088ef621a43850386a71c89077684358f8043	hf://scrollprize/datasets/spiral/PHercParis4/unverified_patches/auto_grown_20260420194545964_region_002/meta.json
geometry	data/patches/auto_grown_20260420194545964_region_002/x.tif	d7401a7087710875e8e168e6d30410919d1739b9	4250	0b3f910700a3174a3ebaa8f90efb671ac215624ec062294a4c3bd23d610acdba	hf://scrollprize/datasets/spiral/PHercParis4/unverified_patches/auto_grown_20260420194545964_region_002/x.tif
geometry	data/patches/auto_grown_20260420194545964_region_002/y.tif	d7401a7087710875e8e168e6d30410919d1739b9	4250	e949baab8a6e975c0bc7955a5f3ec6b1681675095c89286dda879119ccd1dd6e	hf://scrollprize/datasets/spiral/PHercParis4/unverified_patches/auto_grown_20260420194545964_region_002/y.tif
geometry	data/patches/auto_grown_20260420194545964_region_002/z.tif	d7401a7087710875e8e168e6d30410919d1739b9	4250	71d10d17dbf9f67c163b53b405fb952597c256a3fb67f2e7db7dd3333db1647f	hf://scrollprize/datasets/spiral/PHercParis4/unverified_patches/auto_grown_20260420194545964_region_002/z.tif
geometry	data/patches/auto_grown_20260420195040832_region_000/mask.tif	d7401a7087710875e8e168e6d30410919d1739b9	574	a310805eb67e68ff8024c85751671bb73311082f758668f4d121d378152ba9ec	hf://scrollprize/datasets/spiral/PHercParis4/unverified_patches/auto_grown_20260420195040832_region_000/mask.tif
geometry	data/patches/auto_grown_20260420195040832_region_000/meta.json	d7401a7087710875e8e168e6d30410919d1739b9	16914	cf031fe2928c70b88ac36429f1fb211b100ef348f188fcda4908ecd82c1cc0a1	hf://scrollprize/datasets/spiral/PHercParis4/unverified_patches/auto_grown_20260420195040832_region_000/meta.json
geometry	data/patches/auto_grown_20260420195040832_region_000/x.tif	d7401a7087710875e8e168e6d30410919d1739b9	5186	d00ee8df2d0d88201a5411d95d0c22671fae04646dff1ec866ca62d25779ffce	hf://scrollprize/datasets/spiral/PHercParis4/unverified_patches/auto_grown_20260420195040832_region_000/x.tif
geometry	data/patches/auto_grown_20260420195040832_region_000/y.tif	d7401a7087710875e8e168e6d30410919d1739b9	5186	120888a9ceffa6308bbb23a290f317e83532681e99f3a211933449b1c9256388	hf://scrollprize/datasets/spiral/PHercParis4/unverified_patches/auto_grown_20260420195040832_region_000/y.tif
geometry	data/patches/auto_grown_20260420195040832_region_000/z.tif	d7401a7087710875e8e168e6d30410919d1739b9	5186	b5840663e3f7fc47ba84c13d5cead6debaea0e61007a1465cfe83149bfd3ed5b	hf://scrollprize/datasets/spiral/PHercParis4/unverified_patches/auto_grown_20260420195040832_region_000/z.tif
geometry	data/patches/auto_grown_20260420195300948_region_000/mask.tif	d7401a7087710875e8e168e6d30410919d1739b9	704	03bb0583f06865cd5ea3ca852c3526afb9f134dadedaf8f066ea58228f0c01ac	hf://scrollprize/datasets/spiral/PHercParis4/unverified_patches/auto_grown_20260420195300948_region_000/mask.tif
geometry	data/patches/auto_grown_20260420195300948_region_000/meta.json	d7401a7087710875e8e168e6d30410919d1739b9	16654	be59a1aff0aa6f37566fcf095dfd49e2ea008398ba7b2e991ef12f218387429d	hf://scrollprize/datasets/spiral/PHercParis4/unverified_patches/auto_grown_20260420195300948_region_000/meta.json
geometry	data/patches/auto_grown_20260420195300948_region_000/x.tif	d7401a7087710875e8e168e6d30410919d1739b9	11122	d44113ff3065b5a55733200679710897a4a3cce865cb5e2850e8bc5c6a64dd28	hf://scrollprize/datasets/spiral/PHercParis4/unverified_patches/auto_grown_20260420195300948_region_000/x.tif
geometry	data/patches/auto_grown_20260420195300948_region_000/y.tif	d7401a7087710875e8e168e6d30410919d1739b9	11122	ae5455139252f06ab76766ce99c40caadf92dce3cb56e3dd7d86e256a1c2640d	hf://scrollprize/datasets/spiral/PHercParis4/unverified_patches/auto_grown_20260420195300948_region_000/y.tif
geometry	data/patches/auto_grown_20260420195300948_region_000/z.tif	d7401a7087710875e8e168e6d30410919d1739b9	11122	87b4c75738eeb177993115287dc55e84762acd74a14dedb9ad4354acfb397702	hf://scrollprize/datasets/spiral/PHercParis4/unverified_patches/auto_grown_20260420195300948_region_000/z.tif
geometry	data/patches/auto_grown_20260420195327993_region_000/mask.tif	d7401a7087710875e8e168e6d30410919d1739b9	731	7e731ccf6302b858aca60cb17eab7c5825e383e88545bdc13b371a85caa6ad26	hf://scrollprize/datasets/spiral/PHercParis4/unverified_patches/auto_grown_20260420195327993_region_000/mask.tif
geometry	data/patches/auto_grown_20260420195327993_region_000/meta.json	d7401a7087710875e8e168e6d30410919d1739b9	16700	d31fa6cbf321ba7e30dd04390e4f05981c1311668a4ad47840748f3080ab4f67	hf://scrollprize/datasets/spiral/PHercParis4/unverified_patches/auto_grown_20260420195327993_region_000/meta.json
geometry	data/patches/auto_grown_20260420195327993_region_000/x.tif	d7401a7087710875e8e168e6d30410919d1739b9	12182	34cdff33dc4d164676c04f5575749866a78eb3c0b189a3811be582d49589814a	hf://scrollprize/datasets/spiral/PHercParis4/unverified_patches/auto_grown_20260420195327993_region_000/x.tif
geometry	data/patches/auto_grown_20260420195327993_region_000/y.tif	d7401a7087710875e8e168e6d30410919d1739b9	12182	ac224668a0686c718622a548ef5f4621c9429e280c929e31076a34eeb60049ce	hf://scrollprize/datasets/spiral/PHercParis4/unverified_patches/auto_grown_20260420195327993_region_000/y.tif
geometry	data/patches/auto_grown_20260420195327993_region_000/z.tif	d7401a7087710875e8e168e6d30410919d1739b9	12182	24f5f870043bf2fe317ab0b1782f33ac629288af7000f697819d6a05418535fd	hf://scrollprize/datasets/spiral/PHercParis4/unverified_patches/auto_grown_20260420195327993_region_000/z.tif
geometry	data/patches/auto_grown_20260420195413478_region_000/mask.tif	d7401a7087710875e8e168e6d30410919d1739b9	651	c087b69cdb562acc3291b943fb55ec78110d24955abfebeb7c7c0a35945e9fed	hf://scrollprize/datasets/spiral/PHercParis4/unverified_patches/auto_grown_20260420195413478_region_000/mask.tif
geometry	data/patches/auto_grown_20260420195413478_region_000/meta.json	d7401a7087710875e8e168e6d30410919d1739b9	16714	552b05d1b48206a49c1f71ee0243dbd08621cf1ef74e00d7bd52d81c3bc3c7a7	hf://scrollprize/datasets/spiral/PHercParis4/unverified_patches/auto_grown_20260420195413478_region_000/meta.json
geometry	data/patches/auto_grown_20260420195413478_region_000/x.tif	d7401a7087710875e8e168e6d30410919d1739b9	35474	8ff54c7a6c0a0bc8baa5802f5510ce8abb7a7650d8b7527e960a59c3811d70c9	hf://scrollprize/datasets/spiral/PHercParis4/unverified_patches/auto_grown_20260420195413478_region_000/x.tif
geometry	data/patches/auto_grown_20260420195413478_region_000/y.tif	d7401a7087710875e8e168e6d30410919d1739b9	35474	9cb6cb5186df50df9e086f564d2c0ed465ecdb40e49f35e0d3bba4f6a0bab96a	hf://scrollprize/datasets/spiral/PHercParis4/unverified_patches/auto_grown_20260420195413478_region_000/y.tif
geometry	data/patches/auto_grown_20260420195413478_region_000/z.tif	d7401a7087710875e8e168e6d30410919d1739b9	35474	8dd0aa48747151dcfd2054ef5ae00ae65315342304ca2b4dbbd09d8fc96c8ffc	hf://scrollprize/datasets/spiral/PHercParis4/unverified_patches/auto_grown_20260420195413478_region_000/z.tif
geometry	data/patches/auto_grown_20260420195413478_region_003/mask.tif	d7401a7087710875e8e168e6d30410919d1739b9	698	078665b0917590537716701213d33ab6d1f01a0ad9adf4feffaa976e7e6f0781	hf://scrollprize/datasets/spiral/PHercParis4/unverified_patches/auto_grown_20260420195413478_region_003/mask.tif
geometry	data/patches/auto_grown_20260420195413478_region_003/meta.json	d7401a7087710875e8e168e6d30410919d1739b9	16711	85f62848cb0f78b1e119fff937804ed57d6442927361be3ed9f661e6827e7886	hf://scrollprize/datasets/spiral/PHercParis4/unverified_patches/auto_grown_20260420195413478_region_003/meta.json
geometry	data/patches/auto_grown_20260420195413478_region_003/x.tif	d7401a7087710875e8e168e6d30410919d1739b9	10534	0788bf2c224faac9f057eccaf1949598f4e3c21766259b53b3b3613ee61111dc	hf://scrollprize/datasets/spiral/PHercParis4/unverified_patches/auto_grown_20260420195413478_region_003/x.tif
geometry	data/patches/auto_grown_20260420195413478_region_003/y.tif	d7401a7087710875e8e168e6d30410919d1739b9	10534	da83ff8c8d00743ab1fbe844f8892b5a138a0ca3a55d957ec6a425d7f96c1bd1	hf://scrollprize/datasets/spiral/PHercParis4/unverified_patches/auto_grown_20260420195413478_region_003/y.tif
geometry	data/patches/auto_grown_20260420195413478_region_003/z.tif	d7401a7087710875e8e168e6d30410919d1739b9	10534	1c6c477d6d796458e0fffb79fb5747c075bdaa668bce9820ba28d4bdd411fb47	hf://scrollprize/datasets/spiral/PHercParis4/unverified_patches/auto_grown_20260420195413478_region_003/z.tif
geometry	data/patches/auto_grown_20260420200023909_region_000/mask.tif	d7401a7087710875e8e168e6d30410919d1739b9	869	3c89365d65562d06806c78a9c3ef4f0e42dfa087456a2f872bc7413685c6d287	hf://scrollprize/datasets/spiral/PHercParis4/unverified_patches/auto_grown_20260420200023909_region_000/mask.tif
geometry	data/patches/auto_grown_20260420200023909_region_000/meta.json	d7401a7087710875e8e168e6d30410919d1739b9	17149	83eb641a0c1af2d6b21fe9b117c73037df24f5443cadbac9db12836406cca948	hf://scrollprize/datasets/spiral/PHercParis4/unverified_patches/auto_grown_20260420200023909_region_000/meta.json
geometry	data/patches/auto_grown_20260420200023909_region_000/x.tif	d7401a7087710875e8e168e6d30410919d1739b9	17082	17c9d38dbbca9616860c8baf161066dec86ee4352ff880b6659f7820577c1b64	hf://scrollprize/datasets/spiral/PHercParis4/unverified_patches/auto_grown_20260420200023909_region_000/x.tif
geometry	data/patches/auto_grown_20260420200023909_region_000/y.tif	d7401a7087710875e8e168e6d30410919d1739b9	17082	8e16f78aec26e06d50b0b10f670252e0e6514223fa5d197adc2be431e604c80e	hf://scrollprize/datasets/spiral/PHercParis4/unverified_patches/auto_grown_20260420200023909_region_000/y.tif
geometry	data/patches/auto_grown_20260420200023909_region_000/z.tif	d7401a7087710875e8e168e6d30410919d1739b9	17082	6bfc0b75bec530ebd577f2a286b870a27d255ce01a872a7d00d86d9d735a51d7	hf://scrollprize/datasets/spiral/PHercParis4/unverified_patches/auto_grown_20260420200023909_region_000/z.tif
geometry	data/patches/auto_grown_20260420204120298_region_001/mask.tif	d7401a7087710875e8e168e6d30410919d1739b9	459	7c05592a5fa9c9c89befb4bda26a5230c70d341c14edd9c6a37ee11708ddda99	hf://scrollprize/datasets/spiral/PHercParis4/unverified_patches/auto_grown_20260420204120298_region_001/mask.tif
geometry	data/patches/auto_grown_20260420204120298_region_001/meta.json	d7401a7087710875e8e168e6d30410919d1739b9	16939	306e7f671739e02cc61b40711a62d0aa4e6c46c889029fe5d1f9951a310118fd	hf://scrollprize/datasets/spiral/PHercParis4/unverified_patches/auto_grown_20260420204120298_region_001/meta.json
geometry	data/patches/auto_grown_20260420204120298_region_001/x.tif	d7401a7087710875e8e168e6d30410919d1739b9	2874	5478dc457e0527b2876ca77eaba30139a850fbb20b892c003266e62ab320bf9d	hf://scrollprize/datasets/spiral/PHercParis4/unverified_patches/auto_grown_20260420204120298_region_001/x.tif
geometry	data/patches/auto_grown_20260420204120298_region_001/y.tif	d7401a7087710875e8e168e6d30410919d1739b9	2874	bab4cda6ed69f00b5153e7578ec2f1bd9c6b203976fc970959f3799b867f2d3d	hf://scrollprize/datasets/spiral/PHercParis4/unverified_patches/auto_grown_20260420204120298_region_001/y.tif
geometry	data/patches/auto_grown_20260420204120298_region_001/z.tif	d7401a7087710875e8e168e6d30410919d1739b9	2874	78e48a95d4ba865dd599016421c654c27338415e280b6a78dff550673fc8f131	hf://scrollprize/datasets/spiral/PHercParis4/unverified_patches/auto_grown_20260420204120298_region_001/z.tif
geometry	data/patches/auto_grown_20260420212904459_region_003/mask.tif	d7401a7087710875e8e168e6d30410919d1739b9	582	2455c733fdda6fbfb1fda58409f7c569dd406314d6871d42f0b8053cf6067f75	hf://scrollprize/datasets/spiral/PHercParis4/unverified_patches/auto_grown_20260420212904459_region_003/mask.tif
geometry	data/patches/auto_grown_20260420212904459_region_003/meta.json	d7401a7087710875e8e168e6d30410919d1739b9	16532	3a5436ff6402c04a8a20501ba82af2ef2e1199e5f99da443d7e702025c5ce163	hf://scrollprize/datasets/spiral/PHercParis4/unverified_patches/auto_grown_20260420212904459_region_003/meta.json
geometry	data/patches/auto_grown_20260420212904459_region_003/x.tif	d7401a7087710875e8e168e6d30410919d1739b9	6050	c932d248000955633ba23d068e71829c97d0163f84e93e25f9f071713f1fb5bc	hf://scrollprize/datasets/spiral/PHercParis4/unverified_patches/auto_grown_20260420212904459_region_003/x.tif
geometry	data/patches/auto_grown_20260420212904459_region_003/y.tif	d7401a7087710875e8e168e6d30410919d1739b9	6050	a4b402f2d62190f6c809ecc8929371bf2e7d4787558546ed55b88ffd3f2f8e63	hf://scrollprize/datasets/spiral/PHercParis4/unverified_patches/auto_grown_20260420212904459_region_003/y.tif
geometry	data/patches/auto_grown_20260420212904459_region_003/z.tif	d7401a7087710875e8e168e6d30410919d1739b9	6050	a1573ac1034867c3735ad74ff8045bd8ed335f2a19d9e1b82343d773167dfdd3	hf://scrollprize/datasets/spiral/PHercParis4/unverified_patches/auto_grown_20260420212904459_region_003/z.tif
geometry	data/patches/auto_grown_20260420213733248_region_001/mask.tif	d7401a7087710875e8e168e6d30410919d1739b9	510	5ac2666b71c56e2574aeb9ac3afc295125d19cbb9fd1b10684fcd507b08e9c43	hf://scrollprize/datasets/spiral/PHercParis4/unverified_patches/auto_grown_20260420213733248_region_001/mask.tif
geometry	data/patches/auto_grown_20260420213733248_region_001/meta.json	d7401a7087710875e8e168e6d30410919d1739b9	16985	7d07702cacbb13e52ef6e4ae9ab5f1c8dba7a83f0980a57fe04793186c6c31c1	hf://scrollprize/datasets/spiral/PHercParis4/unverified_patches/auto_grown_20260420213733248_region_001/meta.json
geometry	data/patches/auto_grown_20260420213733248_region_001/x.tif	d7401a7087710875e8e168e6d30410919d1739b9	4858	0238680587c98b020f57de4f41621380731897f8f1d8fcd78dcbb934782feb1d	hf://scrollprize/datasets/spiral/PHercParis4/unverified_patches/auto_grown_20260420213733248_region_001/x.tif
geometry	data/patches/auto_grown_20260420213733248_region_001/y.tif	d7401a7087710875e8e168e6d30410919d1739b9	4858	2443394e45143d481379aa77c9b58e5fb3f4292a8e30a5bc31225634d6b297a0	hf://scrollprize/datasets/spiral/PHercParis4/unverified_patches/auto_grown_20260420213733248_region_001/y.tif
geometry	data/patches/auto_grown_20260420213733248_region_001/z.tif	d7401a7087710875e8e168e6d30410919d1739b9	4858	d95ad02ef17a8ceea381c6bea9063ed7013b33a5e976b05a524969dc7e0f7340	hf://scrollprize/datasets/spiral/PHercParis4/unverified_patches/auto_grown_20260420213733248_region_001/z.tif
geometry	data/patches/auto_grown_20260420214111717_region_000/mask.tif	d7401a7087710875e8e168e6d30410919d1739b9	640	d03c98d305ce97a3bd53ab12f431ceb6d611c572408c8542735bb9ab70f2c7d4	hf://scrollprize/datasets/spiral/PHercParis4/unverified_patches/auto_grown_20260420214111717_region_000/mask.tif
geometry	data/patches/auto_grown_20260420214111717_region_000/meta.json	d7401a7087710875e8e168e6d30410919d1739b9	17052	cc8c78a178e4c9840bcfca1c6a7982f3512601aa0b4495d10576c149daf16c01	hf://scrollprize/datasets/spiral/PHercParis4/unverified_patches/auto_grown_20260420214111717_region_000/meta.json
geometry	data/patches/auto_grown_20260420214111717_region_000/x.tif	d7401a7087710875e8e168e6d30410919d1739b9	8574	386f83a02db2572b07d81e3a8057c2ebb2dcdf7cbb8063091c994697afe0d022	hf://scrollprize/datasets/spiral/PHercParis4/unverified_patches/auto_grown_20260420214111717_region_000/x.tif
geometry	data/patches/auto_grown_20260420214111717_region_000/y.tif	d7401a7087710875e8e168e6d30410919d1739b9	8574	d1355f2986867c7c92979dc1428409de2333ad57177bd6951fcf8e21d4e47c82	hf://scrollprize/datasets/spiral/PHercParis4/unverified_patches/auto_grown_20260420214111717_region_000/y.tif
geometry	data/patches/auto_grown_20260420214111717_region_000/z.tif	d7401a7087710875e8e168e6d30410919d1739b9	8574	dcb811cb95ac50f1b380d1449c11ec53966d8cdea002e71ffbeb3ab2ba44fcb4	hf://scrollprize/datasets/spiral/PHercParis4/unverified_patches/auto_grown_20260420214111717_region_000/z.tif
geometry	data/patches/auto_grown_20260420215652470_region_001/mask.tif	d7401a7087710875e8e168e6d30410919d1739b9	1163	e3ddac449e4ec8aea070baf7d434fa0838c48db85c8892def18f7637fd37df2a	hf://scrollprize/datasets/spiral/PHercParis4/unverified_patches/auto_grown_20260420215652470_region_001/mask.tif
geometry	data/patches/auto_grown_20260420215652470_region_001/meta.json	d7401a7087710875e8e168e6d30410919d1739b9	16993	e3263ac8853f9a667dbd7a14e28f7bd51ba33e304ab837ce4e0c1a6c12eff5ed	hf://scrollprize/datasets/spiral/PHercParis4/unverified_patches/auto_grown_20260420215652470_region_001/meta.json
geometry	data/patches/auto_grown_20260420215652470_region_001/x.tif	d7401a7087710875e8e168e6d30410919d1739b9	43830	9780447aa4266f7ce82e8faf3d8d07d36ce704e4435fd734907c90faec7e9b7d	hf://scrollprize/datasets/spiral/PHercParis4/unverified_patches/auto_grown_20260420215652470_region_001/x.tif
geometry	data/patches/auto_grown_20260420215652470_region_001/y.tif	d7401a7087710875e8e168e6d30410919d1739b9	43830	12391432076b002f5bcc179a040d066b4bbcb0d69a412446f212075dcf4dbfa1	hf://scrollprize/datasets/spiral/PHercParis4/unverified_patches/auto_grown_20260420215652470_region_001/y.tif
geometry	data/patches/auto_grown_20260420215652470_region_001/z.tif	d7401a7087710875e8e168e6d30410919d1739b9	43830	bd64c3fc0333855e0882bc45eb0d8cf0b666aed975749a869f8543ee1df2f52b	hf://scrollprize/datasets/spiral/PHercParis4/unverified_patches/auto_grown_20260420215652470_region_001/z.tif
geometry	data/patches/auto_grown_20260420215809610_region_000/mask.tif	d7401a7087710875e8e168e6d30410919d1739b9	811	d1af2f6c8e29e61308cf2b3a4d9c7a69ddf0998c8528011dfb9f0b25ec8e2abf	hf://scrollprize/datasets/spiral/PHercParis4/unverified_patches/auto_grown_20260420215809610_region_000/mask.tif
geometry	data/patches/auto_grown_20260420215809610_region_000/meta.json	d7401a7087710875e8e168e6d30410919d1739b9	17069	817466db2929b7709b27ccbc6184332cecb28099ad7c874cf78e7cfcb20f0b89	hf://scrollprize/datasets/spiral/PHercParis4/unverified_patches/auto_grown_20260420215809610_region_000/meta.json
geometry	data/patches/auto_grown_20260420215809610_region_000/x.tif	d7401a7087710875e8e168e6d30410919d1739b9	16266	ebac24a09bd5b9418dab8dfc0cc15a936e6e48094e957fc4d5714f5ba8ef7e45	hf://scrollprize/datasets/spiral/PHercParis4/unverified_patches/auto_grown_20260420215809610_region_000/x.tif
geometry	data/patches/auto_grown_20260420215809610_region_000/y.tif	d7401a7087710875e8e168e6d30410919d1739b9	16266	b6db821ac2ac463e4280682cdd0af3587ae2614ef815581f1ddc111786124a9b	hf://scrollprize/datasets/spiral/PHercParis4/unverified_patches/auto_grown_20260420215809610_region_000/y.tif
geometry	data/patches/auto_grown_20260420215809610_region_000/z.tif	d7401a7087710875e8e168e6d30410919d1739b9	16266	c8c1dd72d6a7a81b5ae95874f2828931cfaee71e33f6d9e1fd061ff663c6353d	hf://scrollprize/datasets/spiral/PHercParis4/unverified_patches/auto_grown_20260420215809610_region_000/z.tif
geometry	data/patches/auto_grown_20260420220219823_region_004/mask.tif	d7401a7087710875e8e168e6d30410919d1739b9	426	371d7deeae6ff854985b8e75bda1e09d74eef50cd4f53753ce4f9f0a6e1ad302	hf://scrollprize/datasets/spiral/PHercParis4/unverified_patches/auto_grown_20260420220219823_region_004/mask.tif
geometry	data/patches/auto_grown_20260420220219823_region_004/meta.json	d7401a7087710875e8e168e6d30410919d1739b9	16928	fbe0c9c5f0690bcfea02973abc582541f7e6cccb109e4a0afd14ea6275e2903a	hf://scrollprize/datasets/spiral/PHercParis4/unverified_patches/auto_grown_20260420220219823_region_004/meta.json
geometry	data/patches/auto_grown_20260420220219823_region_004/x.tif	d7401a7087710875e8e168e6d30410919d1739b9	4498	0399efd2f11e517f54e0e521f1c45da36c33cd3f26256d23b5a6d85b17ce4e6d	hf://scrollprize/datasets/spiral/PHercParis4/unverified_patches/auto_grown_20260420220219823_region_004/x.tif
geometry	data/patches/auto_grown_20260420220219823_region_004/y.tif	d7401a7087710875e8e168e6d30410919d1739b9	4498	569048be90d39de6827ba2cf6f37c6ff4822c87d0af27105b3c8875a4e45d6c4	hf://scrollprize/datasets/spiral/PHercParis4/unverified_patches/auto_grown_20260420220219823_region_004/y.tif
geometry	data/patches/auto_grown_20260420220219823_region_004/z.tif	d7401a7087710875e8e168e6d30410919d1739b9	4498	d92aada81573fe3c6b5ddd26a37cbf8d269ade682d35b2b6426166eec1f7dd74	hf://scrollprize/datasets/spiral/PHercParis4/unverified_patches/auto_grown_20260420220219823_region_004/z.tif
geometry	data/patches/auto_grown_20260420221302354_region_000/mask.tif	d7401a7087710875e8e168e6d30410919d1739b9	460	e83aa53ea3a5e8c821c02aca8585c870870c24a1a72b12fd7b3e7c0ca7d70875	hf://scrollprize/datasets/spiral/PHercParis4/unverified_patches/auto_grown_20260420221302354_region_000/mask.tif
geometry	data/patches/auto_grown_20260420221302354_region_000/meta.json	d7401a7087710875e8e168e6d30410919d1739b9	16726	6e6a78dbf7103a9ed436dfc42d4fed1f6b3539f45c1d21fa0c412b3b41c92ec9	hf://scrollprize/datasets/spiral/PHercParis4/unverified_patches/auto_grown_20260420221302354_region_000/meta.json
geometry	data/patches/auto_grown_20260420221302354_region_000/x.tif	d7401a7087710875e8e168e6d30410919d1739b9	2642	92e79287bc706ac18c34709bb912c81fcb1e4d2d27aabd39dea9b7892fe11b52	hf://scrollprize/datasets/spiral/PHercParis4/unverified_patches/auto_grown_20260420221302354_region_000/x.tif
geometry	data/patches/auto_grown_20260420221302354_region_000/y.tif	d7401a7087710875e8e168e6d30410919d1739b9	2642	735aca380729eb1337984a9d95d1678204d31ad2747b19461dc8050b3ee212eb	hf://scrollprize/datasets/spiral/PHercParis4/unverified_patches/auto_grown_20260420221302354_region_000/y.tif
geometry	data/patches/auto_grown_20260420221302354_region_000/z.tif	d7401a7087710875e8e168e6d30410919d1739b9	2642	424439447d04fb67d308da017449ee5dd67b2f04c878c32d2c58f95424003a18	hf://scrollprize/datasets/spiral/PHercParis4/unverified_patches/auto_grown_20260420221302354_region_000/z.tif
geometry	data/patches/auto_grown_20260420221908913_region_000/mask.tif	d7401a7087710875e8e168e6d30410919d1739b9	660	e53aa6beb8c941e6cbbc7e17f01ed7362fe66c2d24ea1cdae2b4ab2f297f5c3f	hf://scrollprize/datasets/spiral/PHercParis4/unverified_patches/auto_grown_20260420221908913_region_000/mask.tif
geometry	data/patches/auto_grown_20260420221908913_region_000/meta.json	d7401a7087710875e8e168e6d30410919d1739b9	16965	fb3066872ec4dad561ffc2517c1d3413685282ab923529fa7bc957a39b2d47b3	hf://scrollprize/datasets/spiral/PHercParis4/unverified_patches/auto_grown_20260420221908913_region_000/meta.json
geometry	data/patches/auto_grown_20260420221908913_region_000/x.tif	d7401a7087710875e8e168e6d30410919d1739b9	10226	40844ec7d97e0dd77399bd511142c5ee930aa2396dac9bf3fe673c0019f3bd9a	hf://scrollprize/datasets/spiral/PHercParis4/unverified_patches/auto_grown_20260420221908913_region_000/x.tif
geometry	data/patches/auto_grown_20260420221908913_region_000/y.tif	d7401a7087710875e8e168e6d30410919d1739b9	10226	585a55d1419f10358f1977aa83e99538586d05bc4a4fbce469e0e43872db3d05	hf://scrollprize/datasets/spiral/PHercParis4/unverified_patches/auto_grown_20260420221908913_region_000/y.tif
geometry	data/patches/auto_grown_20260420221908913_region_000/z.tif	d7401a7087710875e8e168e6d30410919d1739b9	10226	c869bae7136509ed847593dbd7ee239f9149e329167b79bacd5e29fc358f2c65	hf://scrollprize/datasets/spiral/PHercParis4/unverified_patches/auto_grown_20260420221908913_region_000/z.tif
geometry	data/patches/auto_grown_20260420222607275_region_001/mask.tif	d7401a7087710875e8e168e6d30410919d1739b9	462	38f44687afc20e845f2ffda399dc61ca4189b3d5eccbefa1c53f7e382b088e59	hf://scrollprize/datasets/spiral/PHercParis4/unverified_patches/auto_grown_20260420222607275_region_001/mask.tif
geometry	data/patches/auto_grown_20260420222607275_region_001/meta.json	d7401a7087710875e8e168e6d30410919d1739b9	17146	b5d168b05e0a5ad517547ca7ab466e3814c30b40c9396f7142e328ea5b29bb9b	hf://scrollprize/datasets/spiral/PHercParis4/unverified_patches/auto_grown_20260420222607275_region_001/meta.json
geometry	data/patches/auto_grown_20260420222607275_region_001/x.tif	d7401a7087710875e8e168e6d30410919d1739b9	2630	a62092f59cbb958fa0a3c45434d63b5e3fc090473f4c1050d1ee2e95beb52b22	hf://scrollprize/datasets/spiral/PHercParis4/unverified_patches/auto_grown_20260420222607275_region_001/x.tif
geometry	data/patches/auto_grown_20260420222607275_region_001/y.tif	d7401a7087710875e8e168e6d30410919d1739b9	2630	bd19f99188dec81b2f1d38af7a0c07852ba71af7c5641d6cea9c154367a652d8	hf://scrollprize/datasets/spiral/PHercParis4/unverified_patches/auto_grown_20260420222607275_region_001/y.tif
geometry	data/patches/auto_grown_20260420222607275_region_001/z.tif	d7401a7087710875e8e168e6d30410919d1739b9	2630	590c1747064d502be556c59c29fe6b0f7cc42b54c7311bddce108a1b7ceb8205	hf://scrollprize/datasets/spiral/PHercParis4/unverified_patches/auto_grown_20260420222607275_region_001/z.tif
geometry	data/patches/auto_grown_20260420222833562_region_000/mask.tif	d7401a7087710875e8e168e6d30410919d1739b9	510	4a6e7b8236676923f2eafff726cd5eb99383a0f9c1a9f05dcf94712b487b5bba	hf://scrollprize/datasets/spiral/PHercParis4/unverified_patches/auto_grown_20260420222833562_region_000/mask.tif
geometry	data/patches/auto_grown_20260420222833562_region_000/meta.json	d7401a7087710875e8e168e6d30410919d1739b9	16909	2aa303c796fd0ca7080142940b5a3f9fc9666657ca65ee23e546fc086ebb9c70	hf://scrollprize/datasets/spiral/PHercParis4/unverified_patches/auto_grown_20260420222833562_region_000/meta.json
geometry	data/patches/auto_grown_20260420222833562_region_000/x.tif	d7401a7087710875e8e168e6d30410919d1739b9	4982	95644daa4f44582fed0787962f67f95cd4a4b28a31e74d11751f718997f9c1fc	hf://scrollprize/datasets/spiral/PHercParis4/unverified_patches/auto_grown_20260420222833562_region_000/x.tif
geometry	data/patches/auto_grown_20260420222833562_region_000/y.tif	d7401a7087710875e8e168e6d30410919d1739b9	4982	19869df350dbb0298d0f102c2bbf3c907819e3921f2135b0fc0ff231c59125e4	hf://scrollprize/datasets/spiral/PHercParis4/unverified_patches/auto_grown_20260420222833562_region_000/y.tif
geometry	data/patches/auto_grown_20260420222833562_region_000/z.tif	d7401a7087710875e8e168e6d30410919d1739b9	4982	550daf4d8fa8e95d043e4b44bce7c056c9860c61a525f43fd1090ac399ab45a6	hf://scrollprize/datasets/spiral/PHercParis4/unverified_patches/auto_grown_20260420222833562_region_000/z.tif
geometry	data/patches/auto_grown_20260420222934877_region_002/mask.tif	d7401a7087710875e8e168e6d30410919d1739b9	461	63caef82c7486820a9e1120a898906d23469bff038317a8356fdbcba3e209c09	hf://scrollprize/datasets/spiral/PHercParis4/unverified_patches/auto_grown_20260420222934877_region_002/mask.tif
geometry	data/patches/auto_grown_20260420222934877_region_002/meta.json	d7401a7087710875e8e168e6d30410919d1739b9	16973	50553a8161cde6c28b25164987570d4df2a9d27e18e7ffa74306ed9cabc639db	hf://scrollprize/datasets/spiral/PHercParis4/unverified_patches/auto_grown_20260420222934877_region_002/meta.json
geometry	data/patches/auto_grown_20260420222934877_region_002/x.tif	d7401a7087710875e8e168e6d30410919d1739b9	3122	7b39b97166a541335c988f935f888a5c4516f9a2a96bfe1bb4eae1637dbf5a63	hf://scrollprize/datasets/spiral/PHercParis4/unverified_patches/auto_grown_20260420222934877_region_002/x.tif
geometry	data/patches/auto_grown_20260420222934877_region_002/y.tif	d7401a7087710875e8e168e6d30410919d1739b9	3122	80682e56f469cc9d03b565d34f4c6d8c54beb24c8a5e084f5477ed30b8aa965b	hf://scrollprize/datasets/spiral/PHercParis4/unverified_patches/auto_grown_20260420222934877_region_002/y.tif
geometry	data/patches/auto_grown_20260420222934877_region_002/z.tif	d7401a7087710875e8e168e6d30410919d1739b9	3122	8331454e852e1a2b41dcbacfec69290ec291a3b8ee9a6b63b9fdffaf21d997cf	hf://scrollprize/datasets/spiral/PHercParis4/unverified_patches/auto_grown_20260420222934877_region_002/z.tif
geometry	data/patches/auto_grown_20260420223223866_region_000/mask.tif	d7401a7087710875e8e168e6d30410919d1739b9	429	96288e9826d918ea5f6758f23f99f1801d7dc60041ff9bb3e175a5443ed789ea	hf://scrollprize/datasets/spiral/PHercParis4/unverified_patches/auto_grown_20260420223223866_region_000/mask.tif
geometry	data/patches/auto_grown_20260420223223866_region_000/meta.json	d7401a7087710875e8e168e6d30410919d1739b9	17073	36af153cbcb485a9b5ac1a24aa14d22c81b1a1040bf2351afd85bbd637281d33	hf://scrollprize/datasets/spiral/PHercParis4/unverified_patches/auto_grown_20260420223223866_region_000/meta.json
geometry	data/patches/auto_grown_20260420223223866_region_000/x.tif	d7401a7087710875e8e168e6d30410919d1739b9	4754	503b8b9a6d5ff4c0f9196f5bc6a9ab18c4d2a9ff02044402d13b74384f24113f	hf://scrollprize/datasets/spiral/PHercParis4/unverified_patches/auto_grown_20260420223223866_region_000/x.tif
geometry	data/patches/auto_grown_20260420223223866_region_000/y.tif	d7401a7087710875e8e168e6d30410919d1739b9	4754	0a46ded7c32ff289e62727b108c7209e21776a2c910d7518db1a7100f0e84e5a	hf://scrollprize/datasets/spiral/PHercParis4/unverified_patches/auto_grown_20260420223223866_region_000/y.tif
geometry	data/patches/auto_grown_20260420223223866_region_000/z.tif	d7401a7087710875e8e168e6d30410919d1739b9	4754	8c01724a2a8596fde177d68e35b12dd606eb9ae2bd22a1e5f48e51cb8892d79b	hf://scrollprize/datasets/spiral/PHercParis4/unverified_patches/auto_grown_20260420223223866_region_000/z.tif
geometry	data/patches/auto_grown_20260420223445609_region_000/mask.tif	d7401a7087710875e8e168e6d30410919d1739b9	888	30c295842c206c89f9d9f99d934a181d431feb503121d59151d752fef2b6f514	hf://scrollprize/datasets/spiral/PHercParis4/unverified_patches/auto_grown_20260420223445609_region_000/mask.tif
geometry	data/patches/auto_grown_20260420223445609_region_000/meta.json	d7401a7087710875e8e168e6d30410919d1739b9	16900	1a341882fa36fd551512b7028a7d8908874130bb4e8a98c8229a744540db27e6	hf://scrollprize/datasets/spiral/PHercParis4/unverified_patches/auto_grown_20260420223445609_region_000/meta.json
geometry	data/patches/auto_grown_20260420223445609_region_000/x.tif	d7401a7087710875e8e168e6d30410919d1739b9	22034	31d50dded41fd5b4138cc55ef72b81630326954ab57439a5b64e3709cceaf0a4	hf://scrollprize/datasets/spiral/PHercParis4/unverified_patches/auto_grown_20260420223445609_region_000/x.tif
geometry	data/patches/auto_grown_20260420223445609_region_000/y.tif	d7401a7087710875e8e168e6d30410919d1739b9	22034	8e7a718d3254c29ed3381f87e04e7e90bf15a397b6c45c3e74d2b8c97e329469	hf://scrollprize/datasets/spiral/PHercParis4/unverified_patches/auto_grown_20260420223445609_region_000/y.tif
geometry	data/patches/auto_grown_20260420223445609_region_000/z.tif	d7401a7087710875e8e168e6d30410919d1739b9	22034	a2fa14c6d2a64c9e99176f51ce0a402768733c9630ff44fd255df5c02f31fb04	hf://scrollprize/datasets/spiral/PHercParis4/unverified_patches/auto_grown_20260420223445609_region_000/z.tif
geometry	data/patches/auto_grown_20260420225333915_region_001/mask.tif	d7401a7087710875e8e168e6d30410919d1739b9	571	835d78964bd60936fe14b36d771b4ad4cc09473194f1b70f0d7e1d3d7c105aff	hf://scrollprize/datasets/spiral/PHercParis4/unverified_patches/auto_grown_20260420225333915_region_001/mask.tif
geometry	data/patches/auto_grown_20260420225333915_region_001/meta.json	d7401a7087710875e8e168e6d30410919d1739b9	16949	b25c7463a0cee042821504525f2ce81adb2ef32f8b4f9f93a212066d936663e0	hf://scrollprize/datasets/spiral/PHercParis4/unverified_patches/auto_grown_20260420225333915_region_001/meta.json
geometry	data/patches/auto_grown_20260420225333915_region_001/x.tif	d7401a7087710875e8e168e6d30410919d1739b9	19346	79ad0aed2b1d3882391870cad39d831b279d743eef072ab29e1cd3ce51320e8b	hf://scrollprize/datasets/spiral/PHercParis4/unverified_patches/auto_grown_20260420225333915_region_001/x.tif
geometry	data/patches/auto_grown_20260420225333915_region_001/y.tif	d7401a7087710875e8e168e6d30410919d1739b9	19346	5a48afcd2d09aad53cefb3caa0a73a4f36f965f48aa45e5fb738f96f91140ee3	hf://scrollprize/datasets/spiral/PHercParis4/unverified_patches/auto_grown_20260420225333915_region_001/y.tif
geometry	data/patches/auto_grown_20260420225333915_region_001/z.tif	d7401a7087710875e8e168e6d30410919d1739b9	19346	654cbf34294d78166ffd8da4d6f6a8116e604c8777a104b7ae608780bb3603ac	hf://scrollprize/datasets/spiral/PHercParis4/unverified_patches/auto_grown_20260420225333915_region_001/z.tif
geometry	data/patches/auto_grown_20260420225718796_region_001/mask.tif	d7401a7087710875e8e168e6d30410919d1739b9	640	6bd89ae4bb386fafa73fa79ab49ca533a35bdb566a79f97c8bb2ce1836c692b3	hf://scrollprize/datasets/spiral/PHercParis4/unverified_patches/auto_grown_20260420225718796_region_001/mask.tif
geometry	data/patches/auto_grown_20260420225718796_region_001/meta.json	d7401a7087710875e8e168e6d30410919d1739b9	16803	e984e3098e0fabd5541ebb5fe422ddd45c993e24a8b311ac785b59d7bb5e0c53	hf://scrollprize/datasets/spiral/PHercParis4/unverified_patches/auto_grown_20260420225718796_region_001/meta.json
geometry	data/patches/auto_grown_20260420225718796_region_001/x.tif	d7401a7087710875e8e168e6d30410919d1739b9	8570	61a056e4d1e006fe2eab738a05658013bc9f953925d4b9cec3ed663123382262	hf://scrollprize/datasets/spiral/PHercParis4/unverified_patches/auto_grown_20260420225718796_region_001/x.tif
geometry	data/patches/auto_grown_20260420225718796_region_001/y.tif	d7401a7087710875e8e168e6d30410919d1739b9	8570	bf0c2b057f19fd5b88c4e25697a8e0cfdebd0cb2589f4c7f4cddf777a88d68b0	hf://scrollprize/datasets/spiral/PHercParis4/unverified_patches/auto_grown_20260420225718796_region_001/y.tif
geometry	data/patches/auto_grown_20260420225718796_region_001/z.tif	d7401a7087710875e8e168e6d30410919d1739b9	8570	db2902ef0fe2dd65f6ec5d2745cffd09452cd52a664ffdd0b03e1461d01e5a6d	hf://scrollprize/datasets/spiral/PHercParis4/unverified_patches/auto_grown_20260420225718796_region_001/z.tif
geometry	data/patches/auto_grown_20260420225826918_region_000/mask.tif	d7401a7087710875e8e168e6d30410919d1739b9	463	ee2b5f3ebb25d3564a70779b4f9aa5f844944d7b5b2cb2e0a77bdaaab880c678	hf://scrollprize/datasets/spiral/PHercParis4/unverified_patches/auto_grown_20260420225826918_region_000/mask.tif
geometry	data/patches/auto_grown_20260420225826918_region_000/meta.json	d7401a7087710875e8e168e6d30410919d1739b9	17053	f08df9bc52357aca4c317eab8400bcb2e7998aa3fcc2975b2693b59fda52f1c6	hf://scrollprize/datasets/spiral/PHercParis4/unverified_patches/auto_grown_20260420225826918_region_000/meta.json
geometry	data/patches/auto_grown_20260420225826918_region_000/x.tif	d7401a7087710875e8e168e6d30410919d1739b9	2954	c891fbe84330ac483b3699a0ba0cb8c21301a5de7d0c374b0cab9b21bdc58302	hf://scrollprize/datasets/spiral/PHercParis4/unverified_patches/auto_grown_20260420225826918_region_000/x.tif
geometry	data/patches/auto_grown_20260420225826918_region_000/y.tif	d7401a7087710875e8e168e6d30410919d1739b9	2954	8e14f59cf17c73f7051ab029bb80872c7d2f8f15fa5bffb1c0209ef212bccbe8	hf://scrollprize/datasets/spiral/PHercParis4/unverified_patches/auto_grown_20260420225826918_region_000/y.tif
geometry	data/patches/auto_grown_20260420225826918_region_000/z.tif	d7401a7087710875e8e168e6d30410919d1739b9	2954	ab525a97a734299c0a9c5ac15208f4f7a3e7909eaaecad5b2dfc8161565b826d	hf://scrollprize/datasets/spiral/PHercParis4/unverified_patches/auto_grown_20260420225826918_region_000/z.tif
geometry	data/patches/auto_grown_20260420230045160_region_003/mask.tif	d7401a7087710875e8e168e6d30410919d1739b9	583	19e3186deaf87dcc48aa1b32eedd1d7625bc82191afb9db4e45ccf14dc5ff1f8	hf://scrollprize/datasets/spiral/PHercParis4/unverified_patches/auto_grown_20260420230045160_region_003/mask.tif
geometry	data/patches/auto_grown_20260420230045160_region_003/meta.json	d7401a7087710875e8e168e6d30410919d1739b9	16764	82813c77b84450bd1abfb7f00f24be963b6719f4df73315805830e2f4b69b188	hf://scrollprize/datasets/spiral/PHercParis4/unverified_patches/auto_grown_20260420230045160_region_003/meta.json
geometry	data/patches/auto_grown_20260420230045160_region_003/x.tif	d7401a7087710875e8e168e6d30410919d1739b9	5770	aaed819e0b50e2ee46866fc51bb5ebb42d77691a312f3fc173d71b09a5cd8523	hf://scrollprize/datasets/spiral/PHercParis4/unverified_patches/auto_grown_20260420230045160_region_003/x.tif
geometry	data/patches/auto_grown_20260420230045160_region_003/y.tif	d7401a7087710875e8e168e6d30410919d1739b9	5770	1bbaeaedcdfdfc3f4b986a07b085b84cc9059b21049fcbc72e634c49ffceced3	hf://scrollprize/datasets/spiral/PHercParis4/unverified_patches/auto_grown_20260420230045160_region_003/y.tif
geometry	data/patches/auto_grown_20260420230045160_region_003/z.tif	d7401a7087710875e8e168e6d30410919d1739b9	5770	a705e21884c4f7469abb442e00dc437256f3644d1900b766c1848145936f2347	hf://scrollprize/datasets/spiral/PHercParis4/unverified_patches/auto_grown_20260420230045160_region_003/z.tif
geometry	data/patches/auto_grown_20260420230357173_region_003/mask.tif	d7401a7087710875e8e168e6d30410919d1739b9	462	7187684930935a2901dfeae497c7ee98285444fae33c03d45c9f15006ac37239	hf://scrollprize/datasets/spiral/PHercParis4/unverified_patches/auto_grown_20260420230357173_region_003/mask.tif
geometry	data/patches/auto_grown_20260420230357173_region_003/meta.json	d7401a7087710875e8e168e6d30410919d1739b9	16937	cfc7babc248e8dd375a973c2fc30b3c382e16f752abba74fdece0a2784974086	hf://scrollprize/datasets/spiral/PHercParis4/unverified_patches/auto_grown_20260420230357173_region_003/meta.json
geometry	data/patches/auto_grown_20260420230357173_region_003/x.tif	d7401a7087710875e8e168e6d30410919d1739b9	3506	ed630d13e3ac6fc97bd9b6f17c69cf972ea3e2913647b1b5ab64aa74076a13a7	hf://scrollprize/datasets/spiral/PHercParis4/unverified_patches/auto_grown_20260420230357173_region_003/x.tif
geometry	data/patches/auto_grown_20260420230357173_region_003/y.tif	d7401a7087710875e8e168e6d30410919d1739b9	3506	9b9c8206a56add0f305e8f0d721142302f895b5e1142ed8d9246e7624562b3c2	hf://scrollprize/datasets/spiral/PHercParis4/unverified_patches/auto_grown_20260420230357173_region_003/y.tif
geometry	data/patches/auto_grown_20260420230357173_region_003/z.tif	d7401a7087710875e8e168e6d30410919d1739b9	3506	157478098fc22620688c3b947766ffa5cb8162422041ebadeaf5b90eb6bf560b	hf://scrollprize/datasets/spiral/PHercParis4/unverified_patches/auto_grown_20260420230357173_region_003/z.tif
geometry	data/patches/auto_grown_20260420230630866_region_001/mask.tif	d7401a7087710875e8e168e6d30410919d1739b9	1044	cdebc559e394c71bc246d085b306fefd14f33d3d5ef642b5319b9b4528fe0fbb	hf://scrollprize/datasets/spiral/PHercParis4/unverified_patches/auto_grown_20260420230630866_region_001/mask.tif
geometry	data/patches/auto_grown_20260420230630866_region_001/meta.json	d7401a7087710875e8e168e6d30410919d1739b9	17174	f75d1e80204cd568fad4d1a6b474371c36ecacf20af7ab62072c3219284af922	hf://scrollprize/datasets/spiral/PHercParis4/unverified_patches/auto_grown_20260420230630866_region_001/meta.json
geometry	data/patches/auto_grown_20260420230630866_region_001/x.tif	d7401a7087710875e8e168e6d30410919d1739b9	31450	76c3f84d93d0d091d946eae604cddad33c95df2cc9d1772a739e07fb8f6bb384	hf://scrollprize/datasets/spiral/PHercParis4/unverified_patches/auto_grown_20260420230630866_region_001/x.tif
geometry	data/patches/auto_grown_20260420230630866_region_001/y.tif	d7401a7087710875e8e168e6d30410919d1739b9	31450	a4f3a47e090bd14f5059b599dedaf0981920c0873b329659a44d52db07401357	hf://scrollprize/datasets/spiral/PHercParis4/unverified_patches/auto_grown_20260420230630866_region_001/y.tif
geometry	data/patches/auto_grown_20260420230630866_region_001/z.tif	d7401a7087710875e8e168e6d30410919d1739b9	31450	1ddaf9bdf9bc8aa26185ef792af09dd02b8f73f5db2da4e62816fddea7a50f8c	hf://scrollprize/datasets/spiral/PHercParis4/unverified_patches/auto_grown_20260420230630866_region_001/z.tif
geometry	data/patches/auto_grown_20260420232424474_region_002/mask.tif	d7401a7087710875e8e168e6d30410919d1739b9	610	7f78de0c33120ee4f509e15a5ddd533d9c797b6d6f2be3ce7c2413bae2059899	hf://scrollprize/datasets/spiral/PHercParis4/unverified_patches/auto_grown_20260420232424474_region_002/mask.tif
geometry	data/patches/auto_grown_20260420232424474_region_002/meta.json	d7401a7087710875e8e168e6d30410919d1739b9	16942	ce199a64c297d48c4ce60fe115b3a97a84309397a71592660fe9be1094edb8a8	hf://scrollprize/datasets/spiral/PHercParis4/unverified_patches/auto_grown_20260420232424474_region_002/meta.json
geometry	data/patches/auto_grown_20260420232424474_region_002/x.tif	d7401a7087710875e8e168e6d30410919d1739b9	7874	eaa43f3d2a173f4e4297e68e38609203915d4b957a94033e25444622a5526b1b	hf://scrollprize/datasets/spiral/PHercParis4/unverified_patches/auto_grown_20260420232424474_region_002/x.tif
geometry	data/patches/auto_grown_20260420232424474_region_002/y.tif	d7401a7087710875e8e168e6d30410919d1739b9	7874	e1946f509c4e09818ba7475354e72e2b8e95e1179747ac0f7070169a414d2797	hf://scrollprize/datasets/spiral/PHercParis4/unverified_patches/auto_grown_20260420232424474_region_002/y.tif
geometry	data/patches/auto_grown_20260420232424474_region_002/z.tif	d7401a7087710875e8e168e6d30410919d1739b9	7874	bfbf3eeb7b3ede148043eab8f106a5357f61faba1c82c93771ee290fb99c9dd2	hf://scrollprize/datasets/spiral/PHercParis4/unverified_patches/auto_grown_20260420232424474_region_002/z.tif
geometry	data/patches/auto_grown_20260420232429732_region_004/mask.tif	d7401a7087710875e8e168e6d30410919d1739b9	452	87fbc30f5f42fed28bb2e6c63b6328ae7debfdd50ecde119b9615186907cb283	hf://scrollprize/datasets/spiral/PHercParis4/unverified_patches/auto_grown_20260420232429732_region_004/mask.tif
geometry	data/patches/auto_grown_20260420232429732_region_004/meta.json	d7401a7087710875e8e168e6d30410919d1739b9	16566	014ede5323b345c8b34dc5e55767559b424f083a63f44e4e7e98cbc706aa813d	hf://scrollprize/datasets/spiral/PHercParis4/unverified_patches/auto_grown_20260420232429732_region_004/meta.json
geometry	data/patches/auto_grown_20260420232429732_region_004/x.tif	d7401a7087710875e8e168e6d30410919d1739b9	10514	ae2ed702b362a98b1ccb9e1f0798d015d353ad57e32351cccad26d6b08f38a74	hf://scrollprize/datasets/spiral/PHercParis4/unverified_patches/auto_grown_20260420232429732_region_004/x.tif
geometry	data/patches/auto_grown_20260420232429732_region_004/y.tif	d7401a7087710875e8e168e6d30410919d1739b9	10514	7af34e4e0ac6febb8debee65f7d97ff37649bb454c7d1ed0ae16cc516b91e94c	hf://scrollprize/datasets/spiral/PHercParis4/unverified_patches/auto_grown_20260420232429732_region_004/y.tif
geometry	data/patches/auto_grown_20260420232429732_region_004/z.tif	d7401a7087710875e8e168e6d30410919d1739b9	10514	68589e54b2e06b07d330261b1bfd9fc499011a99f205b9175faf4c9abc35678b	hf://scrollprize/datasets/spiral/PHercParis4/unverified_patches/auto_grown_20260420232429732_region_004/z.tif
geometry	data/patches/auto_grown_20260420233110184_region_002/mask.tif	d7401a7087710875e8e168e6d30410919d1739b9	460	f5fcbb7a004149eec98aeab1eb07ccaa0d5a0b29831a0299e176876cfd7da69a	hf://scrollprize/datasets/spiral/PHercParis4/unverified_patches/auto_grown_20260420233110184_region_002/mask.tif
geometry	data/patches/auto_grown_20260420233110184_region_002/meta.json	d7401a7087710875e8e168e6d30410919d1739b9	17142	15c3ef0550ddd6f480c3093a77893010ce9328def046f00e427f38b204cff779	hf://scrollprize/datasets/spiral/PHercParis4/unverified_patches/auto_grown_20260420233110184_region_002/meta.json
geometry	data/patches/auto_grown_20260420233110184_region_002/x.tif	d7401a7087710875e8e168e6d30410919d1739b9	2786	e79c15ac4ca716099efe0b7d8a7311928a39b6a48b1b116a71fe8e2ddcacbbd8	hf://scrollprize/datasets/spiral/PHercParis4/unverified_patches/auto_grown_20260420233110184_region_002/x.tif
geometry	data/patches/auto_grown_20260420233110184_region_002/y.tif	d7401a7087710875e8e168e6d30410919d1739b9	2786	a2e90d5a9bdcfa1d19d350962964455b846c666f93f3e60318123ce5b95e0ccd	hf://scrollprize/datasets/spiral/PHercParis4/unverified_patches/auto_grown_20260420233110184_region_002/y.tif
geometry	data/patches/auto_grown_20260420233110184_region_002/z.tif	d7401a7087710875e8e168e6d30410919d1739b9	2786	9d28567629d9b5bc6fa9c4c608bd7b1a41d60e13194599c0c14fe19f271b2409	hf://scrollprize/datasets/spiral/PHercParis4/unverified_patches/auto_grown_20260420233110184_region_002/z.tif
geometry	data/patches/auto_grown_20260420233700250_region_001/mask.tif	d7401a7087710875e8e168e6d30410919d1739b9	707	f2a63a5fb67b6cf16d8105d57744f1e7a448fae614fbbddb0d6321d2f70b850b	hf://scrollprize/datasets/spiral/PHercParis4/unverified_patches/auto_grown_20260420233700250_region_001/mask.tif
geometry	data/patches/auto_grown_20260420233700250_region_001/meta.json	d7401a7087710875e8e168e6d30410919d1739b9	16789	e4d8d78cfb382f5f24e38b1196a0d13f054f5632a15885a5eb2265fe4c03537a	hf://scrollprize/datasets/spiral/PHercParis4/unverified_patches/auto_grown_20260420233700250_region_001/meta.json
geometry	data/patches/auto_grown_20260420233700250_region_001/x.tif	d7401a7087710875e8e168e6d30410919d1739b9	11346	70001bc42e638643eb6134d363d05dbc0db84d84969d3270a72dadfc68fe5782	hf://scrollprize/datasets/spiral/PHercParis4/unverified_patches/auto_grown_20260420233700250_region_001/x.tif
geometry	data/patches/auto_grown_20260420233700250_region_001/y.tif	d7401a7087710875e8e168e6d30410919d1739b9	11346	df9a8d2fcb6f20ebb9a0a645cf01ac12a226aa8c266e8022cdcdd26f68bb6af9	hf://scrollprize/datasets/spiral/PHercParis4/unverified_patches/auto_grown_20260420233700250_region_001/y.tif
geometry	data/patches/auto_grown_20260420233700250_region_001/z.tif	d7401a7087710875e8e168e6d30410919d1739b9	11346	81f8d27a92cd1b6c7ae5ae8afe18668491923b69c9e357cffbe58211cd7d8f28	hf://scrollprize/datasets/spiral/PHercParis4/unverified_patches/auto_grown_20260420233700250_region_001/z.tif
geometry	data/patches/auto_grown_20260420234342556_region_001/mask.tif	d7401a7087710875e8e168e6d30410919d1739b9	463	5a388a2fefdd2314eb9b418151b8430f47f1eb269a9e4a53cc543bdad79f2988	hf://scrollprize/datasets/spiral/PHercParis4/unverified_patches/auto_grown_20260420234342556_region_001/mask.tif
geometry	data/patches/auto_grown_20260420234342556_region_001/meta.json	d7401a7087710875e8e168e6d30410919d1739b9	16958	6882a29f5c72e846259cacd51e8f50aeb57d0b112ccb123d76dcf9a45370ca32	hf://scrollprize/datasets/spiral/PHercParis4/unverified_patches/auto_grown_20260420234342556_region_001/meta.json
geometry	data/patches/auto_grown_20260420234342556_region_001/x.tif	d7401a7087710875e8e168e6d30410919d1739b9	2846	5bd08e29cf084c0dcd85fd7a477d454f303d405baaa3f603074bbdc9c3ee23f9	hf://scrollprize/datasets/spiral/PHercParis4/unverified_patches/auto_grown_20260420234342556_region_001/x.tif
geometry	data/patches/auto_grown_20260420234342556_region_001/y.tif	d7401a7087710875e8e168e6d30410919d1739b9	2846	6f004ff0315142d62cce6055abd1d3c6b7f6108ec2395753597d58d1c9ccb4bd	hf://scrollprize/datasets/spiral/PHercParis4/unverified_patches/auto_grown_20260420234342556_region_001/y.tif
geometry	data/patches/auto_grown_20260420234342556_region_001/z.tif	d7401a7087710875e8e168e6d30410919d1739b9	2846	50522eccaa2453026b9b08e8c60179c28f78663e58098cbcb33c681b35cab438	hf://scrollprize/datasets/spiral/PHercParis4/unverified_patches/auto_grown_20260420234342556_region_001/z.tif
geometry	data/patches/auto_grown_20260420234351774_region_000/mask.tif	d7401a7087710875e8e168e6d30410919d1739b9	1377	59556d7f1e93509718d61ea0d7074aea43c59684e4bc90113d8ed1bfe89d90b3	hf://scrollprize/datasets/spiral/PHercParis4/unverified_patches/auto_grown_20260420234351774_region_000/mask.tif
geometry	data/patches/auto_grown_20260420234351774_region_000/meta.json	d7401a7087710875e8e168e6d30410919d1739b9	16733	8cefa6fc41f1f0bd81162806f39f6ae127a424590fa6111da091990381b9e1b7	hf://scrollprize/datasets/spiral/PHercParis4/unverified_patches/auto_grown_20260420234351774_region_000/meta.json
geometry	data/patches/auto_grown_20260420234351774_region_000/x.tif	d7401a7087710875e8e168e6d30410919d1739b9	64970	599e2f9f63ae2a7d5d814241b5fc61a4d45c30c5d43f6f793f1e695615ed8320	hf://scrollprize/datasets/spiral/PHercParis4/unverified_patches/auto_grown_20260420234351774_region_000/x.tif
geometry	data/patches/auto_grown_20260420234351774_region_000/y.tif	d7401a7087710875e8e168e6d30410919d1739b9	64970	2586f8aa6901ef3280027e913ae783c17e0e6ef279d8c395b5dc790ab0dd1fbb	hf://scrollprize/datasets/spiral/PHercParis4/unverified_patches/auto_grown_20260420234351774_region_000/y.tif
geometry	data/patches/auto_grown_20260420234351774_region_000/z.tif	d7401a7087710875e8e168e6d30410919d1739b9	64970	cf39b32429eaf22f52d0317e141ce75a79e6036baa3bde1673d855be9e4b28fb	hf://scrollprize/datasets/spiral/PHercParis4/unverified_patches/auto_grown_20260420234351774_region_000/z.tif
geometry	data/patches/auto_grown_20260420234715759_region_004/mask.tif	d7401a7087710875e8e168e6d30410919d1739b9	431	54ae9a18d369458fe1c14142c1f098b2090292e4088e7f941696c85a1f4f89c3	hf://scrollprize/datasets/spiral/PHercParis4/unverified_patches/auto_grown_20260420234715759_region_004/mask.tif
geometry	data/patches/auto_grown_20260420234715759_region_004/meta.json	d7401a7087710875e8e168e6d30410919d1739b9	16404	11f9bd6aac690b39c092ad8b6f2eb7387b7f2d645b05631c7a0062ffad210963	hf://scrollprize/datasets/spiral/PHercParis4/unverified_patches/auto_grown_20260420234715759_region_004/meta.json
geometry	data/patches/auto_grown_20260420234715759_region_004/x.tif	d7401a7087710875e8e168e6d30410919d1739b9	4882	32058aa29bae49f126870477a3af72e8d5835d55a450c733236fd22c7e199508	hf://scrollprize/datasets/spiral/PHercParis4/unverified_patches/auto_grown_20260420234715759_region_004/x.tif
geometry	data/patches/auto_grown_20260420234715759_region_004/y.tif	d7401a7087710875e8e168e6d30410919d1739b9	4882	6b78e1acb6c3bb3d57258a3e2589c9ad5c63f233004babfe8e4606645d474f22	hf://scrollprize/datasets/spiral/PHercParis4/unverified_patches/auto_grown_20260420234715759_region_004/y.tif
geometry	data/patches/auto_grown_20260420234715759_region_004/z.tif	d7401a7087710875e8e168e6d30410919d1739b9	4882	005ac18df017939fcbb699ab547821ab805576865e20391def014e01d662b44a	hf://scrollprize/datasets/spiral/PHercParis4/unverified_patches/auto_grown_20260420234715759_region_004/z.tif
geometry	data/patches/auto_grown_20260420235129755_region_003/mask.tif	d7401a7087710875e8e168e6d30410919d1739b9	756	91486ca68af9bab4a4fb035adfbb5277d69bb7a08e4a9267181b181aaf31aaed	hf://scrollprize/datasets/spiral/PHercParis4/unverified_patches/auto_grown_20260420235129755_region_003/mask.tif
geometry	data/patches/auto_grown_20260420235129755_region_003/meta.json	d7401a7087710875e8e168e6d30410919d1739b9	16895	a0c40710f01f77f1f0d7b01213abc3f675c25c558f6d6c0fd03598dcc8442074	hf://scrollprize/datasets/spiral/PHercParis4/unverified_patches/auto_grown_20260420235129755_region_003/meta.json
geometry	data/patches/auto_grown_20260420235129755_region_003/x.tif	d7401a7087710875e8e168e6d30410919d1739b9	12906	309297b717f18b4f8a377e416e86194938f67b40022db8087a1b5bb0a2b5219f	hf://scrollprize/datasets/spiral/PHercParis4/unverified_patches/auto_grown_20260420235129755_region_003/x.tif
geometry	data/patches/auto_grown_20260420235129755_region_003/y.tif	d7401a7087710875e8e168e6d30410919d1739b9	12906	0f00b8a32cf3413b6e87b43d8864a6b5805a0b5c3e62010dd3566bdf27e04d32	hf://scrollprize/datasets/spiral/PHercParis4/unverified_patches/auto_grown_20260420235129755_region_003/y.tif
geometry	data/patches/auto_grown_20260420235129755_region_003/z.tif	d7401a7087710875e8e168e6d30410919d1739b9	12906	d25d474a690e62f5a361d2a4555a0f6b51b477054127dab4719da5968d01bb19	hf://scrollprize/datasets/spiral/PHercParis4/unverified_patches/auto_grown_20260420235129755_region_003/z.tif
geometry	data/patches/auto_grown_20260421000216723_region_000/mask.tif	d7401a7087710875e8e168e6d30410919d1739b9	493	b5e44402b98c80904678ec2f9294ac48114e2410563994c3742497bbb2078120	hf://scrollprize/datasets/spiral/PHercParis4/unverified_patches/auto_grown_20260421000216723_region_000/mask.tif
geometry	data/patches/auto_grown_20260421000216723_region_000/meta.json	d7401a7087710875e8e168e6d30410919d1739b9	17099	0b3d3917e30ba42683f43c75042a46c2346470b41cba2a82b32b323849bd9376	hf://scrollprize/datasets/spiral/PHercParis4/unverified_patches/auto_grown_20260421000216723_region_000/meta.json
geometry	data/patches/auto_grown_20260421000216723_region_000/x.tif	d7401a7087710875e8e168e6d30410919d1739b9	4238	4d576bc8cd96c046b59eb64a58ce04369a8e3ca8dfcdd06b9a32d57251154872	hf://scrollprize/datasets/spiral/PHercParis4/unverified_patches/auto_grown_20260421000216723_region_000/x.tif
geometry	data/patches/auto_grown_20260421000216723_region_000/y.tif	d7401a7087710875e8e168e6d30410919d1739b9	4238	8aa2a31fe0a29333ed36281a7adf5c5a102624401b18ef265c835b61ae1d6327	hf://scrollprize/datasets/spiral/PHercParis4/unverified_patches/auto_grown_20260421000216723_region_000/y.tif
geometry	data/patches/auto_grown_20260421000216723_region_000/z.tif	d7401a7087710875e8e168e6d30410919d1739b9	4238	5854e73163ff03297cafc00af338d1bbcc212ae8bd2327a182651e1808620b36	hf://scrollprize/datasets/spiral/PHercParis4/unverified_patches/auto_grown_20260421000216723_region_000/z.tif
geometry	data/patches/auto_grown_20260421000238951_region_002/mask.tif	d7401a7087710875e8e168e6d30410919d1739b9	668	acbfdb6ec74a8b983ec80feba1a10e420b2b97f28e430f76931a78b61dcc1e07	hf://scrollprize/datasets/spiral/PHercParis4/unverified_patches/auto_grown_20260421000238951_region_002/mask.tif
geometry	data/patches/auto_grown_20260421000238951_region_002/meta.json	d7401a7087710875e8e168e6d30410919d1739b9	16902	ec92f7b7e5ac2825ecfa3c5fd15e530038c3c44b8e7a1fe448025036371f5c88	hf://scrollprize/datasets/spiral/PHercParis4/unverified_patches/auto_grown_20260421000238951_region_002/meta.json
geometry	data/patches/auto_grown_20260421000238951_region_002/x.tif	d7401a7087710875e8e168e6d30410919d1739b9	9866	aee82bdbb350a0567043b2de9c85c4e03bd1ac9ea4148b8d867f3e18f783b5eb	hf://scrollprize/datasets/spiral/PHercParis4/unverified_patches/auto_grown_20260421000238951_region_002/x.tif
geometry	data/patches/auto_grown_20260421000238951_region_002/y.tif	d7401a7087710875e8e168e6d30410919d1739b9	9866	74e4389a4d7a5015fb1a9012e24e03f5b97be651e59a04411b1d38351b2953e3	hf://scrollprize/datasets/spiral/PHercParis4/unverified_patches/auto_grown_20260421000238951_region_002/y.tif
geometry	data/patches/auto_grown_20260421000238951_region_002/z.tif	d7401a7087710875e8e168e6d30410919d1739b9	9866	d2cd074ea1b472cd127e3e8a8bd0de6881506645c1d280d919783e0829db8a24	hf://scrollprize/datasets/spiral/PHercParis4/unverified_patches/auto_grown_20260421000238951_region_002/z.tif
geometry	data/patches/auto_grown_20260421000238951_region_004/mask.tif	d7401a7087710875e8e168e6d30410919d1739b9	664	8a996c71d1e363d4c096416def8e25b1d67d4711406d12a22b3cdf41c3ca1afb	hf://scrollprize/datasets/spiral/PHercParis4/unverified_patches/auto_grown_20260421000238951_region_004/mask.tif
geometry	data/patches/auto_grown_20260421000238951_region_004/meta.json	d7401a7087710875e8e168e6d30410919d1739b9	16910	41df122adc9ab20ca743823ea36a769482191cd7d7ae5242afc44a6f17a77b03	hf://scrollprize/datasets/spiral/PHercParis4/unverified_patches/auto_grown_20260421000238951_region_004/meta.json
geometry	data/patches/auto_grown_20260421000238951_region_004/x.tif	d7401a7087710875e8e168e6d30410919d1739b9	9686	7e4daa604887ea24d8ee0db8be9d479ad0b274f3e32c852cd9ae931d673666d0	hf://scrollprize/datasets/spiral/PHercParis4/unverified_patches/auto_grown_20260421000238951_region_004/x.tif
geometry	data/patches/auto_grown_20260421000238951_region_004/y.tif	d7401a7087710875e8e168e6d30410919d1739b9	9686	b601072be504d66d12bf6111a0418b17baeaaef532917029c74b5544f67fa413	hf://scrollprize/datasets/spiral/PHercParis4/unverified_patches/auto_grown_20260421000238951_region_004/y.tif
geometry	data/patches/auto_grown_20260421000238951_region_004/z.tif	d7401a7087710875e8e168e6d30410919d1739b9	9686	5c2a4e157bf35351179edc3912f4f656be7cc4148c0537d374e87e6293c8a61c	hf://scrollprize/datasets/spiral/PHercParis4/unverified_patches/auto_grown_20260421000238951_region_004/z.tif
geometry	data/patches/auto_grown_20260421000318728_region_003/mask.tif	d7401a7087710875e8e168e6d30410919d1739b9	581	95477a568f4c8c8efe1a18504df465f1427dc8a1556b36227dad1fdbffcecb05	hf://scrollprize/datasets/spiral/PHercParis4/unverified_patches/auto_grown_20260421000318728_region_003/mask.tif
geometry	data/patches/auto_grown_20260421000318728_region_003/meta.json	d7401a7087710875e8e168e6d30410919d1739b9	16574	3746fd364f7a0da8d8a57ef06a17971e31ceef4623ddc94b18151b47e8d4f41f	hf://scrollprize/datasets/spiral/PHercParis4/unverified_patches/auto_grown_20260421000318728_region_003/meta.json
geometry	data/patches/auto_grown_20260421000318728_region_003/x.tif	d7401a7087710875e8e168e6d30410919d1739b9	5474	3cfe2f764849fcd9f74ce277f40ae454bcae557d57b384b390bd4191987ef982	hf://scrollprize/datasets/spiral/PHercParis4/unverified_patches/auto_grown_20260421000318728_region_003/x.tif
geometry	data/patches/auto_grown_20260421000318728_region_003/y.tif	d7401a7087710875e8e168e6d30410919d1739b9	5474	257f67c0db86d5265559c4f5cb595a722221d144e5fc33b9093bce49bdb4e93b	hf://scrollprize/datasets/spiral/PHercParis4/unverified_patches/auto_grown_20260421000318728_region_003/y.tif
geometry	data/patches/auto_grown_20260421000318728_region_003/z.tif	d7401a7087710875e8e168e6d30410919d1739b9	5474	576723ddc9289dacb5ab0648f7f6bbcf62a23632bb5f38fc3f6598f8210336b0	hf://scrollprize/datasets/spiral/PHercParis4/unverified_patches/auto_grown_20260421000318728_region_003/z.tif
geometry	data/patches/auto_grown_20260421000558460_region_001/mask.tif	d7401a7087710875e8e168e6d30410919d1739b9	465	ffc20155eb83e04a3cba497b5fc05ad5e048874654d2f548a4936d8095ce127f	hf://scrollprize/datasets/spiral/PHercParis4/unverified_patches/auto_grown_20260421000558460_region_001/mask.tif
geometry	data/patches/auto_grown_20260421000558460_region_001/meta.json	d7401a7087710875e8e168e6d30410919d1739b9	16803	50b2222a12d3d5fbaadfdaf128bdd4097a814032b06c3aafcbeb6e21af3e12d6	hf://scrollprize/datasets/spiral/PHercParis4/unverified_patches/auto_grown_20260421000558460_region_001/meta.json
geometry	data/patches/auto_grown_20260421000558460_region_001/x.tif	d7401a7087710875e8e168e6d30410919d1739b9	11090	7062c9b9fadae804f78171b36b76b082c7c8c1c0d4d2e1b72c799b495cff959b	hf://scrollprize/datasets/spiral/PHercParis4/unverified_patches/auto_grown_20260421000558460_region_001/x.tif
geometry	data/patches/auto_grown_20260421000558460_region_001/y.tif	d7401a7087710875e8e168e6d30410919d1739b9	11090	d6c78fc690d6a35f6d4427afd3af25dfd9866e87708851301ff50b4d14f7f664	hf://scrollprize/datasets/spiral/PHercParis4/unverified_patches/auto_grown_20260421000558460_region_001/y.tif
geometry	data/patches/auto_grown_20260421000558460_region_001/z.tif	d7401a7087710875e8e168e6d30410919d1739b9	11090	88745362bad7faab37b6483060cbcdb563aaf1ac7dee77664b155ae076585cb6	hf://scrollprize/datasets/spiral/PHercParis4/unverified_patches/auto_grown_20260421000558460_region_001/z.tif
geometry	data/patches/auto_grown_20260421001428872_region_000/mask.tif	d7401a7087710875e8e168e6d30410919d1739b9	461	d803d5342ef13ac8f861a64f9eeebc0207bf5c413f49f3435684ac8bc2f2fbe2	hf://scrollprize/datasets/spiral/PHercParis4/unverified_patches/auto_grown_20260421001428872_region_000/mask.tif
geometry	data/patches/auto_grown_20260421001428872_region_000/meta.json	d7401a7087710875e8e168e6d30410919d1739b9	16934	1657ccbf9be6f33d0bc9d8e22020bfde53d7cb049298ab6688efbc89c844d415	hf://scrollprize/datasets/spiral/PHercParis4/unverified_patches/auto_grown_20260421001428872_region_000/meta.json
geometry	data/patches/auto_grown_20260421001428872_region_000/x.tif	d7401a7087710875e8e168e6d30410919d1739b9	2642	8633ec9f81883c2cb9ba53bb435698d49d47f02573dfc1748b4bdadc7f7a7c34	hf://scrollprize/datasets/spiral/PHercParis4/unverified_patches/auto_grown_20260421001428872_region_000/x.tif
geometry	data/patches/auto_grown_20260421001428872_region_000/y.tif	d7401a7087710875e8e168e6d30410919d1739b9	2642	d75a2efa1bb76f152bae7d2c893fcb0eb82dbd7d0b6b694ed41f7e286d4b9ae5	hf://scrollprize/datasets/spiral/PHercParis4/unverified_patches/auto_grown_20260421001428872_region_000/y.tif
geometry	data/patches/auto_grown_20260421001428872_region_000/z.tif	d7401a7087710875e8e168e6d30410919d1739b9	2642	2e987d6074205a69308e0e757da5269dd2a358e1f32e31079d3ca487e35fc21b	hf://scrollprize/datasets/spiral/PHercParis4/unverified_patches/auto_grown_20260421001428872_region_000/z.tif
geometry	data/patches/auto_grown_20260421002556526_region_001/mask.tif	d7401a7087710875e8e168e6d30410919d1739b9	584	704892d12c100c5aa733f17d024d5ee6fafe322e1a3e88756928a2708ec97fb3	hf://scrollprize/datasets/spiral/PHercParis4/unverified_patches/auto_grown_20260421002556526_region_001/mask.tif
geometry	data/patches/auto_grown_20260421002556526_region_001/meta.json	d7401a7087710875e8e168e6d30410919d1739b9	17027	642f21ef6b934fc26467f2d6ece0074106d08f45025646748a2e1e3b939f5cec	hf://scrollprize/datasets/spiral/PHercParis4/unverified_patches/auto_grown_20260421002556526_region_001/meta.json
geometry	data/patches/auto_grown_20260421002556526_region_001/x.tif	d7401a7087710875e8e168e6d30410919d1739b9	5954	650fd6aa4908f6a1865069bce583a8fd4086894c28b935435cd00e826a0f0e6c	hf://scrollprize/datasets/spiral/PHercParis4/unverified_patches/auto_grown_20260421002556526_region_001/x.tif
geometry	data/patches/auto_grown_20260421002556526_region_001/y.tif	d7401a7087710875e8e168e6d30410919d1739b9	5954	78c0ccf83be1379dcf52218ad013d0750aecbe9b3bfc80250369d01c4d447bed	hf://scrollprize/datasets/spiral/PHercParis4/unverified_patches/auto_grown_20260421002556526_region_001/y.tif
geometry	data/patches/auto_grown_20260421002556526_region_001/z.tif	d7401a7087710875e8e168e6d30410919d1739b9	5954	0e6bdb65cb71538db4a0958836f49d402c0abd7a227e68735f727676f9aa9a19	hf://scrollprize/datasets/spiral/PHercParis4/unverified_patches/auto_grown_20260421002556526_region_001/z.tif
geometry	data/patches/auto_grown_20260421002918370_region_002/mask.tif	d7401a7087710875e8e168e6d30410919d1739b9	459	921f23778c09579f49c20b302a8a2356a614cf1e789fe8b56e0cdb3d94c11b27	hf://scrollprize/datasets/spiral/PHercParis4/unverified_patches/auto_grown_20260421002918370_region_002/mask.tif
geometry	data/patches/auto_grown_20260421002918370_region_002/meta.json	d7401a7087710875e8e168e6d30410919d1739b9	16775	8de6da4a63a51c42541c459b2e0f3baf63289e116725959ec63f76e4869ad72f	hf://scrollprize/datasets/spiral/PHercParis4/unverified_patches/auto_grown_20260421002918370_region_002/meta.json
geometry	data/patches/auto_grown_20260421002918370_region_002/x.tif	d7401a7087710875e8e168e6d30410919d1739b9	2846	1bdc78c7878bff7b98b52a0e6a64215849d0a34ba2073e0a39abf93bddd4c2c6	hf://scrollprize/datasets/spiral/PHercParis4/unverified_patches/auto_grown_20260421002918370_region_002/x.tif
geometry	data/patches/auto_grown_20260421002918370_region_002/y.tif	d7401a7087710875e8e168e6d30410919d1739b9	2846	68507f67337179f32574acdb8c8d5bf30a94689c081487f29ee7478d67050c24	hf://scrollprize/datasets/spiral/PHercParis4/unverified_patches/auto_grown_20260421002918370_region_002/y.tif
geometry	data/patches/auto_grown_20260421002918370_region_002/z.tif	d7401a7087710875e8e168e6d30410919d1739b9	2846	c876fb59f8777374c00757bb5509fdbec0449e0262ba8dfaa000f9f86621aa80	hf://scrollprize/datasets/spiral/PHercParis4/unverified_patches/auto_grown_20260421002918370_region_002/z.tif
geometry	data/patches/auto_grown_20260421003051042_region_001/mask.tif	d7401a7087710875e8e168e6d30410919d1739b9	584	704892d12c100c5aa733f17d024d5ee6fafe322e1a3e88756928a2708ec97fb3	hf://scrollprize/datasets/spiral/PHercParis4/unverified_patches/auto_grown_20260421003051042_region_001/mask.tif
geometry	data/patches/auto_grown_20260421003051042_region_001/meta.json	d7401a7087710875e8e168e6d30410919d1739b9	17103	5ed41d8fc146d46794892ae68d64c2cc37a6b9587f6739b207b880d7115896a4	hf://scrollprize/datasets/spiral/PHercParis4/unverified_patches/auto_grown_20260421003051042_region_001/meta.json
geometry	data/patches/auto_grown_20260421003051042_region_001/x.tif	d7401a7087710875e8e168e6d30410919d1739b9	5954	89fb13b6bf35bfabff210be701dfc1c3020903341e3fc8b83a22034b615a3e34	hf://scrollprize/datasets/spiral/PHercParis4/unverified_patches/auto_grown_20260421003051042_region_001/x.tif
geometry	data/patches/auto_grown_20260421003051042_region_001/y.tif	d7401a7087710875e8e168e6d30410919d1739b9	5954	aaf9ea5405014d70ad001f3192f7fb5356698bfaf13fde59f069c4ec6fc6435f	hf://scrollprize/datasets/spiral/PHercParis4/unverified_patches/auto_grown_20260421003051042_region_001/y.tif
geometry	data/patches/auto_grown_20260421003051042_region_001/z.tif	d7401a7087710875e8e168e6d30410919d1739b9	5954	5fe62ed07f9f093ac8faa06b231e23dfbe1a3ca6fa6acca2bde64ccff02380cb	hf://scrollprize/datasets/spiral/PHercParis4/unverified_patches/auto_grown_20260421003051042_region_001/z.tif
geometry	data/patches/auto_grown_20260421004013050_region_000/mask.tif	d7401a7087710875e8e168e6d30410919d1739b9	1485	8741d40baf19a20a7756cacd65906d720c6990e814d675043c92727f81e0ba49	hf://scrollprize/datasets/spiral/PHercParis4/unverified_patches/auto_grown_20260421004013050_region_000/mask.tif
geometry	data/patches/auto_grown_20260421004013050_region_000/meta.json	d7401a7087710875e8e168e6d30410919d1739b9	16926	60926a2ac9a7a459bd22002ecac0eaccef5aed4e5f7a965cb84200ba6a0f0e53	hf://scrollprize/datasets/spiral/PHercParis4/unverified_patches/auto_grown_20260421004013050_region_000/meta.json
geometry	data/patches/auto_grown_20260421004013050_region_000/x.tif	d7401a7087710875e8e168e6d30410919d1739b9	69646	10b3c78926962c9c1e31f2cf791c9fcf0d4a8820f23148288cc8f238f19e33a3	hf://scrollprize/datasets/spiral/PHercParis4/unverified_patches/auto_grown_20260421004013050_region_000/x.tif
geometry	data/patches/auto_grown_20260421004013050_region_000/y.tif	d7401a7087710875e8e168e6d30410919d1739b9	69646	57f05977f6aa10923510f0f45996bd47a58f126055cb62e81448f05a99e199ef	hf://scrollprize/datasets/spiral/PHercParis4/unverified_patches/auto_grown_20260421004013050_region_000/y.tif
geometry	data/patches/auto_grown_20260421004013050_region_000/z.tif	d7401a7087710875e8e168e6d30410919d1739b9	69646	277040a82bdffa548f8cd1df5aed828038470a7978ebbe3239d3952ccabf9a05	hf://scrollprize/datasets/spiral/PHercParis4/unverified_patches/auto_grown_20260421004013050_region_000/z.tif
geometry	data/patches/auto_grown_20260421004833775_region_004/mask.tif	d7401a7087710875e8e168e6d30410919d1739b9	473	1a192d382316e5792fa7d8202a84c924109e76a2b1c713a286dd5c98a3ec7f84	hf://scrollprize/datasets/spiral/PHercParis4/unverified_patches/auto_grown_20260421004833775_region_004/mask.tif
geometry	data/patches/auto_grown_20260421004833775_region_004/meta.json	d7401a7087710875e8e168e6d30410919d1739b9	16531	cb30b2520cb119350e5216325c0f1283b4b27b3f45eef11b0722c90ef459ff18	hf://scrollprize/datasets/spiral/PHercParis4/unverified_patches/auto_grown_20260421004833775_region_004/meta.json
geometry	data/patches/auto_grown_20260421004833775_region_004/x.tif	d7401a7087710875e8e168e6d30410919d1739b9	11474	787a99657a45886f86a7096d194b50338249a63f57768799cf27d6c9aeaff06d	hf://scrollprize/datasets/spiral/PHercParis4/unverified_patches/auto_grown_20260421004833775_region_004/x.tif
geometry	data/patches/auto_grown_20260421004833775_region_004/y.tif	d7401a7087710875e8e168e6d30410919d1739b9	11474	17ca775a8e6a4f135d118f775f445d7d7a870d797d3c2db230abeda75dc7f969	hf://scrollprize/datasets/spiral/PHercParis4/unverified_patches/auto_grown_20260421004833775_region_004/y.tif
geometry	data/patches/auto_grown_20260421004833775_region_004/z.tif	d7401a7087710875e8e168e6d30410919d1739b9	11474	ec6c232f8e8683734468a48b775980d13be90e74f4d68407a3ab7e740cead540	hf://scrollprize/datasets/spiral/PHercParis4/unverified_patches/auto_grown_20260421004833775_region_004/z.tif
geometry	data/patches/auto_grown_20260421005133775_region_001/mask.tif	d7401a7087710875e8e168e6d30410919d1739b9	724	97da48f0567b97d85d07d140770fbb851ff2e5b2c1a7bd955540db6e3fb06018	hf://scrollprize/datasets/spiral/PHercParis4/unverified_patches/auto_grown_20260421005133775_region_001/mask.tif
geometry	data/patches/auto_grown_20260421005133775_region_001/meta.json	d7401a7087710875e8e168e6d30410919d1739b9	16961	806646e7d7b28256e512733b2ac13c6cfeb4866d6868fce1e38da2f1f4cf76b7	hf://scrollprize/datasets/spiral/PHercParis4/unverified_patches/auto_grown_20260421005133775_region_001/meta.json
geometry	data/patches/auto_grown_20260421005133775_region_001/x.tif	d7401a7087710875e8e168e6d30410919d1739b9	12386	df443bf7b3d7b0dc418f4997975f3d6a50ed7ff456c7d3ba5fcdf7a82521ba2a	hf://scrollprize/datasets/spiral/PHercParis4/unverified_patches/auto_grown_20260421005133775_region_001/x.tif
geometry	data/patches/auto_grown_20260421005133775_region_001/y.tif	d7401a7087710875e8e168e6d30410919d1739b9	12386	7105e14014e83c6ed3e519c23ad781fddc136d74f1d8111445d51981b05e1854	hf://scrollprize/datasets/spiral/PHercParis4/unverified_patches/auto_grown_20260421005133775_region_001/y.tif
geometry	data/patches/auto_grown_20260421005133775_region_001/z.tif	d7401a7087710875e8e168e6d30410919d1739b9	12386	7efc5541eeeeb3df8649a0d122b984ea49a388889a8865febc123f86b9a4ae96	hf://scrollprize/datasets/spiral/PHercParis4/unverified_patches/auto_grown_20260421005133775_region_001/z.tif
geometry	data/patches/auto_grown_20260421005228337_region_001/mask.tif	d7401a7087710875e8e168e6d30410919d1739b9	457	985eb8b257e604f97415464b91e38924f9e18b7d5a999f206b4dd5a2539f1030	hf://scrollprize/datasets/spiral/PHercParis4/unverified_patches/auto_grown_20260421005228337_region_001/mask.tif
geometry	data/patches/auto_grown_20260421005228337_region_001/meta.json	d7401a7087710875e8e168e6d30410919d1739b9	16876	856386b18858e00056bbb7d5e1c646212e34cffc083fea473e2f4086f658a170	hf://scrollprize/datasets/spiral/PHercParis4/unverified_patches/auto_grown_20260421005228337_region_001/meta.json
geometry	data/patches/auto_grown_20260421005228337_region_001/x.tif	d7401a7087710875e8e168e6d30410919d1739b9	2630	1b78372619bdda6a1cbe37d98fa39def43a78357ae6ec9d7a632508b0a360641	hf://scrollprize/datasets/spiral/PHercParis4/unverified_patches/auto_grown_20260421005228337_region_001/x.tif
geometry	data/patches/auto_grown_20260421005228337_region_001/y.tif	d7401a7087710875e8e168e6d30410919d1739b9	2630	7f41091587e92fae708f82e41526154163c6eb0e25816c04e4c5239dc23051a6	hf://scrollprize/datasets/spiral/PHercParis4/unverified_patches/auto_grown_20260421005228337_region_001/y.tif
geometry	data/patches/auto_grown_20260421005228337_region_001/z.tif	d7401a7087710875e8e168e6d30410919d1739b9	2630	e06a5e0c7d225b0f9a9ce9629355a38a8b7f913ec57f3f9cb9378569cebb8b16	hf://scrollprize/datasets/spiral/PHercParis4/unverified_patches/auto_grown_20260421005228337_region_001/z.tif
geometry	data/patches/auto_grown_20260421005258921_region_000/mask.tif	d7401a7087710875e8e168e6d30410919d1739b9	457	e0612837796e8e06b99e8b5b545e417f0ade4a75692f28a5621e1967d063a3d9	hf://scrollprize/datasets/spiral/PHercParis4/unverified_patches/auto_grown_20260421005258921_region_000/mask.tif
geometry	data/patches/auto_grown_20260421005258921_region_000/meta.json	d7401a7087710875e8e168e6d30410919d1739b9	17112	1751e5fb85e8603e17c2b61b0f60fcb7dd7700243b1d10664624fa4b000eb507	hf://scrollprize/datasets/spiral/PHercParis4/unverified_patches/auto_grown_20260421005258921_region_000/meta.json
geometry	data/patches/auto_grown_20260421005258921_region_000/x.tif	d7401a7087710875e8e168e6d30410919d1739b9	10514	56b953bd90639e2ccfd47e325cd51ce782d43d38c9502348451dd397231f6d80	hf://scrollprize/datasets/spiral/PHercParis4/unverified_patches/auto_grown_20260421005258921_region_000/x.tif
geometry	data/patches/auto_grown_20260421005258921_region_000/y.tif	d7401a7087710875e8e168e6d30410919d1739b9	10514	e9adcf9cf3f7c56efb0065de6752bf3282b2c33c9a61c34f7440dc170955dcdd	hf://scrollprize/datasets/spiral/PHercParis4/unverified_patches/auto_grown_20260421005258921_region_000/y.tif
geometry	data/patches/auto_grown_20260421005258921_region_000/z.tif	d7401a7087710875e8e168e6d30410919d1739b9	10514	bc78a1a62d3fd33172951af7eaaebebee9e447739c94a352964e986e0e233538	hf://scrollprize/datasets/spiral/PHercParis4/unverified_patches/auto_grown_20260421005258921_region_000/z.tif
geometry	data/patches/auto_grown_20260421005556756_region_001/mask.tif	d7401a7087710875e8e168e6d30410919d1739b9	849	26b84367cbdd4c343c114ca831a27426160fae38c856a753475468b1416caa74	hf://scrollprize/datasets/spiral/PHercParis4/unverified_patches/auto_grown_20260421005556756_region_001/mask.tif
geometry	data/patches/auto_grown_20260421005556756_region_001/meta.json	d7401a7087710875e8e168e6d30410919d1739b9	16761	42e2a2f6e4f579c307adf66afe9bd221cc3af25f9d094e72e66bc06fde9159e8	hf://scrollprize/datasets/spiral/PHercParis4/unverified_patches/auto_grown_20260421005556756_region_001/meta.json
geometry	data/patches/auto_grown_20260421005556756_region_001/x.tif	d7401a7087710875e8e168e6d30410919d1739b9	19646	40bffb0bc49f1733a3039173a3458fb2ba9f739f198d723d5d3c2a2e7a5e7db6	hf://scrollprize/datasets/spiral/PHercParis4/unverified_patches/auto_grown_20260421005556756_region_001/x.tif
geometry	data/patches/auto_grown_20260421005556756_region_001/y.tif	d7401a7087710875e8e168e6d30410919d1739b9	19646	04c2b196e7121c5253033938c81612d776221f2bd126fc2b8f5180510c10751a	hf://scrollprize/datasets/spiral/PHercParis4/unverified_patches/auto_grown_20260421005556756_region_001/y.tif
geometry	data/patches/auto_grown_20260421005556756_region_001/z.tif	d7401a7087710875e8e168e6d30410919d1739b9	19646	207a2a0a4c280441c3a05e7e9e5e8ea1aef34a891426b59b8796ad656240969a	hf://scrollprize/datasets/spiral/PHercParis4/unverified_patches/auto_grown_20260421005556756_region_001/z.tif
geometry	data/patches/auto_grown_20260421005758412_region_003/mask.tif	d7401a7087710875e8e168e6d30410919d1739b9	463	d192593f36e6608c149458de52d35f09af18f9e8cfe4e3958c5d309c4403203e	hf://scrollprize/datasets/spiral/PHercParis4/unverified_patches/auto_grown_20260421005758412_region_003/mask.tif
geometry	data/patches/auto_grown_20260421005758412_region_003/meta.json	d7401a7087710875e8e168e6d30410919d1739b9	16510	a49ff1c66cb17a309b521d1373d682f1d50c3f8701efc6b553401cf6d35fadfd	hf://scrollprize/datasets/spiral/PHercParis4/unverified_patches/auto_grown_20260421005758412_region_003/meta.json
geometry	data/patches/auto_grown_20260421005758412_region_003/x.tif	d7401a7087710875e8e168e6d30410919d1739b9	3058	a201109b06be36a7a364782c4648ec85144ee0a374466713eca75a9c7579228e	hf://scrollprize/datasets/spiral/PHercParis4/unverified_patches/auto_grown_20260421005758412_region_003/x.tif
geometry	data/patches/auto_grown_20260421005758412_region_003/y.tif	d7401a7087710875e8e168e6d30410919d1739b9	3058	84680ab55de95f8b70713ab26b1ac19979e3170451197167cde06083158a0d2b	hf://scrollprize/datasets/spiral/PHercParis4/unverified_patches/auto_grown_20260421005758412_region_003/y.tif
geometry	data/patches/auto_grown_20260421005758412_region_003/z.tif	d7401a7087710875e8e168e6d30410919d1739b9	3058	fecba068dd9e9c3dacd5733f60ba0553a813402a4d725e0a5da991a66f12d17d	hf://scrollprize/datasets/spiral/PHercParis4/unverified_patches/auto_grown_20260421005758412_region_003/z.tif
geometry	data/patches/auto_grown_20260421011252525_region_001/mask.tif	d7401a7087710875e8e168e6d30410919d1739b9	516	62a42dde947d755eb29401eb20419503ac5e472e89ad0d11900ea9841da51fa8	hf://scrollprize/datasets/spiral/PHercParis4/unverified_patches/auto_grown_20260421011252525_region_001/mask.tif
geometry	data/patches/auto_grown_20260421011252525_region_001/meta.json	d7401a7087710875e8e168e6d30410919d1739b9	17147	7cecf61bf8aaf1803d1f00e950cebc538439378c4afa460958a35d89e0855475	hf://scrollprize/datasets/spiral/PHercParis4/unverified_patches/auto_grown_20260421011252525_region_001/meta.json
geometry	data/patches/auto_grown_20260421011252525_region_001/x.tif	d7401a7087710875e8e168e6d30410919d1739b9	3786	9d11a6a65d0f049b036f6d98a2ac6c143a7c652af5fc26cf52a92d5fb4cda8dc	hf://scrollprize/datasets/spiral/PHercParis4/unverified_patches/auto_grown_20260421011252525_region_001/x.tif
geometry	data/patches/auto_grown_20260421011252525_region_001/y.tif	d7401a7087710875e8e168e6d30410919d1739b9	3786	ec19e04a438cc4fa0d55b5e4be160cc584b6e52722986c6c67accf8f95f5f2c3	hf://scrollprize/datasets/spiral/PHercParis4/unverified_patches/auto_grown_20260421011252525_region_001/y.tif
geometry	data/patches/auto_grown_20260421011252525_region_001/z.tif	d7401a7087710875e8e168e6d30410919d1739b9	3786	5497f91db659752edde0986b059de996555d95ccf87b206342b5b4a5a718ef4c	hf://scrollprize/datasets/spiral/PHercParis4/unverified_patches/auto_grown_20260421011252525_region_001/z.tif
geometry	data/patches/auto_grown_20260421011944328_region_003/mask.tif	d7401a7087710875e8e168e6d30410919d1739b9	653	83469dfdb56d95a62151bcbed950d7193726288addada361dd15b6c35f8dd3b3	hf://scrollprize/datasets/spiral/PHercParis4/unverified_patches/auto_grown_20260421011944328_region_003/mask.tif
geometry	data/patches/auto_grown_20260421011944328_region_003/meta.json	d7401a7087710875e8e168e6d30410919d1739b9	16660	788785671171672e97222765065e2142398a6c976eecdc32a7f410eea01d5c5a	hf://scrollprize/datasets/spiral/PHercParis4/unverified_patches/auto_grown_20260421011944328_region_003/meta.json
geometry	data/patches/auto_grown_20260421011944328_region_003/x.tif	d7401a7087710875e8e168e6d30410919d1739b9	9906	bd799a344f7103df50236c10843e254283bf76622413e1fb2f6a55aa14a27b96	hf://scrollprize/datasets/spiral/PHercParis4/unverified_patches/auto_grown_20260421011944328_region_003/x.tif
geometry	data/patches/auto_grown_20260421011944328_region_003/y.tif	d7401a7087710875e8e168e6d30410919d1739b9	9906	42b651aee0754dfab41aeafcfc72043496c5e3edcbf0e40eb63318adc7f3d45c	hf://scrollprize/datasets/spiral/PHercParis4/unverified_patches/auto_grown_20260421011944328_region_003/y.tif
geometry	data/patches/auto_grown_20260421011944328_region_003/z.tif	d7401a7087710875e8e168e6d30410919d1739b9	9906	6fc681688ac5f473fc083a26a09b9d4c81e07e75fa3af3a2a71d04061bbf74fb	hf://scrollprize/datasets/spiral/PHercParis4/unverified_patches/auto_grown_20260421011944328_region_003/z.tif
geometry	data/patches/auto_grown_20260421012611273_region_002/mask.tif	d7401a7087710875e8e168e6d30410919d1739b9	462	7187684930935a2901dfeae497c7ee98285444fae33c03d45c9f15006ac37239	hf://scrollprize/datasets/spiral/PHercParis4/unverified_patches/auto_grown_20260421012611273_region_002/mask.tif
geometry	data/patches/auto_grown_20260421012611273_region_002/meta.json	d7401a7087710875e8e168e6d30410919d1739b9	16819	5c46480723a307fe0b00b82875926d2727c54e1c06f0456d789ad941a1a9185b	hf://scrollprize/datasets/spiral/PHercParis4/unverified_patches/auto_grown_20260421012611273_region_002/meta.json
geometry	data/patches/auto_grown_20260421012611273_region_002/x.tif	d7401a7087710875e8e168e6d30410919d1739b9	3506	bbaba6a9ba1c79114426dad42688d5aadfb1b4f42aa501973c47201debf25fad	hf://scrollprize/datasets/spiral/PHercParis4/unverified_patches/auto_grown_20260421012611273_region_002/x.tif
geometry	data/patches/auto_grown_20260421012611273_region_002/y.tif	d7401a7087710875e8e168e6d30410919d1739b9	3506	d3ebb34fd6ed59580d8930ea0d6d00e9e7ca50d30bf0d62490149b9ed3199d68	hf://scrollprize/datasets/spiral/PHercParis4/unverified_patches/auto_grown_20260421012611273_region_002/y.tif
geometry	data/patches/auto_grown_20260421012611273_region_002/z.tif	d7401a7087710875e8e168e6d30410919d1739b9	3506	9338ca55631fb42b6a75d67abf3dca71ac0368a3d99996bfb6d2112c08a8db85	hf://scrollprize/datasets/spiral/PHercParis4/unverified_patches/auto_grown_20260421012611273_region_002/z.tif
geometry	data/patches/auto_grown_20260421014205894_region_001/mask.tif	d7401a7087710875e8e168e6d30410919d1739b9	456	992089781b949a8d8ba7489cc547a999c842ecc64e9d20382ad0828497710581	hf://scrollprize/datasets/spiral/PHercParis4/unverified_patches/auto_grown_20260421014205894_region_001/mask.tif
geometry	data/patches/auto_grown_20260421014205894_region_001/meta.json	d7401a7087710875e8e168e6d30410919d1739b9	17090	9f762d6d256c0a2f8662688a2d43e431211cb3aa191fcdd7f04d9ac52c5876c4	hf://scrollprize/datasets/spiral/PHercParis4/unverified_patches/auto_grown_20260421014205894_region_001/meta.json
geometry	data/patches/auto_grown_20260421014205894_region_001/x.tif	d7401a7087710875e8e168e6d30410919d1739b9	3746	8764119b4aa9d98fcf04d686b752b3466f4ea74c3ae5854e9ed3dd836e4ffaf4	hf://scrollprize/datasets/spiral/PHercParis4/unverified_patches/auto_grown_20260421014205894_region_001/x.tif
geometry	data/patches/auto_grown_20260421014205894_region_001/y.tif	d7401a7087710875e8e168e6d30410919d1739b9	3746	d45f5b4eb95ddb664a601eb9d22058d27c10fc74d4e91ef8852ca29dff8b0f2d	hf://scrollprize/datasets/spiral/PHercParis4/unverified_patches/auto_grown_20260421014205894_region_001/y.tif
geometry	data/patches/auto_grown_20260421014205894_region_001/z.tif	d7401a7087710875e8e168e6d30410919d1739b9	3746	0ac385a01a55309ed13afd019a552096592bc2f9ec6573444252145aeabeb365	hf://scrollprize/datasets/spiral/PHercParis4/unverified_patches/auto_grown_20260421014205894_region_001/z.tif
geometry	data/patches/auto_grown_20260421014624322_region_003/mask.tif	d7401a7087710875e8e168e6d30410919d1739b9	459	7c05592a5fa9c9c89befb4bda26a5230c70d341c14edd9c6a37ee11708ddda99	hf://scrollprize/datasets/spiral/PHercParis4/unverified_patches/auto_grown_20260421014624322_region_003/mask.tif
geometry	data/patches/auto_grown_20260421014624322_region_003/meta.json	d7401a7087710875e8e168e6d30410919d1739b9	16827	277c55bdc99ea6aa808863f0e4e7fb63e5522fd43853ac461c6062d78e306d5f	hf://scrollprize/datasets/spiral/PHercParis4/unverified_patches/auto_grown_20260421014624322_region_003/meta.json
geometry	data/patches/auto_grown_20260421014624322_region_003/x.tif	d7401a7087710875e8e168e6d30410919d1739b9	2874	3d967b3b8d60c495392961b9cc7259cee402161602ea34d0dfbcc1ac44bf55f0	hf://scrollprize/datasets/spiral/PHercParis4/unverified_patches/auto_grown_20260421014624322_region_003/x.tif
geometry	data/patches/auto_grown_20260421014624322_region_003/y.tif	d7401a7087710875e8e168e6d30410919d1739b9	2874	9cd1d90833aca72ebefe2179407060b134f97ed0fa2e397f3309251ab4ac27d7	hf://scrollprize/datasets/spiral/PHercParis4/unverified_patches/auto_grown_20260421014624322_region_003/y.tif
geometry	data/patches/auto_grown_20260421014624322_region_003/z.tif	d7401a7087710875e8e168e6d30410919d1739b9	2874	5196c82fe2bd71c932a0383a22abc66bda9f23197e422cdbf4cbd58a3bffe600	hf://scrollprize/datasets/spiral/PHercParis4/unverified_patches/auto_grown_20260421014624322_region_003/z.tif
geometry	data/patches/auto_grown_20260421014847993_region_000/mask.tif	d7401a7087710875e8e168e6d30410919d1739b9	514	d745767f2b9ee1cf9e36d33d5de0fe96a019c70a91ca8e27121405c22ca47d12	hf://scrollprize/datasets/spiral/PHercParis4/unverified_patches/auto_grown_20260421014847993_region_000/mask.tif
geometry	data/patches/auto_grown_20260421014847993_region_000/meta.json	d7401a7087710875e8e168e6d30410919d1739b9	16907	715a9884167795d7d50c6449cac9a38ba8397a3119b85341371922429d5c63da	hf://scrollprize/datasets/spiral/PHercParis4/unverified_patches/auto_grown_20260421014847993_region_000/meta.json
geometry	data/patches/auto_grown_20260421014847993_region_000/x.tif	d7401a7087710875e8e168e6d30410919d1739b9	5478	755662cd37d6a2d45b13bebb693fa87051e1143cdc7a92b6a9f24cdfe2f9541f	hf://scrollprize/datasets/spiral/PHercParis4/unverified_patches/auto_grown_20260421014847993_region_000/x.tif
geometry	data/patches/auto_grown_20260421014847993_region_000/y.tif	d7401a7087710875e8e168e6d30410919d1739b9	5478	901d481b6dfe6cbf39f43f6bd04000d59c5cb148347d1a0d760117a5288b7ff3	hf://scrollprize/datasets/spiral/PHercParis4/unverified_patches/auto_grown_20260421014847993_region_000/y.tif
geometry	data/patches/auto_grown_20260421014847993_region_000/z.tif	d7401a7087710875e8e168e6d30410919d1739b9	5478	89c2ff019deee5e1e53da3bfd4e253e6c6a87bf2ca0a9ea033880aebcd31d2d3	hf://scrollprize/datasets/spiral/PHercParis4/unverified_patches/auto_grown_20260421014847993_region_000/z.tif
geometry	data/patches/auto_grown_20260421015812574_region_004/mask.tif	d7401a7087710875e8e168e6d30410919d1739b9	530	a4a31f65b37ab65868d229251270087b5c10678d53c5787dc9f3c851a3005f13	hf://scrollprize/datasets/spiral/PHercParis4/unverified_patches/auto_grown_20260421015812574_region_004/mask.tif
geometry	data/patches/auto_grown_20260421015812574_region_004/meta.json	d7401a7087710875e8e168e6d30410919d1739b9	16813	d18af38cdeb3b73f26d185b05cc87e769e2cec60e2cba23631fba9e703eef430	hf://scrollprize/datasets/spiral/PHercParis4/unverified_patches/auto_grown_20260421015812574_region_004/meta.json
geometry	data/patches/auto_grown_20260421015812574_region_004/x.tif	d7401a7087710875e8e168e6d30410919d1739b9	4514	fd0f62b9f1b9716031aeb21384dd25455daa90f22b3cc66339a680692e8ddb84	hf://scrollprize/datasets/spiral/PHercParis4/unverified_patches/auto_grown_20260421015812574_region_004/x.tif
geometry	data/patches/auto_grown_20260421015812574_region_004/y.tif	d7401a7087710875e8e168e6d30410919d1739b9	4514	c830a0821bfe7f3549f061dad8ec320e492f29dd1dfce1774e92c55849f7398a	hf://scrollprize/datasets/spiral/PHercParis4/unverified_patches/auto_grown_20260421015812574_region_004/y.tif
geometry	data/patches/auto_grown_20260421015812574_region_004/z.tif	d7401a7087710875e8e168e6d30410919d1739b9	4514	dcd52a2bdbf34c5dc3507da13345424010d8b0f83da1dccac0cdba5c8001b13d	hf://scrollprize/datasets/spiral/PHercParis4/unverified_patches/auto_grown_20260421015812574_region_004/z.tif
geometry	data/patches/auto_grown_20260421022019091_region_000/mask.tif	d7401a7087710875e8e168e6d30410919d1739b9	608	4da19c97f7c6c53d6d1195f58049c414a6c9d7d197eb4f7ccad71a71759c7971	hf://scrollprize/datasets/spiral/PHercParis4/unverified_patches/auto_grown_20260421022019091_region_000/mask.tif
geometry	data/patches/auto_grown_20260421022019091_region_000/meta.json	d7401a7087710875e8e168e6d30410919d1739b9	16946	a56c0402be82772a64dda567f0e0a8d894cefdf1ea602a44d74f505605d96830	hf://scrollprize/datasets/spiral/PHercParis4/unverified_patches/auto_grown_20260421022019091_region_000/meta.json
geometry	data/patches/auto_grown_20260421022019091_region_000/x.tif	d7401a7087710875e8e168e6d30410919d1739b9	7706	49cff9b6e4754dfaa1a3ce750271a1287d3568c83cf7b12160d65d6bcdcc051c	hf://scrollprize/datasets/spiral/PHercParis4/unverified_patches/auto_grown_20260421022019091_region_000/x.tif
geometry	data/patches/auto_grown_20260421022019091_region_000/y.tif	d7401a7087710875e8e168e6d30410919d1739b9	7706	0f01c86cb51a751e163ffcd3f0154fe6850524f6f395f8590b306f8815cce524	hf://scrollprize/datasets/spiral/PHercParis4/unverified_patches/auto_grown_20260421022019091_region_000/y.tif
geometry	data/patches/auto_grown_20260421022019091_region_000/z.tif	d7401a7087710875e8e168e6d30410919d1739b9	7706	30e31c56d9cc328859a5537a7e47f9c21f55b72ca8f962284300393ffcedcbd8	hf://scrollprize/datasets/spiral/PHercParis4/unverified_patches/auto_grown_20260421022019091_region_000/z.tif
geometry	data/patches/auto_grown_20260421022027722_region_001/mask.tif	d7401a7087710875e8e168e6d30410919d1739b9	641	e23707864cb3142f311e6513cc9be32acff4b726ef919dd129954cf1e27f84ee	hf://scrollprize/datasets/spiral/PHercParis4/unverified_patches/auto_grown_20260421022027722_region_001/mask.tif
geometry	data/patches/auto_grown_20260421022027722_region_001/meta.json	d7401a7087710875e8e168e6d30410919d1739b9	16515	4b6230e1702f801dfbe893d2474be023e18a72dfb3cd06b585abea632d6acecf	hf://scrollprize/datasets/spiral/PHercParis4/unverified_patches/auto_grown_20260421022027722_region_001/meta.json
geometry	data/patches/auto_grown_20260421022027722_region_001/x.tif	d7401a7087710875e8e168e6d30410919d1739b9	8506	1fd3673789aacf381897b00237d1f32b20971041cb2346a0e99019bbda9b4890	hf://scrollprize/datasets/spiral/PHercParis4/unverified_patches/auto_grown_20260421022027722_region_001/x.tif
geometry	data/patches/auto_grown_20260421022027722_region_001/y.tif	d7401a7087710875e8e168e6d30410919d1739b9	8506	4753cb6d672101cd27b970c542f4cb4630b9f54ffc58d6807f83befd321c39bf	hf://scrollprize/datasets/spiral/PHercParis4/unverified_patches/auto_grown_20260421022027722_region_001/y.tif
geometry	data/patches/auto_grown_20260421022027722_region_001/z.tif	d7401a7087710875e8e168e6d30410919d1739b9	8506	92ae9355da928fec83251b2c0445933bb86c7e6c8e9db3cb59ecf336d6b906ef	hf://scrollprize/datasets/spiral/PHercParis4/unverified_patches/auto_grown_20260421022027722_region_001/z.tif
geometry	data/patches/auto_grown_20260421022710590_region_000/mask.tif	d7401a7087710875e8e168e6d30410919d1739b9	496	74aabd9f6f87daaedc40de8a7b3ed345ed9315a8944dc9996b466994f086c3ca	hf://scrollprize/datasets/spiral/PHercParis4/unverified_patches/auto_grown_20260421022710590_region_000/mask.tif
geometry	data/patches/auto_grown_20260421022710590_region_000/meta.json	d7401a7087710875e8e168e6d30410919d1739b9	16903	36653fe671d3a4e47b5fc1939a584401d5aa3ebb30f9e8e3e4daf983bcf06ac4	hf://scrollprize/datasets/spiral/PHercParis4/unverified_patches/auto_grown_20260421022710590_region_000/meta.json
geometry	data/patches/auto_grown_20260421022710590_region_000/x.tif	d7401a7087710875e8e168e6d30410919d1739b9	3842	f8d0b85be7e9edadf7a0f5ec49eeb0682a1755f8850c1fb0625641a90979db41	hf://scrollprize/datasets/spiral/PHercParis4/unverified_patches/auto_grown_20260421022710590_region_000/x.tif
geometry	data/patches/auto_grown_20260421022710590_region_000/y.tif	d7401a7087710875e8e168e6d30410919d1739b9	3842	7e02d77e693b768f9a8eccf6719932543e956b4823c2fb7c1a4a092c977bfaad	hf://scrollprize/datasets/spiral/PHercParis4/unverified_patches/auto_grown_20260421022710590_region_000/y.tif
geometry	data/patches/auto_grown_20260421022710590_region_000/z.tif	d7401a7087710875e8e168e6d30410919d1739b9	3842	cc8fa8d24564820782a8593b8d183eff247f54772fea43661cb36063d2648c4f	hf://scrollprize/datasets/spiral/PHercParis4/unverified_patches/auto_grown_20260421022710590_region_000/z.tif
geometry	data/patches/auto_grown_20260421023533441_region_000/mask.tif	d7401a7087710875e8e168e6d30410919d1739b9	589	dbf8fadb99fa83eadfb938974ea445c8b73d530468da8879d9b96561cd6cb4af	hf://scrollprize/datasets/spiral/PHercParis4/unverified_patches/auto_grown_20260421023533441_region_000/mask.tif
geometry	data/patches/auto_grown_20260421023533441_region_000/meta.json	d7401a7087710875e8e168e6d30410919d1739b9	17051	1d810dbae374eefcc7ff9dc0f005e59dbb712a7a9cb08fb7ff45d1897fe0f1a2	hf://scrollprize/datasets/spiral/PHercParis4/unverified_patches/auto_grown_20260421023533441_region_000/meta.json
geometry	data/patches/auto_grown_20260421023533441_region_000/x.tif	d7401a7087710875e8e168e6d30410919d1739b9	6378	99d698db20c552a50747b05f9ba54afc36b33e65ece090a056d54d4e60e16583	hf://scrollprize/datasets/spiral/PHercParis4/unverified_patches/auto_grown_20260421023533441_region_000/x.tif
geometry	data/patches/auto_grown_20260421023533441_region_000/y.tif	d7401a7087710875e8e168e6d30410919d1739b9	6378	c320be24807988229c6ce3e78bc66b3225c7e11b23b758584990524b732964bb	hf://scrollprize/datasets/spiral/PHercParis4/unverified_patches/auto_grown_20260421023533441_region_000/y.tif
geometry	data/patches/auto_grown_20260421023533441_region_000/z.tif	d7401a7087710875e8e168e6d30410919d1739b9	6378	3c96993ccf5ac60d201e44a8b2ab9a33307839de9db84ac0f9012cfee97cb5d2	hf://scrollprize/datasets/spiral/PHercParis4/unverified_patches/auto_grown_20260421023533441_region_000/z.tif
geometry	data/patches/auto_grown_20260421024953128_region_000/mask.tif	d7401a7087710875e8e168e6d30410919d1739b9	1421	6a8bf9048e663269918e6bfff9c1f05c88fa3e14859fda6b1aca31cf12f72710	hf://scrollprize/datasets/spiral/PHercParis4/unverified_patches/auto_grown_20260421024953128_region_000/mask.tif
geometry	data/patches/auto_grown_20260421024953128_region_000/meta.json	d7401a7087710875e8e168e6d30410919d1739b9	16664	36a46e278ceeac1469042d5991d88bee6cc72a07b3517a9b2d84940b99b45ae7	hf://scrollprize/datasets/spiral/PHercParis4/unverified_patches/auto_grown_20260421024953128_region_000/meta.json
geometry	data/patches/auto_grown_20260421024953128_region_000/x.tif	d7401a7087710875e8e168e6d30410919d1739b9	57746	6f0c673329a3debcbcc1dcea899e7846d6590bc04d122d77092cdb05662b569a	hf://scrollprize/datasets/spiral/PHercParis4/unverified_patches/auto_grown_20260421024953128_region_000/x.tif
geometry	data/patches/auto_grown_20260421024953128_region_000/y.tif	d7401a7087710875e8e168e6d30410919d1739b9	57746	83b26bce8d42b62f82e5b5b2e407021260bae5668b2c9cb3de8493b428e83c9f	hf://scrollprize/datasets/spiral/PHercParis4/unverified_patches/auto_grown_20260421024953128_region_000/y.tif
geometry	data/patches/auto_grown_20260421024953128_region_000/z.tif	d7401a7087710875e8e168e6d30410919d1739b9	57746	51c402632997ec99336d210bc10fd009089bf5110628d5a9774db86d8c5aa732	hf://scrollprize/datasets/spiral/PHercParis4/unverified_patches/auto_grown_20260421024953128_region_000/z.tif
geometry	data/patches/auto_grown_20260421025155262_region_001/mask.tif	d7401a7087710875e8e168e6d30410919d1739b9	650	b486f35666304b0513e7fe4c156d050cc177d67d00574fe7df1e3faf7523e484	hf://scrollprize/datasets/spiral/PHercParis4/unverified_patches/auto_grown_20260421025155262_region_001/mask.tif
geometry	data/patches/auto_grown_20260421025155262_region_001/meta.json	d7401a7087710875e8e168e6d30410919d1739b9	16929	a36614917ac5c7a4323b6e693e768524cf74d4ef29f3dae74d87b93d5466d315	hf://scrollprize/datasets/spiral/PHercParis4/unverified_patches/auto_grown_20260421025155262_region_001/meta.json
geometry	data/patches/auto_grown_20260421025155262_region_001/x.tif	d7401a7087710875e8e168e6d30410919d1739b9	9494	b8d6d216dda753f5cad73999a54f0b938c0af99ac90f5a250191045b2e099895	hf://scrollprize/datasets/spiral/PHercParis4/unverified_patches/auto_grown_20260421025155262_region_001/x.tif
geometry	data/patches/auto_grown_20260421025155262_region_001/y.tif	d7401a7087710875e8e168e6d30410919d1739b9	9494	6d764cc1b155969eba083c61db19dd4e9184325e4e62306e9404282e476b9f0f	hf://scrollprize/datasets/spiral/PHercParis4/unverified_patches/auto_grown_20260421025155262_region_001/y.tif
geometry	data/patches/auto_grown_20260421025155262_region_001/z.tif	d7401a7087710875e8e168e6d30410919d1739b9	9494	21f245dbd6e04285dae1b57a88408f71695bcb581da3efc4faf564d20f751f6d	hf://scrollprize/datasets/spiral/PHercParis4/unverified_patches/auto_grown_20260421025155262_region_001/z.tif
geometry	data/patches/auto_grown_20260421030012222_region_000/mask.tif	d7401a7087710875e8e168e6d30410919d1739b9	815	862fc39bb74cfa8c49c0e226fad98f5f69a626224566561fbcb93879f8d5a17a	hf://scrollprize/datasets/spiral/PHercParis4/unverified_patches/auto_grown_20260421030012222_region_000/mask.tif
geometry	data/patches/auto_grown_20260421030012222_region_000/meta.json	d7401a7087710875e8e168e6d30410919d1739b9	16791	54b86b436cef8ecc03f49eddae0541070b61e561edab4462dfd3533095dcd33b	hf://scrollprize/datasets/spiral/PHercParis4/unverified_patches/auto_grown_20260421030012222_region_000/meta.json
geometry	data/patches/auto_grown_20260421030012222_region_000/x.tif	d7401a7087710875e8e168e6d30410919d1739b9	15922	ddb2ae64cd4b88ed0499781a3c356cb92ba7b72a93d490285dd4efad4375d625	hf://scrollprize/datasets/spiral/PHercParis4/unverified_patches/auto_grown_20260421030012222_region_000/x.tif
geometry	data/patches/auto_grown_20260421030012222_region_000/y.tif	d7401a7087710875e8e168e6d30410919d1739b9	15922	b6adbbc2591bad7736b116bc687f6e1d40c48a247e2037c72802f60e98518851	hf://scrollprize/datasets/spiral/PHercParis4/unverified_patches/auto_grown_20260421030012222_region_000/y.tif
geometry	data/patches/auto_grown_20260421030012222_region_000/z.tif	d7401a7087710875e8e168e6d30410919d1739b9	15922	936516a254228fb215ce96ea1261789ec115974614675e2e2569be0844610f8e	hf://scrollprize/datasets/spiral/PHercParis4/unverified_patches/auto_grown_20260421030012222_region_000/z.tif
geometry	data/patches/auto_grown_20260421030039211_region_001/mask.tif	d7401a7087710875e8e168e6d30410919d1739b9	846	7f5fb4e3a0eb2f1db66c986cc36d25ce65ad92f9da2abb5504eb93fec21532cb	hf://scrollprize/datasets/spiral/PHercParis4/unverified_patches/auto_grown_20260421030039211_region_001/mask.tif
geometry	data/patches/auto_grown_20260421030039211_region_001/meta.json	d7401a7087710875e8e168e6d30410919d1739b9	16861	278760f17c6e756a862cc7a338bb9131bb8ffa6d0d849cb064ec38e9e8a74ed2	hf://scrollprize/datasets/spiral/PHercParis4/unverified_patches/auto_grown_20260421030039211_region_001/meta.json
geometry	data/patches/auto_grown_20260421030039211_region_001/x.tif	d7401a7087710875e8e168e6d30410919d1739b9	18250	620a86502292e56bf57d2ac7077b52be8840e6b39ca8bfda6130ce0df4a404e0	hf://scrollprize/datasets/spiral/PHercParis4/unverified_patches/auto_grown_20260421030039211_region_001/x.tif
geometry	data/patches/auto_grown_20260421030039211_region_001/y.tif	d7401a7087710875e8e168e6d30410919d1739b9	18250	cbefe093cf09d1b358e9fd7dd6fc78bac23edba43e21e8b38b2d37ccd3d167fc	hf://scrollprize/datasets/spiral/PHercParis4/unverified_patches/auto_grown_20260421030039211_region_001/y.tif
geometry	data/patches/auto_grown_20260421030039211_region_001/z.tif	d7401a7087710875e8e168e6d30410919d1739b9	18250	4b4f4fa271a7e2af3eb3435c3fd6c1e3dd161df4a9bc33bd644fb59b73abc68f	hf://scrollprize/datasets/spiral/PHercParis4/unverified_patches/auto_grown_20260421030039211_region_001/z.tif
geometry	data/patches/auto_grown_20260421030242686_region_001/mask.tif	d7401a7087710875e8e168e6d30410919d1739b9	562	8b7e29ee68f1fe788bdd9daeee13febea8a0a6c1b325846d734fe88e01c03580	hf://scrollprize/datasets/spiral/PHercParis4/unverified_patches/auto_grown_20260421030242686_region_001/mask.tif
geometry	data/patches/auto_grown_20260421030242686_region_001/meta.json	d7401a7087710875e8e168e6d30410919d1739b9	16790	40b9bfb4ea300bd8eb058e5f40015ea584c6a3aab19df42cfb0ba8f3e61df859	hf://scrollprize/datasets/spiral/PHercParis4/unverified_patches/auto_grown_20260421030242686_region_001/meta.json
geometry	data/patches/auto_grown_20260421030242686_region_001/x.tif	d7401a7087710875e8e168e6d30410919d1739b9	18834	728442077919a1eb8f96bb5eea6a7043378303cee357fe0d65513cff1bf8efd3	hf://scrollprize/datasets/spiral/PHercParis4/unverified_patches/auto_grown_20260421030242686_region_001/x.tif
geometry	data/patches/auto_grown_20260421030242686_region_001/y.tif	d7401a7087710875e8e168e6d30410919d1739b9	18834	c20115389b26be8a6e16122905cbad9724dffd5b44c80c087bf2aa0cd2b0a9c3	hf://scrollprize/datasets/spiral/PHercParis4/unverified_patches/auto_grown_20260421030242686_region_001/y.tif
geometry	data/patches/auto_grown_20260421030242686_region_001/z.tif	d7401a7087710875e8e168e6d30410919d1739b9	18834	914b45dff0c759d0f5b5cd5fd2e1edd6ce57f00ae13958d606473833a46f4b14	hf://scrollprize/datasets/spiral/PHercParis4/unverified_patches/auto_grown_20260421030242686_region_001/z.tif
geometry	data/patches/auto_grown_20260421030529482_region_003/mask.tif	d7401a7087710875e8e168e6d30410919d1739b9	505	6b61b636ab82be510896ff02bd4082295bb63fc578fbb4ca6a75a1b313e8549d	hf://scrollprize/datasets/spiral/PHercParis4/unverified_patches/auto_grown_20260421030529482_region_003/mask.tif
geometry	data/patches/auto_grown_20260421030529482_region_003/meta.json	d7401a7087710875e8e168e6d30410919d1739b9	16887	dbe2153e0b8185b3290cfedbf1e8040cbf3273347394ce48a8496180d177da7a	hf://scrollprize/datasets/spiral/PHercParis4/unverified_patches/auto_grown_20260421030529482_region_003/meta.json
geometry	data/patches/auto_grown_20260421030529482_region_003/x.tif	d7401a7087710875e8e168e6d30410919d1739b9	3734	e69bf312758750ed0da6523ba2b46fc9759755671ad6f948cea5a919cbe1dcf5	hf://scrollprize/datasets/spiral/PHercParis4/unverified_patches/auto_grown_20260421030529482_region_003/x.tif
geometry	data/patches/auto_grown_20260421030529482_region_003/y.tif	d7401a7087710875e8e168e6d30410919d1739b9	3734	5bc0993d8672d182ebb735adcca8fed0eb9f7acf241f27abab5db132efd19daa	hf://scrollprize/datasets/spiral/PHercParis4/unverified_patches/auto_grown_20260421030529482_region_003/y.tif
geometry	data/patches/auto_grown_20260421030529482_region_003/z.tif	d7401a7087710875e8e168e6d30410919d1739b9	3734	5d86f0fb0224a42ae59aaf7385b8612f20c7848fd1d64bac1377719555453c77	hf://scrollprize/datasets/spiral/PHercParis4/unverified_patches/auto_grown_20260421030529482_region_003/z.tif
geometry	data/patches/auto_grown_20260421031429404_region_000/mask.tif	d7401a7087710875e8e168e6d30410919d1739b9	808	545642bf31dbe76cfe98789d41c0d637f55de691833bea667fabe320a9b7be1f	hf://scrollprize/datasets/spiral/PHercParis4/unverified_patches/auto_grown_20260421031429404_region_000/mask.tif
geometry	data/patches/auto_grown_20260421031429404_region_000/meta.json	d7401a7087710875e8e168e6d30410919d1739b9	16920	f8b4467946e59867c633fff73bfd9d2ec10fec4ac1b9adf82f79785b3d4ab8ac	hf://scrollprize/datasets/spiral/PHercParis4/unverified_patches/auto_grown_20260421031429404_region_000/meta.json
geometry	data/patches/auto_grown_20260421031429404_region_000/x.tif	d7401a7087710875e8e168e6d30410919d1739b9	16006	c2f13c8c8b1c5dbd8e31bc7672c99c036c0baba5f00a6bcd730e0c3ae65712b3	hf://scrollprize/datasets/spiral/PHercParis4/unverified_patches/auto_grown_20260421031429404_region_000/x.tif
geometry	data/patches/auto_grown_20260421031429404_region_000/y.tif	d7401a7087710875e8e168e6d30410919d1739b9	16006	62c35ac1ec12a00fb3d990ce9381988c07b177107d2144d134172b6f6e6c2718	hf://scrollprize/datasets/spiral/PHercParis4/unverified_patches/auto_grown_20260421031429404_region_000/y.tif
geometry	data/patches/auto_grown_20260421031429404_region_000/z.tif	d7401a7087710875e8e168e6d30410919d1739b9	16006	ab98031d27fc623b6b03796206ce066c183d4e00553599c1720e6b2a354e1f60	hf://scrollprize/datasets/spiral/PHercParis4/unverified_patches/auto_grown_20260421031429404_region_000/z.tif
geometry	data/patches/auto_grown_20260421031829505_region_001/mask.tif	d7401a7087710875e8e168e6d30410919d1739b9	456	bea8c2a827b4ba12b72a153e52859beaba93b5e16a28c29ac60e90b08d605c8d	hf://scrollprize/datasets/spiral/PHercParis4/unverified_patches/auto_grown_20260421031829505_region_001/mask.tif
geometry	data/patches/auto_grown_20260421031829505_region_001/meta.json	d7401a7087710875e8e168e6d30410919d1739b9	17092	5c3ea891adf3a4c75dd90392a75be360e62af3a832af2401f1154245737fbf59	hf://scrollprize/datasets/spiral/PHercParis4/unverified_patches/auto_grown_20260421031829505_region_001/meta.json
geometry	data/patches/auto_grown_20260421031829505_region_001/x.tif	d7401a7087710875e8e168e6d30410919d1739b9	3494	4dd4a0e5ec426074d312858470615c4d1160a50934d36468942ad4db037a1649	hf://scrollprize/datasets/spiral/PHercParis4/unverified_patches/auto_grown_20260421031829505_region_001/x.tif
geometry	data/patches/auto_grown_20260421031829505_region_001/y.tif	d7401a7087710875e8e168e6d30410919d1739b9	3494	c0ec4dbd0d3994828e48cbb046a87315c5510911942cbbe2504f039e4b05f25a	hf://scrollprize/datasets/spiral/PHercParis4/unverified_patches/auto_grown_20260421031829505_region_001/y.tif
geometry	data/patches/auto_grown_20260421031829505_region_001/z.tif	d7401a7087710875e8e168e6d30410919d1739b9	3494	163412461c4b1fc85c21cd81122e5a8538054ac2e4505074fd1c4b890cbd291e	hf://scrollprize/datasets/spiral/PHercParis4/unverified_patches/auto_grown_20260421031829505_region_001/z.tif
geometry	data/patches/auto_grown_20260421032659308_region_001/mask.tif	d7401a7087710875e8e168e6d30410919d1739b9	890	dc1d66df159abf8fb9b7bcceeb0253b9797a1c86537a899fc1bc465db09ea989	hf://scrollprize/datasets/spiral/PHercParis4/unverified_patches/auto_grown_20260421032659308_region_001/mask.tif
geometry	data/patches/auto_grown_20260421032659308_region_001/meta.json	d7401a7087710875e8e168e6d30410919d1739b9	16539	ab0d223d8bf491fe3f34c93a80d94097a08a15b60d46d66f3415c6f7b55467ba	hf://scrollprize/datasets/spiral/PHercParis4/unverified_patches/auto_grown_20260421032659308_region_001/meta.json
geometry	data/patches/auto_grown_20260421032659308_region_001/x.tif	d7401a7087710875e8e168e6d30410919d1739b9	23330	f811cac09f4c979ada681d6089b12274768ddbe99e4d9a71efd615819cff8917	hf://scrollprize/datasets/spiral/PHercParis4/unverified_patches/auto_grown_20260421032659308_region_001/x.tif
geometry	data/patches/auto_grown_20260421032659308_region_001/y.tif	d7401a7087710875e8e168e6d30410919d1739b9	23330	c207b962eb4cb0d0b4df513a34585266ca4d0c010bdff4259f49357b4a79b55e	hf://scrollprize/datasets/spiral/PHercParis4/unverified_patches/auto_grown_20260421032659308_region_001/y.tif
geometry	data/patches/auto_grown_20260421032659308_region_001/z.tif	d7401a7087710875e8e168e6d30410919d1739b9	23330	0a9b054d416ded5b6601bccf2d390cd888608c92cea7c48cce4a1154a757433e	hf://scrollprize/datasets/spiral/PHercParis4/unverified_patches/auto_grown_20260421032659308_region_001/z.tif
geometry	data/patches/auto_grown_20260421033000407_region_004/mask.tif	d7401a7087710875e8e168e6d30410919d1739b9	600	a98739457fab1a38c6963c9a2b58ca07e0bd6e1a9b30e5fe0be8131201fd0eb7	hf://scrollprize/datasets/spiral/PHercParis4/unverified_patches/auto_grown_20260421033000407_region_004/mask.tif
geometry	data/patches/auto_grown_20260421033000407_region_004/meta.json	d7401a7087710875e8e168e6d30410919d1739b9	16686	39e0f146f2671ba540fd9d182f7647b75c118c2f09221f01d125d2d0cbde8bfa	hf://scrollprize/datasets/spiral/PHercParis4/unverified_patches/auto_grown_20260421033000407_region_004/meta.json
geometry	data/patches/auto_grown_20260421033000407_region_004/x.tif	d7401a7087710875e8e168e6d30410919d1739b9	6626	73ab128122f289b15f103aa9fce7fe7657623c477232570cc7d41c49a03109a5	hf://scrollprize/datasets/spiral/PHercParis4/unverified_patches/auto_grown_20260421033000407_region_004/x.tif
geometry	data/patches/auto_grown_20260421033000407_region_004/y.tif	d7401a7087710875e8e168e6d30410919d1739b9	6626	1aa85f1d5bb54a4c7ae7b5f0724b28e9f75480dffe73988539f37572542ae325	hf://scrollprize/datasets/spiral/PHercParis4/unverified_patches/auto_grown_20260421033000407_region_004/y.tif
geometry	data/patches/auto_grown_20260421033000407_region_004/z.tif	d7401a7087710875e8e168e6d30410919d1739b9	6626	0a1d2e155abc87f952aa53d3f5dc41502305964c9096c5623356c9b380eb7521	hf://scrollprize/datasets/spiral/PHercParis4/unverified_patches/auto_grown_20260421033000407_region_004/z.tif
geometry	data/patches/auto_grown_20260421035322209_region_000/mask.tif	d7401a7087710875e8e168e6d30410919d1739b9	1206	d614d27be91e051e7b6ef12e64f9cc5828d2a2f5610cf6c4760940d3b1db99f5	hf://scrollprize/datasets/spiral/PHercParis4/unverified_patches/auto_grown_20260421035322209_region_000/mask.tif
geometry	data/patches/auto_grown_20260421035322209_region_000/meta.json	d7401a7087710875e8e168e6d30410919d1739b9	16859	aee5e53815be563dd43a300c49d06aa72fb4fe46ffd7762456a4dfba537b6b29	hf://scrollprize/datasets/spiral/PHercParis4/unverified_patches/auto_grown_20260421035322209_region_000/meta.json
geometry	data/patches/auto_grown_20260421035322209_region_000/x.tif	d7401a7087710875e8e168e6d30410919d1739b9	49214	16c2b8577e3d309f79e4106f7d7129fb2e034a104491bac7e14874e0a820c252	hf://scrollprize/datasets/spiral/PHercParis4/unverified_patches/auto_grown_20260421035322209_region_000/x.tif
geometry	data/patches/auto_grown_20260421035322209_region_000/y.tif	d7401a7087710875e8e168e6d30410919d1739b9	49214	7f3d56b34b24a4f309207376a14c0723bc841417b3d2b46f52f5b0fc139d3a8e	hf://scrollprize/datasets/spiral/PHercParis4/unverified_patches/auto_grown_20260421035322209_region_000/y.tif
geometry	data/patches/auto_grown_20260421035322209_region_000/z.tif	d7401a7087710875e8e168e6d30410919d1739b9	49214	5e40adc5f1d92f3a5128e20ff0b48ce5907824c7352534c6e36482eeaa225587	hf://scrollprize/datasets/spiral/PHercParis4/unverified_patches/auto_grown_20260421035322209_region_000/z.tif
geometry	data/patches/auto_grown_20260421035747048_region_000/mask.tif	d7401a7087710875e8e168e6d30410919d1739b9	1409	3a60cb520c7c6712cabcc7a6599bbc8dd0bc184a0eb3652a7ee51e3107056b53	hf://scrollprize/datasets/spiral/PHercParis4/unverified_patches/auto_grown_20260421035747048_region_000/mask.tif
geometry	data/patches/auto_grown_20260421035747048_region_000/meta.json	d7401a7087710875e8e168e6d30410919d1739b9	16656	7c56b9d00c9876429229230dbfee9eb5ef78ae95a4ebb5cda4cf446c8caae328	hf://scrollprize/datasets/spiral/PHercParis4/unverified_patches/auto_grown_20260421035747048_region_000/meta.json
geometry	data/patches/auto_grown_20260421035747048_region_000/x.tif	d7401a7087710875e8e168e6d30410919d1739b9	56546	79c253b4c93ad64137cc0f6b86988cb17eab72f9e29585e3e8c5232c55d81518	hf://scrollprize/datasets/spiral/PHercParis4/unverified_patches/auto_grown_20260421035747048_region_000/x.tif
geometry	data/patches/auto_grown_20260421035747048_region_000/y.tif	d7401a7087710875e8e168e6d30410919d1739b9	56546	ff01cb1850ab50ead4b414056967abbf8425747eef0d4326e776faa823cc4c9c	hf://scrollprize/datasets/spiral/PHercParis4/unverified_patches/auto_grown_20260421035747048_region_000/y.tif
geometry	data/patches/auto_grown_20260421035747048_region_000/z.tif	d7401a7087710875e8e168e6d30410919d1739b9	56546	4ff3051e545c213e0a1756a7a4e64b0fcf3495a6162e06b1d31d4735808d22df	hf://scrollprize/datasets/spiral/PHercParis4/unverified_patches/auto_grown_20260421035747048_region_000/z.tif
geometry	data/patches/auto_grown_20260421035946486_region_002/mask.tif	d7401a7087710875e8e168e6d30410919d1739b9	458	325d739826e7c6eceb5d6c083c4710088165e708fc5435a03f1d961fa50721ab	hf://scrollprize/datasets/spiral/PHercParis4/unverified_patches/auto_grown_20260421035946486_region_002/mask.tif
geometry	data/patches/auto_grown_20260421035946486_region_002/meta.json	d7401a7087710875e8e168e6d30410919d1739b9	16631	780a08326a3c599bd65c84b36fd28ad3ca9f588d22e725b5d1e64b8fefc27026	hf://scrollprize/datasets/spiral/PHercParis4/unverified_patches/auto_grown_20260421035946486_region_002/meta.json
geometry	data/patches/auto_grown_20260421035946486_region_002/x.tif	d7401a7087710875e8e168e6d30410919d1739b9	3046	3499a46bb6fd2ac8d5f36a4d155aee9d1396655abb5606a9448d53677bffd31f	hf://scrollprize/datasets/spiral/PHercParis4/unverified_patches/auto_grown_20260421035946486_region_002/x.tif
geometry	data/patches/auto_grown_20260421035946486_region_002/y.tif	d7401a7087710875e8e168e6d30410919d1739b9	3046	11d54ae9a4f9aae1fcc5c62755d829be4c9bf21746f825163f69c247f98181c2	hf://scrollprize/datasets/spiral/PHercParis4/unverified_patches/auto_grown_20260421035946486_region_002/y.tif
geometry	data/patches/auto_grown_20260421035946486_region_002/z.tif	d7401a7087710875e8e168e6d30410919d1739b9	3046	203493ab5912edaa8e3ed0e5850989d251bc7b9431f3a29f092c86adbf344289	hf://scrollprize/datasets/spiral/PHercParis4/unverified_patches/auto_grown_20260421035946486_region_002/z.tif
geometry	data/patches/auto_grown_20260421040047275_region_000/mask.tif	d7401a7087710875e8e168e6d30410919d1739b9	751	d6cce3922de0b0af771de9bf2bc151a6cd709576da5ddafa8f7c3d2d92aade51	hf://scrollprize/datasets/spiral/PHercParis4/unverified_patches/auto_grown_20260421040047275_region_000/mask.tif
geometry	data/patches/auto_grown_20260421040047275_region_000/meta.json	d7401a7087710875e8e168e6d30410919d1739b9	17168	4f5a19a36a4043fb6053442b345ebe2a07f5e8021dbbe3d20fcaa9538199f39e	hf://scrollprize/datasets/spiral/PHercParis4/unverified_patches/auto_grown_20260421040047275_region_000/meta.json
geometry	data/patches/auto_grown_20260421040047275_region_000/x.tif	d7401a7087710875e8e168e6d30410919d1739b9	12746	2fcfa018fb13c76aeadabd8cbf53e395fb765605c6835421d1506b8294c559d0	hf://scrollprize/datasets/spiral/PHercParis4/unverified_patches/auto_grown_20260421040047275_region_000/x.tif
geometry	data/patches/auto_grown_20260421040047275_region_000/y.tif	d7401a7087710875e8e168e6d30410919d1739b9	12746	a45f9119ba6571dbdf86f4968771b083e177761cdd38001bce9eec02e85ee990	hf://scrollprize/datasets/spiral/PHercParis4/unverified_patches/auto_grown_20260421040047275_region_000/y.tif
geometry	data/patches/auto_grown_20260421040047275_region_000/z.tif	d7401a7087710875e8e168e6d30410919d1739b9	12746	4d05d73dc44e9cd269d89d685f9f73cf6ec106a8d2881163f6e0410819075848	hf://scrollprize/datasets/spiral/PHercParis4/unverified_patches/auto_grown_20260421040047275_region_000/z.tif
geometry	data/patches/auto_grown_20260421040136552_region_000/mask.tif	d7401a7087710875e8e168e6d30410919d1739b9	516	e547acd9ab19bcbd9248c368104557c7527174cb02084cf2eef1a85385c514ad	hf://scrollprize/datasets/spiral/PHercParis4/unverified_patches/auto_grown_20260421040136552_region_000/mask.tif
geometry	data/patches/auto_grown_20260421040136552_region_000/meta.json	d7401a7087710875e8e168e6d30410919d1739b9	17241	354ec89d3437797b0a0aa7e66c214e3e963b12deadd1c0858f6b5086af2c2245	hf://scrollprize/datasets/spiral/PHercParis4/unverified_patches/auto_grown_20260421040136552_region_000/meta.json
geometry	data/patches/auto_grown_20260421040136552_region_000/x.tif	d7401a7087710875e8e168e6d30410919d1739b9	3926	1b75c8c89da83ab44cd5ca7b3cf3912bcbed7ecddf4bc9861e592653078f41a5	hf://scrollprize/datasets/spiral/PHercParis4/unverified_patches/auto_grown_20260421040136552_region_000/x.tif
geometry	data/patches/auto_grown_20260421040136552_region_000/y.tif	d7401a7087710875e8e168e6d30410919d1739b9	3926	df11ea9e0cc0fcb50e9a942680800cc3de95b8c69643b8232bc0295e161ccb3a	hf://scrollprize/datasets/spiral/PHercParis4/unverified_patches/auto_grown_20260421040136552_region_000/y.tif
geometry	data/patches/auto_grown_20260421040136552_region_000/z.tif	d7401a7087710875e8e168e6d30410919d1739b9	3926	cd8c91b12c30ebf69ae1b15af83f11789e4538ca0bf0fbf0785a310cbc9b0e25	hf://scrollprize/datasets/spiral/PHercParis4/unverified_patches/auto_grown_20260421040136552_region_000/z.tif
geometry	data/patches/auto_grown_20260421040544548_region_000/mask.tif	d7401a7087710875e8e168e6d30410919d1739b9	905	3153871e5ff6c2bbc459dc31a91d757298d90be72c577b8ffcab9d5a6eb2573d	hf://scrollprize/datasets/spiral/PHercParis4/unverified_patches/auto_grown_20260421040544548_region_000/mask.tif
geometry	data/patches/auto_grown_20260421040544548_region_000/meta.json	d7401a7087710875e8e168e6d30410919d1739b9	16531	0f5ba5d3c2cc811165b7115421c51b7c8710f2ccb4ae0c9abc1f610b9c3b5e66	hf://scrollprize/datasets/spiral/PHercParis4/unverified_patches/auto_grown_20260421040544548_region_000/meta.json
geometry	data/patches/auto_grown_20260421040544548_region_000/x.tif	d7401a7087710875e8e168e6d30410919d1739b9	21950	2794c8a7f5603e10defe19b372b1acfc0469f51c7fbca61a24a32465e3209253	hf://scrollprize/datasets/spiral/PHercParis4/unverified_patches/auto_grown_20260421040544548_region_000/x.tif
geometry	data/patches/auto_grown_20260421040544548_region_000/y.tif	d7401a7087710875e8e168e6d30410919d1739b9	21950	c60eb370feddfe781c39633d0a065a577b46689480307bf36e00a15a57a23feb	hf://scrollprize/datasets/spiral/PHercParis4/unverified_patches/auto_grown_20260421040544548_region_000/y.tif
geometry	data/patches/auto_grown_20260421040544548_region_000/z.tif	d7401a7087710875e8e168e6d30410919d1739b9	21950	078fbb16d9744e81f26c0fec424ec56864c48aaeb9976d2c2c4bf25e65ae151f	hf://scrollprize/datasets/spiral/PHercParis4/unverified_patches/auto_grown_20260421040544548_region_000/z.tif
geometry	data/patches/auto_grown_20260421040646370_region_001/mask.tif	d7401a7087710875e8e168e6d30410919d1739b9	601	a723db8ae5f2769e2f66d4c4e1256d7b1854acb7b05dc67a31ebb0b1f1ab917b	hf://scrollprize/datasets/spiral/PHercParis4/unverified_patches/auto_grown_20260421040646370_region_001/mask.tif
geometry	data/patches/auto_grown_20260421040646370_region_001/meta.json	d7401a7087710875e8e168e6d30410919d1739b9	16986	b3d41a4eeeafa3fb950730f8e047dc82fbf5625e3003f468bba808a9ff6c6c1d	hf://scrollprize/datasets/spiral/PHercParis4/unverified_patches/auto_grown_20260421040646370_region_001/meta.json
geometry	data/patches/auto_grown_20260421040646370_region_001/x.tif	d7401a7087710875e8e168e6d30410919d1739b9	7202	dbaf168bf92ed5556dbb4e7f3f346463e7266ede738caddb3d5b19ab40c7185a	hf://scrollprize/datasets/spiral/PHercParis4/unverified_patches/auto_grown_20260421040646370_region_001/x.tif
geometry	data/patches/auto_grown_20260421040646370_region_001/y.tif	d7401a7087710875e8e168e6d30410919d1739b9	7202	8b2a3b7901949f059a32ba56379d3ef9e91b5577b085a6fd13f2ac9fc8ba0790	hf://scrollprize/datasets/spiral/PHercParis4/unverified_patches/auto_grown_20260421040646370_region_001/y.tif
geometry	data/patches/auto_grown_20260421040646370_region_001/z.tif	d7401a7087710875e8e168e6d30410919d1739b9	7202	7fc4ef13fcb42c5f28a8279ce87d4a8c242c7bf1664a0d8248fb355153f87dfd	hf://scrollprize/datasets/spiral/PHercParis4/unverified_patches/auto_grown_20260421040646370_region_001/z.tif
geometry	data/patches/auto_grown_20260421040646370_region_003/mask.tif	d7401a7087710875e8e168e6d30410919d1739b9	568	7374070b59654b75efd14f847c095a6ce4c379d1624379afa9882ae6459405f0	hf://scrollprize/datasets/spiral/PHercParis4/unverified_patches/auto_grown_20260421040646370_region_003/mask.tif
geometry	data/patches/auto_grown_20260421040646370_region_003/meta.json	d7401a7087710875e8e168e6d30410919d1739b9	16983	e09579eeff13082eae502aa3e0cc506e639745b668bc9b23d69eaae6d31f2000	hf://scrollprize/datasets/spiral/PHercParis4/unverified_patches/auto_grown_20260421040646370_region_003/meta.json
geometry	data/patches/auto_grown_20260421040646370_region_003/x.tif	d7401a7087710875e8e168e6d30410919d1739b9	5822	8f20d202d6f82c6d8e346185ad71c312442136fc285a27ae66a7be8fc7915083	hf://scrollprize/datasets/spiral/PHercParis4/unverified_patches/auto_grown_20260421040646370_region_003/x.tif
geometry	data/patches/auto_grown_20260421040646370_region_003/y.tif	d7401a7087710875e8e168e6d30410919d1739b9	5822	4404eadc9c4fe56d4eea9a257db906afaca334dd5da35fc4e027332bce4453d7	hf://scrollprize/datasets/spiral/PHercParis4/unverified_patches/auto_grown_20260421040646370_region_003/y.tif
geometry	data/patches/auto_grown_20260421040646370_region_003/z.tif	d7401a7087710875e8e168e6d30410919d1739b9	5822	62e70f86918b85b73853aa22d3cc0de752cce7de6b92fcc8ad4659aa7959e161	hf://scrollprize/datasets/spiral/PHercParis4/unverified_patches/auto_grown_20260421040646370_region_003/z.tif
geometry	data/patches/auto_grown_20260421043042077_region_000/mask.tif	d7401a7087710875e8e168e6d30410919d1739b9	493	e33c71981f4118e6786b150c98bcd7f2cde4e48418dcf6b8a1821c74d66047e5	hf://scrollprize/datasets/spiral/PHercParis4/unverified_patches/auto_grown_20260421043042077_region_000/mask.tif
geometry	data/patches/auto_grown_20260421043042077_region_000/meta.json	d7401a7087710875e8e168e6d30410919d1739b9	16850	68cc9a2845694dd8efa45b370440a95bfd731088b41c7d032325a3a83d2aa4c1	hf://scrollprize/datasets/spiral/PHercParis4/unverified_patches/auto_grown_20260421043042077_region_000/meta.json
geometry	data/patches/auto_grown_20260421043042077_region_000/x.tif	d7401a7087710875e8e168e6d30410919d1739b9	3446	02b4f131e2327143820dc05e19eee526ceb92e5426d153d2f66fa88fe70e6c0d	hf://scrollprize/datasets/spiral/PHercParis4/unverified_patches/auto_grown_20260421043042077_region_000/x.tif
geometry	data/patches/auto_grown_20260421043042077_region_000/y.tif	d7401a7087710875e8e168e6d30410919d1739b9	3446	2f31542091d82f52094fbe898cf021403bb0e6a8fc5a9213f88962a1b5cab88e	hf://scrollprize/datasets/spiral/PHercParis4/unverified_patches/auto_grown_20260421043042077_region_000/y.tif
geometry	data/patches/auto_grown_20260421043042077_region_000/z.tif	d7401a7087710875e8e168e6d30410919d1739b9	3446	583b0964e8727cca3e785ce54b1bb669988d02e321a3ca258bc94d60ef21b1d8	hf://scrollprize/datasets/spiral/PHercParis4/unverified_patches/auto_grown_20260421043042077_region_000/z.tif
geometry	data/patches/auto_grown_20260421043600994_region_002/mask.tif	d7401a7087710875e8e168e6d30410919d1739b9	462	0ec456afadf020ad4753f8343d12dfb7d1d71921eb24f3534344312cec1d3136	hf://scrollprize/datasets/spiral/PHercParis4/unverified_patches/auto_grown_20260421043600994_region_002/mask.tif
geometry	data/patches/auto_grown_20260421043600994_region_002/meta.json	d7401a7087710875e8e168e6d30410919d1739b9	16892	e05fef9dc9a0b8e62e152e106c60dc4714467ac4e891b9905eb9969dad7c0ced	hf://scrollprize/datasets/spiral/PHercParis4/unverified_patches/auto_grown_20260421043600994_region_002/meta.json
geometry	data/patches/auto_grown_20260421043600994_region_002/x.tif	d7401a7087710875e8e168e6d30410919d1739b9	2746	43c5afce26dafa5742c13751559d88f5c92fcafa58d8924f4436b7a9107d958c	hf://scrollprize/datasets/spiral/PHercParis4/unverified_patches/auto_grown_20260421043600994_region_002/x.tif
geometry	data/patches/auto_grown_20260421043600994_region_002/y.tif	d7401a7087710875e8e168e6d30410919d1739b9	2746	ba8b3fa3e1ed2aff4c233be4f01e2817f8c57b9b4303321eb59e4b3101342341	hf://scrollprize/datasets/spiral/PHercParis4/unverified_patches/auto_grown_20260421043600994_region_002/y.tif
geometry	data/patches/auto_grown_20260421043600994_region_002/z.tif	d7401a7087710875e8e168e6d30410919d1739b9	2746	d6386292e5a4cb0f89cc849762915ab86bcff42c4addb77a33a927c61714db81	hf://scrollprize/datasets/spiral/PHercParis4/unverified_patches/auto_grown_20260421043600994_region_002/z.tif
geometry	data/patches/auto_grown_20260421044412943_region_001/mask.tif	d7401a7087710875e8e168e6d30410919d1739b9	461	7c0b85f43a8b0ed6b7c6410234ec36f32774b9a3a0e98a2587a67bd052b4769f	hf://scrollprize/datasets/spiral/PHercParis4/unverified_patches/auto_grown_20260421044412943_region_001/mask.tif
geometry	data/patches/auto_grown_20260421044412943_region_001/meta.json	d7401a7087710875e8e168e6d30410919d1739b9	17123	147448d3c508d067ea42959a5330ea2683fe238180bd33bb1b4f8785b2826b27	hf://scrollprize/datasets/spiral/PHercParis4/unverified_patches/auto_grown_20260421044412943_region_001/meta.json
geometry	data/patches/auto_grown_20260421044412943_region_001/x.tif	d7401a7087710875e8e168e6d30410919d1739b9	2834	6d59933556a895f441e35b143d9ef1272a0e3d6578d12b32aa76a335ec566734	hf://scrollprize/datasets/spiral/PHercParis4/unverified_patches/auto_grown_20260421044412943_region_001/x.tif
geometry	data/patches/auto_grown_20260421044412943_region_001/y.tif	d7401a7087710875e8e168e6d30410919d1739b9	2834	180fc51e9a6a6e2610fbdcce6d94afe930825b31a440485019e7407baebc4293	hf://scrollprize/datasets/spiral/PHercParis4/unverified_patches/auto_grown_20260421044412943_region_001/y.tif
geometry	data/patches/auto_grown_20260421044412943_region_001/z.tif	d7401a7087710875e8e168e6d30410919d1739b9	2834	3a75f1756ea06960b5de394fbd2b53e3a998516e4b119e117f070b89b84e40d8	hf://scrollprize/datasets/spiral/PHercParis4/unverified_patches/auto_grown_20260421044412943_region_001/z.tif
geometry	data/patches/auto_grown_20260421044950141_region_003/mask.tif	d7401a7087710875e8e168e6d30410919d1739b9	555	455b2d023997c6cda897f480773035a66e05ec25b2c7a7fbb0dc80640caa9b73	hf://scrollprize/datasets/spiral/PHercParis4/unverified_patches/auto_grown_20260421044950141_region_003/mask.tif
geometry	data/patches/auto_grown_20260421044950141_region_003/meta.json	d7401a7087710875e8e168e6d30410919d1739b9	16932	58234687f700bfcd445d560c8960c86cccb28032e89f3f9a29e10c1e3925eedf	hf://scrollprize/datasets/spiral/PHercParis4/unverified_patches/auto_grown_20260421044950141_region_003/meta.json
geometry	data/patches/auto_grown_20260421044950141_region_003/x.tif	d7401a7087710875e8e168e6d30410919d1739b9	5830	ef9363ac569cf704ba6f85aad6ddd32550f33375f53db738bde7457d4fe70363	hf://scrollprize/datasets/spiral/PHercParis4/unverified_patches/auto_grown_20260421044950141_region_003/x.tif
geometry	data/patches/auto_grown_20260421044950141_region_003/y.tif	d7401a7087710875e8e168e6d30410919d1739b9	5830	199e7c6a0dec7a5a492d2143c23e48590ce504e1700b9061082b7b1777b2450f	hf://scrollprize/datasets/spiral/PHercParis4/unverified_patches/auto_grown_20260421044950141_region_003/y.tif
geometry	data/patches/auto_grown_20260421044950141_region_003/z.tif	d7401a7087710875e8e168e6d30410919d1739b9	5830	3eb1af6d8647228ae28880e9c3edc5f67e281551f946b1d308a784f5186ef956	hf://scrollprize/datasets/spiral/PHercParis4/unverified_patches/auto_grown_20260421044950141_region_003/z.tif
geometry	data/patches/auto_grown_20260421050702702_region_000/mask.tif	d7401a7087710875e8e168e6d30410919d1739b9	564	b2c3832d8783c31c4e3700c4b7e1cf2e0a512c774acc324f5f94c2ab1fe68e8a	hf://scrollprize/datasets/spiral/PHercParis4/unverified_patches/auto_grown_20260421050702702_region_000/mask.tif
geometry	data/patches/auto_grown_20260421050702702_region_000/meta.json	d7401a7087710875e8e168e6d30410919d1739b9	16738	e55c4866a84719fd32f29da8696ba93b689bbbfe1919a4b854d6092926f62c47	hf://scrollprize/datasets/spiral/PHercParis4/unverified_patches/auto_grown_20260421050702702_region_000/meta.json
geometry	data/patches/auto_grown_20260421050702702_region_000/x.tif	d7401a7087710875e8e168e6d30410919d1739b9	4898	62effb0e8561e8e01256b3f517d6a3e0c77fadcfa398369bd99471969a95640a	hf://scrollprize/datasets/spiral/PHercParis4/unverified_patches/auto_grown_20260421050702702_region_000/x.tif
geometry	data/patches/auto_grown_20260421050702702_region_000/y.tif	d7401a7087710875e8e168e6d30410919d1739b9	4898	93218ca6fcec13a25accca04ed61f7461fc15b021cabd336540cd5047a73fea4	hf://scrollprize/datasets/spiral/PHercParis4/unverified_patches/auto_grown_20260421050702702_region_000/y.tif
geometry	data/patches/auto_grown_20260421050702702_region_000/z.tif	d7401a7087710875e8e168e6d30410919d1739b9	4898	60f87c54fc35704628470c7305a8d0e003d3b61141caa3317d76d76b64d222ec	hf://scrollprize/datasets/spiral/PHercParis4/unverified_patches/auto_grown_20260421050702702_region_000/z.tif
geometry	data/patches/auto_grown_20260421051955277_region_004/mask.tif	d7401a7087710875e8e168e6d30410919d1739b9	460	78cef117dc1dc4e295fff136df33a15aea42cd58a49953e6836a76897c37ef4a	hf://scrollprize/datasets/spiral/PHercParis4/unverified_patches/auto_grown_20260421051955277_region_004/mask.tif
geometry	data/patches/auto_grown_20260421051955277_region_004/meta.json	d7401a7087710875e8e168e6d30410919d1739b9	17109	5d729f092db0d8daa33a461f2ef3048a5172cf98b91077c60cd4c6d8756299c2	hf://scrollprize/datasets/spiral/PHercParis4/unverified_patches/auto_grown_20260421051955277_region_004/meta.json
geometry	data/patches/auto_grown_20260421051955277_region_004/x.tif	d7401a7087710875e8e168e6d30410919d1739b9	3026	94b5190b10099ef2ed9b4c2fb8b6c83253362beba533c3d6dafcad62f4afe1c7	hf://scrollprize/datasets/spiral/PHercParis4/unverified_patches/auto_grown_20260421051955277_region_004/x.tif
geometry	data/patches/auto_grown_20260421051955277_region_004/y.tif	d7401a7087710875e8e168e6d30410919d1739b9	3026	cf3aee37ad89a3e77c3adc2023e9be18fc28e672e2b1212d00b7f0c1302924f3	hf://scrollprize/datasets/spiral/PHercParis4/unverified_patches/auto_grown_20260421051955277_region_004/y.tif
geometry	data/patches/auto_grown_20260421051955277_region_004/z.tif	d7401a7087710875e8e168e6d30410919d1739b9	3026	0822b6489b8454668dd6fa4d77a01d309387f1ab40146c1ad6e0d1ffa370eea9	hf://scrollprize/datasets/spiral/PHercParis4/unverified_patches/auto_grown_20260421051955277_region_004/z.tif
geometry	data/patches/auto_grown_20260421052437091_region_000/mask.tif	d7401a7087710875e8e168e6d30410919d1739b9	554	89e8951516b60f2114a6a3591a0b82a689ad762af779cbd92fc9ac2876fab07c	hf://scrollprize/datasets/spiral/PHercParis4/unverified_patches/auto_grown_20260421052437091_region_000/mask.tif
geometry	data/patches/auto_grown_20260421052437091_region_000/meta.json	d7401a7087710875e8e168e6d30410919d1739b9	16955	b4e3d8b8c3e787947040feb8f4e6af378c74525201560695e2a516bded34ca96	hf://scrollprize/datasets/spiral/PHercParis4/unverified_patches/auto_grown_20260421052437091_region_000/meta.json
geometry	data/patches/auto_grown_20260421052437091_region_000/x.tif	d7401a7087710875e8e168e6d30410919d1739b9	6002	520cffc7c6f75e90bc0079b41f91b849547db8db62b64016ddeb8797e64aa9f1	hf://scrollprize/datasets/spiral/PHercParis4/unverified_patches/auto_grown_20260421052437091_region_000/x.tif
geometry	data/patches/auto_grown_20260421052437091_region_000/y.tif	d7401a7087710875e8e168e6d30410919d1739b9	6002	ee5471f4f5fe6863b864b8587ae3c8e8c281e8328df73e7ac92ff64e258a8727	hf://scrollprize/datasets/spiral/PHercParis4/unverified_patches/auto_grown_20260421052437091_region_000/y.tif
geometry	data/patches/auto_grown_20260421052437091_region_000/z.tif	d7401a7087710875e8e168e6d30410919d1739b9	6002	6c8787b494e91b29e01abde11cc30285b1d89852b639cdf1fa20ceb2638086e2	hf://scrollprize/datasets/spiral/PHercParis4/unverified_patches/auto_grown_20260421052437091_region_000/z.tif
geometry	data/patches/auto_grown_20260421052448194_region_001/mask.tif	d7401a7087710875e8e168e6d30410919d1739b9	457	985eb8b257e604f97415464b91e38924f9e18b7d5a999f206b4dd5a2539f1030	hf://scrollprize/datasets/spiral/PHercParis4/unverified_patches/auto_grown_20260421052448194_region_001/mask.tif
geometry	data/patches/auto_grown_20260421052448194_region_001/meta.json	d7401a7087710875e8e168e6d30410919d1739b9	16821	80f8fe78e2bf8c67f20d9fa7452e15bce469f1ce73a9e63ddfaa203a902e92ab	hf://scrollprize/datasets/spiral/PHercParis4/unverified_patches/auto_grown_20260421052448194_region_001/meta.json
geometry	data/patches/auto_grown_20260421052448194_region_001/x.tif	d7401a7087710875e8e168e6d30410919d1739b9	2630	9cd881b98f17c1d7045b0f7fad20114b5fa773df8e55c58d5dc0ee2cab9c06d3	hf://scrollprize/datasets/spiral/PHercParis4/unverified_patches/auto_grown_20260421052448194_region_001/x.tif
geometry	data/patches/auto_grown_20260421052448194_region_001/y.tif	d7401a7087710875e8e168e6d30410919d1739b9	2630	a9add4f8c738cebec8db23b2e8c1d6d6de15de928d2a02ad0856ae8b3ccd44d2	hf://scrollprize/datasets/spiral/PHercParis4/unverified_patches/auto_grown_20260421052448194_region_001/y.tif
geometry	data/patches/auto_grown_20260421052448194_region_001/z.tif	d7401a7087710875e8e168e6d30410919d1739b9	2630	5e1da68e56935bdb7c0616b45c87f9e39159722ecde6944c6c41c78515130224	hf://scrollprize/datasets/spiral/PHercParis4/unverified_patches/auto_grown_20260421052448194_region_001/z.tif
geometry	data/patches/auto_grown_20260421052910821_region_000/mask.tif	d7401a7087710875e8e168e6d30410919d1739b9	582	2b33eecc6d916e9aa926ff3606c143cefbda7581d5d17949ec437509ceaa55d2	hf://scrollprize/datasets/spiral/PHercParis4/unverified_patches/auto_grown_20260421052910821_region_000/mask.tif
geometry	data/patches/auto_grown_20260421052910821_region_000/meta.json	d7401a7087710875e8e168e6d30410919d1739b9	17192	5d4c7c3aaf8fcb6985bc3c3dd18600e8aa8c3cddb3b3705faf3486d9e84b12bd	hf://scrollprize/datasets/spiral/PHercParis4/unverified_patches/auto_grown_20260421052910821_region_000/meta.json
geometry	data/patches/auto_grown_20260421052910821_region_000/x.tif	d7401a7087710875e8e168e6d30410919d1739b9	5906	3394e84db18b96b35d7bc361508399d9ff93875e6b29ec81fb166526b31d5fae	hf://scrollprize/datasets/spiral/PHercParis4/unverified_patches/auto_grown_20260421052910821_region_000/x.tif
geometry	data/patches/auto_grown_20260421052910821_region_000/y.tif	d7401a7087710875e8e168e6d30410919d1739b9	5906	359fd071905bede17b2be5f2cc1f0dfaa5cca3e37238c380207ce3e5aa96147c	hf://scrollprize/datasets/spiral/PHercParis4/unverified_patches/auto_grown_20260421052910821_region_000/y.tif
geometry	data/patches/auto_grown_20260421052910821_region_000/z.tif	d7401a7087710875e8e168e6d30410919d1739b9	5906	6db956dfaaf1dd6c89c7af2470064c71f3d0c43367115ed0c3969a49c07c3851	hf://scrollprize/datasets/spiral/PHercParis4/unverified_patches/auto_grown_20260421052910821_region_000/z.tif
geometry	data/patches/auto_grown_20260421054908111_region_000/mask.tif	d7401a7087710875e8e168e6d30410919d1739b9	561	4d4d32a7ab4644d8c1d34da37f7ea2e3cfde99c7ac968f3f98a025670f83b277	hf://scrollprize/datasets/spiral/PHercParis4/unverified_patches/auto_grown_20260421054908111_region_000/mask.tif
geometry	data/patches/auto_grown_20260421054908111_region_000/meta.json	d7401a7087710875e8e168e6d30410919d1739b9	16908	1aad8453662d216d6806eca72d2befe93bad557c175a674def444ac22ab3dd98	hf://scrollprize/datasets/spiral/PHercParis4/unverified_patches/auto_grown_20260421054908111_region_000/meta.json
geometry	data/patches/auto_grown_20260421054908111_region_000/x.tif	d7401a7087710875e8e168e6d30410919d1739b9	4766	dba129ba627c23f39780bf888e7937129b78b5f650ab664563fddacd5c8b7637	hf://scrollprize/datasets/spiral/PHercParis4/unverified_patches/auto_grown_20260421054908111_region_000/x.tif
geometry	data/patches/auto_grown_20260421054908111_region_000/y.tif	d7401a7087710875e8e168e6d30410919d1739b9	4766	82af81ed40bb316c71a4e013edbeff51a152bbc130f16975e73ac72d085e75e7	hf://scrollprize/datasets/spiral/PHercParis4/unverified_patches/auto_grown_20260421054908111_region_000/y.tif
geometry	data/patches/auto_grown_20260421054908111_region_000/z.tif	d7401a7087710875e8e168e6d30410919d1739b9	4766	8d4a619bd0c95613d96a6c29d2b27568c1ab11473f78798fc26127a2b955d8d5	hf://scrollprize/datasets/spiral/PHercParis4/unverified_patches/auto_grown_20260421054908111_region_000/z.tif
geometry	data/patches/auto_grown_20260421060932840_region_001/mask.tif	d7401a7087710875e8e168e6d30410919d1739b9	461	3310d17daae5d05551a3722e4599d3720510374f9b38a255e2ec00c19c70f7bd	hf://scrollprize/datasets/spiral/PHercParis4/unverified_patches/auto_grown_20260421060932840_region_001/mask.tif
geometry	data/patches/auto_grown_20260421060932840_region_001/meta.json	d7401a7087710875e8e168e6d30410919d1739b9	16968	5817116f533d81b5065f832f68fa6321e369e8fa2a06c08184ae2d1184aca8ed	hf://scrollprize/datasets/spiral/PHercParis4/unverified_patches/auto_grown_20260421060932840_region_001/meta.json
geometry	data/patches/auto_grown_20260421060932840_region_001/x.tif	d7401a7087710875e8e168e6d30410919d1739b9	3062	aaafa3db8ce6753757496df3068cca1afde4912c912ae73e63c02d6ec21bf3e6	hf://scrollprize/datasets/spiral/PHercParis4/unverified_patches/auto_grown_20260421060932840_region_001/x.tif
geometry	data/patches/auto_grown_20260421060932840_region_001/y.tif	d7401a7087710875e8e168e6d30410919d1739b9	3062	d7479a49d87f0c2fa435f72f5040e7473462de406b815460a57888ec5e8cb969	hf://scrollprize/datasets/spiral/PHercParis4/unverified_patches/auto_grown_20260421060932840_region_001/y.tif
geometry	data/patches/auto_grown_20260421060932840_region_001/z.tif	d7401a7087710875e8e168e6d30410919d1739b9	3062	4767775b8043c84f6244283e194dad754860b199b6372de5ca261aaed6c86483	hf://scrollprize/datasets/spiral/PHercParis4/unverified_patches/auto_grown_20260421060932840_region_001/z.tif
geometry	data/patches/auto_grown_20260421061127978_region_000/mask.tif	d7401a7087710875e8e168e6d30410919d1739b9	818	d4ddbe5a97867f671966b830324170866edffefc2be4ac588b0b3ca5b1b7cc8f	hf://scrollprize/datasets/spiral/PHercParis4/unverified_patches/auto_grown_20260421061127978_region_000/mask.tif
geometry	data/patches/auto_grown_20260421061127978_region_000/meta.json	d7401a7087710875e8e168e6d30410919d1739b9	16804	3c5c00db5b81b29cebdeac7c4e10f8d56431a8668f95b3028f5ac9ea62475547	hf://scrollprize/datasets/spiral/PHercParis4/unverified_patches/auto_grown_20260421061127978_region_000/meta.json
geometry	data/patches/auto_grown_20260421061127978_region_000/x.tif	d7401a7087710875e8e168e6d30410919d1739b9	16130	6cd8fa48116968748d98701fc26fdb2f2353e69bec10d3ee5c51f03deadab02a	hf://scrollprize/datasets/spiral/PHercParis4/unverified_patches/auto_grown_20260421061127978_region_000/x.tif
geometry	data/patches/auto_grown_20260421061127978_region_000/y.tif	d7401a7087710875e8e168e6d30410919d1739b9	16130	d45425868c1acedec735ba0c6be97878dc28e2416c1755f31aa2194770ef5a75	hf://scrollprize/datasets/spiral/PHercParis4/unverified_patches/auto_grown_20260421061127978_region_000/y.tif
geometry	data/patches/auto_grown_20260421061127978_region_000/z.tif	d7401a7087710875e8e168e6d30410919d1739b9	16130	5abb78ccb5aed5260a467afa54cc935d7089d95d119c5de01515fe3828d1a4ee	hf://scrollprize/datasets/spiral/PHercParis4/unverified_patches/auto_grown_20260421061127978_region_000/z.tif
geometry	data/patches/auto_grown_20260421062212831_region_000/mask.tif	d7401a7087710875e8e168e6d30410919d1739b9	413	5d0fe1fafdce1013f6cfcb261046d52cf39e2f3e0343ce48592cf314d3ce3f0e	hf://scrollprize/datasets/spiral/PHercParis4/unverified_patches/auto_grown_20260421062212831_region_000/mask.tif
geometry	data/patches/auto_grown_20260421062212831_region_000/meta.json	d7401a7087710875e8e168e6d30410919d1739b9	16656	beb5274a4285e504eafce06d479d5db40f94ac381c29b64c80b4713ab5c3eeb8	hf://scrollprize/datasets/spiral/PHercParis4/unverified_patches/auto_grown_20260421062212831_region_000/meta.json
geometry	data/patches/auto_grown_20260421062212831_region_000/x.tif	d7401a7087710875e8e168e6d30410919d1739b9	6482	7a393f4ebb892c637dec2802ed230ba97b1a26a882bf1b3fe2bfc0bfdc6a3312	hf://scrollprize/datasets/spiral/PHercParis4/unverified_patches/auto_grown_20260421062212831_region_000/x.tif
geometry	data/patches/auto_grown_20260421062212831_region_000/y.tif	d7401a7087710875e8e168e6d30410919d1739b9	6482	d8fc72b853dedb26f067e20bd94fd8b7bd10a6351c396ff4a4c92d73f71afbbe	hf://scrollprize/datasets/spiral/PHercParis4/unverified_patches/auto_grown_20260421062212831_region_000/y.tif
geometry	data/patches/auto_grown_20260421062212831_region_000/z.tif	d7401a7087710875e8e168e6d30410919d1739b9	6482	14356c7c786f4156a329ebc814d98408ee7877f4da9daccb32fa29855ff8f5ae	hf://scrollprize/datasets/spiral/PHercParis4/unverified_patches/auto_grown_20260421062212831_region_000/z.tif
geometry	data/patches/auto_grown_20260421062408308_region_003/mask.tif	d7401a7087710875e8e168e6d30410919d1739b9	460	01f1f9f1c2ba6a4fa067e151d27ea6619b1d630796d887de529010494b9b2e9c	hf://scrollprize/datasets/spiral/PHercParis4/unverified_patches/auto_grown_20260421062408308_region_003/mask.tif
geometry	data/patches/auto_grown_20260421062408308_region_003/meta.json	d7401a7087710875e8e168e6d30410919d1739b9	17026	3e7b583cb0044bd39e741a65082c8f070810e57421defe40cf92fc89fe865a83	hf://scrollprize/datasets/spiral/PHercParis4/unverified_patches/auto_grown_20260421062408308_region_003/meta.json
geometry	data/patches/auto_grown_20260421062408308_region_003/x.tif	d7401a7087710875e8e168e6d30410919d1739b9	2546	bdbdfb0c190790908fca403a0d920b4857e8f2fc166b380ecf3e63f511b35550	hf://scrollprize/datasets/spiral/PHercParis4/unverified_patches/auto_grown_20260421062408308_region_003/x.tif
geometry	data/patches/auto_grown_20260421062408308_region_003/y.tif	d7401a7087710875e8e168e6d30410919d1739b9	2546	dc250a3d838cf4c50630282cf14ab7992d50f098e3538bab77888c29ba946f7c	hf://scrollprize/datasets/spiral/PHercParis4/unverified_patches/auto_grown_20260421062408308_region_003/y.tif
geometry	data/patches/auto_grown_20260421062408308_region_003/z.tif	d7401a7087710875e8e168e6d30410919d1739b9	2546	fc76829185613e68799b77dd689b2200c698d712a2dc391f13ac6fb204f34d62	hf://scrollprize/datasets/spiral/PHercParis4/unverified_patches/auto_grown_20260421062408308_region_003/z.tif
geometry	data/patches/auto_grown_20260421063213617_region_000/mask.tif	d7401a7087710875e8e168e6d30410919d1739b9	726	488823393eecfcbc382e7648fac4e7ce3a72b1c41dde5b17e120b22d17fd7ab5	hf://scrollprize/datasets/spiral/PHercParis4/unverified_patches/auto_grown_20260421063213617_region_000/mask.tif
geometry	data/patches/auto_grown_20260421063213617_region_000/meta.json	d7401a7087710875e8e168e6d30410919d1739b9	16274	468143290ce36d6dd78235f784c89eab9c3ea9875a912b5c044d1e77da952605	hf://scrollprize/datasets/spiral/PHercParis4/unverified_patches/auto_grown_20260421063213617_region_000/meta.json
geometry	data/patches/auto_grown_20260421063213617_region_000/x.tif	d7401a7087710875e8e168e6d30410919d1739b9	11366	d3afc6e3b277ba318b0b84b544b9f21beb45c2953ab35bb2ef7ae97a317c1e70	hf://scrollprize/datasets/spiral/PHercParis4/unverified_patches/auto_grown_20260421063213617_region_000/x.tif
geometry	data/patches/auto_grown_20260421063213617_region_000/y.tif	d7401a7087710875e8e168e6d30410919d1739b9	11366	c0aafe67da11a2878cb83c7c9f97f34cd76840184374c417c6850820c7d1bdda	hf://scrollprize/datasets/spiral/PHercParis4/unverified_patches/auto_grown_20260421063213617_region_000/y.tif
geometry	data/patches/auto_grown_20260421063213617_region_000/z.tif	d7401a7087710875e8e168e6d30410919d1739b9	11366	b6eecd1f7bb4404db4afd7d4a97015079a83e1d7f3f451f0c403f54b2775f1cd	hf://scrollprize/datasets/spiral/PHercParis4/unverified_patches/auto_grown_20260421063213617_region_000/z.tif
geometry	data/patches/auto_grown_20260421063906715_region_000/mask.tif	d7401a7087710875e8e168e6d30410919d1739b9	573	c197963e65642124bf8d96375cd8cf4f0ce13dda3da6426f015530de02d99568	hf://scrollprize/datasets/spiral/PHercParis4/unverified_patches/auto_grown_20260421063906715_region_000/mask.tif
geometry	data/patches/auto_grown_20260421063906715_region_000/meta.json	d7401a7087710875e8e168e6d30410919d1739b9	17230	0379f7f0d9e73430962a5ffcea46e0ae86f215160755da3f9f7bdbbe8fa9f794	hf://scrollprize/datasets/spiral/PHercParis4/unverified_patches/auto_grown_20260421063906715_region_000/meta.json
geometry	data/patches/auto_grown_20260421063906715_region_000/x.tif	d7401a7087710875e8e168e6d30410919d1739b9	5046	c6086c2396aa51d93a1458ab43735069e25668dacc1b1111dee55c0a3665227e	hf://scrollprize/datasets/spiral/PHercParis4/unverified_patches/auto_grown_20260421063906715_region_000/x.tif
geometry	data/patches/auto_grown_20260421063906715_region_000/y.tif	d7401a7087710875e8e168e6d30410919d1739b9	5046	9008864e549ee7d31b187fe08f9b4beaafdd4d1a7eb7242a7227b928fb3259fd	hf://scrollprize/datasets/spiral/PHercParis4/unverified_patches/auto_grown_20260421063906715_region_000/y.tif
geometry	data/patches/auto_grown_20260421063906715_region_000/z.tif	d7401a7087710875e8e168e6d30410919d1739b9	5046	53687048f3a773396db42c4ed264301590f077e751f0fef6d89150bb1818a8e9	hf://scrollprize/datasets/spiral/PHercParis4/unverified_patches/auto_grown_20260421063906715_region_000/z.tif
geometry	data/patches/auto_grown_20260421065245223_region_001/mask.tif	d7401a7087710875e8e168e6d30410919d1739b9	456	bea8c2a827b4ba12b72a153e52859beaba93b5e16a28c29ac60e90b08d605c8d	hf://scrollprize/datasets/spiral/PHercParis4/unverified_patches/auto_grown_20260421065245223_region_001/mask.tif
geometry	data/patches/auto_grown_20260421065245223_region_001/meta.json	d7401a7087710875e8e168e6d30410919d1739b9	17116	d988f7af99ec0b1f824a13b3a45b68f8f1185b242e2140eeb5bbc5dfcd7b9680	hf://scrollprize/datasets/spiral/PHercParis4/unverified_patches/auto_grown_20260421065245223_region_001/meta.json
geometry	data/patches/auto_grown_20260421065245223_region_001/x.tif	d7401a7087710875e8e168e6d30410919d1739b9	3494	27359987f1a47c03cb97077cbd72deb645e73809660efbb3010eb893bfa3c2cf	hf://scrollprize/datasets/spiral/PHercParis4/unverified_patches/auto_grown_20260421065245223_region_001/x.tif
geometry	data/patches/auto_grown_20260421065245223_region_001/y.tif	d7401a7087710875e8e168e6d30410919d1739b9	3494	1debd7e1bf2eccdd01f35dfaccdb64a539e3c4f03aa8a98a76b545f242ddf9eb	hf://scrollprize/datasets/spiral/PHercParis4/unverified_patches/auto_grown_20260421065245223_region_001/y.tif
geometry	data/patches/auto_grown_20260421065245223_region_001/z.tif	d7401a7087710875e8e168e6d30410919d1739b9	3494	3a944433a1ae8650ccdefd3307f9de3c36f1010461963209a2a2548a8ddcf843	hf://scrollprize/datasets/spiral/PHercParis4/unverified_patches/auto_grown_20260421065245223_region_001/z.tif
geometry	data/patches/auto_grown_20260421070305560_region_000/mask.tif	d7401a7087710875e8e168e6d30410919d1739b9	905	a888ef27f119acda4ae7cc388c61874cb875e257c933200a435b9e88e56bf644	hf://scrollprize/datasets/spiral/PHercParis4/unverified_patches/auto_grown_20260421070305560_region_000/mask.tif
geometry	data/patches/auto_grown_20260421070305560_region_000/meta.json	d7401a7087710875e8e168e6d30410919d1739b9	16825	bed32e94773a5071642efcf03ba7d49aacc42a064599069db08f3aa33b02547a	hf://scrollprize/datasets/spiral/PHercParis4/unverified_patches/auto_grown_20260421070305560_region_000/meta.json
geometry	data/patches/auto_grown_20260421070305560_region_000/x.tif	d7401a7087710875e8e168e6d30410919d1739b9	20878	439e99ca43ae5d56ab4aefb973c3e8b1bb4fa625f930e112a2498ef3b7faf6e9	hf://scrollprize/datasets/spiral/PHercParis4/unverified_patches/auto_grown_20260421070305560_region_000/x.tif
geometry	data/patches/auto_grown_20260421070305560_region_000/y.tif	d7401a7087710875e8e168e6d30410919d1739b9	20878	95b5a02b3c4d0aa72bd983a79af8cd659000005f560f157ba26190c97c6a0b1e	hf://scrollprize/datasets/spiral/PHercParis4/unverified_patches/auto_grown_20260421070305560_region_000/y.tif
geometry	data/patches/auto_grown_20260421070305560_region_000/z.tif	d7401a7087710875e8e168e6d30410919d1739b9	20878	a939fcd801aba84449034dc398150b5f9818260dc6b4daebbb9090c90c067f3b	hf://scrollprize/datasets/spiral/PHercParis4/unverified_patches/auto_grown_20260421070305560_region_000/z.tif
geometry	data/patches/auto_grown_20260421070358131_region_003/mask.tif	d7401a7087710875e8e168e6d30410919d1739b9	635	77d23bcb651f4b67058691b20229388c4c98317e62ce0f67fb6c9f49b9778c0f	hf://scrollprize/datasets/spiral/PHercParis4/unverified_patches/auto_grown_20260421070358131_region_003/mask.tif
geometry	data/patches/auto_grown_20260421070358131_region_003/meta.json	d7401a7087710875e8e168e6d30410919d1739b9	16286	c8f0d7eb6b551730d1df815b22501ba97731ecb2199b6edac8c07dff95a35a2d	hf://scrollprize/datasets/spiral/PHercParis4/unverified_patches/auto_grown_20260421070358131_region_003/meta.json
geometry	data/patches/auto_grown_20260421070358131_region_003/x.tif	d7401a7087710875e8e168e6d30410919d1739b9	7946	27bb4cd8b0861600dd93f128f3c3a36f080ead59cb5dbee30836abcec50ffbd5	hf://scrollprize/datasets/spiral/PHercParis4/unverified_patches/auto_grown_20260421070358131_region_003/x.tif
geometry	data/patches/auto_grown_20260421070358131_region_003/y.tif	d7401a7087710875e8e168e6d30410919d1739b9	7946	58f9a9e508c309652736983479ade1c5ed3219dd23e48a0f1d5a7ce65403bb5e	hf://scrollprize/datasets/spiral/PHercParis4/unverified_patches/auto_grown_20260421070358131_region_003/y.tif
geometry	data/patches/auto_grown_20260421070358131_region_003/z.tif	d7401a7087710875e8e168e6d30410919d1739b9	7946	8fef7cdd66f6c38e447f81d432e97b3e639afab985e6a862dcae84c706b4e472	hf://scrollprize/datasets/spiral/PHercParis4/unverified_patches/auto_grown_20260421070358131_region_003/z.tif
geometry	data/patches/auto_grown_20260421070522361_region_002/mask.tif	d7401a7087710875e8e168e6d30410919d1739b9	460	13e34bc14a52e19d2b65d5b9b79673c82e9972a82601d0ebbc73dfc3194c2f67	hf://scrollprize/datasets/spiral/PHercParis4/unverified_patches/auto_grown_20260421070522361_region_002/mask.tif
geometry	data/patches/auto_grown_20260421070522361_region_002/meta.json	d7401a7087710875e8e168e6d30410919d1739b9	17065	baa751ea2cc883e73671bb8a6509b71d91be238b69de273fff3826fd274a7981	hf://scrollprize/datasets/spiral/PHercParis4/unverified_patches/auto_grown_20260421070522361_region_002/meta.json
geometry	data/patches/auto_grown_20260421070522361_region_002/x.tif	d7401a7087710875e8e168e6d30410919d1739b9	3170	9c75898cd0011b9a3c55c43ceb0dd7beefd3101f6518197fac138ce3ae2d353c	hf://scrollprize/datasets/spiral/PHercParis4/unverified_patches/auto_grown_20260421070522361_region_002/x.tif
geometry	data/patches/auto_grown_20260421070522361_region_002/y.tif	d7401a7087710875e8e168e6d30410919d1739b9	3170	d1537acf82abd21788d26605dda35b7311ab7b77540a2670080de5397736df36	hf://scrollprize/datasets/spiral/PHercParis4/unverified_patches/auto_grown_20260421070522361_region_002/y.tif
geometry	data/patches/auto_grown_20260421070522361_region_002/z.tif	d7401a7087710875e8e168e6d30410919d1739b9	3170	c5be7fef0d0b73fd8a11beddfd94b2a546b90059436af3cf5d0dca1c1e785a03	hf://scrollprize/datasets/spiral/PHercParis4/unverified_patches/auto_grown_20260421070522361_region_002/z.tif
geometry	data/patches/auto_grown_20260421072920946_region_000/mask.tif	d7401a7087710875e8e168e6d30410919d1739b9	1221	95168509f4ef062b8a908a0ab1c8c4d0f6031e4643aa0a852633b4e484d92a70	hf://scrollprize/datasets/spiral/PHercParis4/unverified_patches/auto_grown_20260421072920946_region_000/mask.tif
geometry	data/patches/auto_grown_20260421072920946_region_000/meta.json	d7401a7087710875e8e168e6d30410919d1739b9	16790	a3cfabc24915c2dfc7889e5780da89bdb8377b40a8387ed76de732e8cf8a1c36	hf://scrollprize/datasets/spiral/PHercParis4/unverified_patches/auto_grown_20260421072920946_region_000/meta.json
geometry	data/patches/auto_grown_20260421072920946_region_000/x.tif	d7401a7087710875e8e168e6d30410919d1739b9	42546	5404a1a4562b354fec9f0a35143c286ffe3c962105711d48a6f160d6aac5c423	hf://scrollprize/datasets/spiral/PHercParis4/unverified_patches/auto_grown_20260421072920946_region_000/x.tif
geometry	data/patches/auto_grown_20260421072920946_region_000/y.tif	d7401a7087710875e8e168e6d30410919d1739b9	42546	643c4443f250e5c12043e67709f3f1f6ed9cc18f4d9ff7dfe7f7a4cb3cf59bfa	hf://scrollprize/datasets/spiral/PHercParis4/unverified_patches/auto_grown_20260421072920946_region_000/y.tif
geometry	data/patches/auto_grown_20260421072920946_region_000/z.tif	d7401a7087710875e8e168e6d30410919d1739b9	42546	0e84d8aa54b94ee91eb2373d4b465467de499160bd3aefd0efdadc7d50d9942f	hf://scrollprize/datasets/spiral/PHercParis4/unverified_patches/auto_grown_20260421072920946_region_000/z.tif
geometry	data/patches/auto_grown_20260421072955265_region_001/mask.tif	d7401a7087710875e8e168e6d30410919d1739b9	459	b59da179faeb121ef437a61ebb06959a4ef1a451eec78a3ba5f6e929cd5232d1	hf://scrollprize/datasets/spiral/PHercParis4/unverified_patches/auto_grown_20260421072955265_region_001/mask.tif
geometry	data/patches/auto_grown_20260421072955265_region_001/meta.json	d7401a7087710875e8e168e6d30410919d1739b9	16992	f999a1a50289be009f6f472578ad7615dc625880fd85f6fe209a91994ba26981	hf://scrollprize/datasets/spiral/PHercParis4/unverified_patches/auto_grown_20260421072955265_region_001/meta.json
geometry	data/patches/auto_grown_20260421072955265_region_001/x.tif	d7401a7087710875e8e168e6d30410919d1739b9	3506	8e9023a80318f5fec3fd3c5b69245f84f0a3b8aa4baba242e7f74785d7c0d913	hf://scrollprize/datasets/spiral/PHercParis4/unverified_patches/auto_grown_20260421072955265_region_001/x.tif
geometry	data/patches/auto_grown_20260421072955265_region_001/y.tif	d7401a7087710875e8e168e6d30410919d1739b9	3506	9f2258514c3356ee63ab62a530bbb4bd115d26f107dcd02003e0fb097ff1900c	hf://scrollprize/datasets/spiral/PHercParis4/unverified_patches/auto_grown_20260421072955265_region_001/y.tif
geometry	data/patches/auto_grown_20260421072955265_region_001/z.tif	d7401a7087710875e8e168e6d30410919d1739b9	3506	69b201b30e74ea1ac2d831daefc629536de06fff348dc3d329b87d243cf8690a	hf://scrollprize/datasets/spiral/PHercParis4/unverified_patches/auto_grown_20260421072955265_region_001/z.tif
geometry	data/patches/auto_grown_20260421073301253_region_001/mask.tif	d7401a7087710875e8e168e6d30410919d1739b9	504	5e8337d975daaf6e93c8cef95978c375265ba266aced15f7ebfc3ce9046429bb	hf://scrollprize/datasets/spiral/PHercParis4/unverified_patches/auto_grown_20260421073301253_region_001/mask.tif
geometry	data/patches/auto_grown_20260421073301253_region_001/meta.json	d7401a7087710875e8e168e6d30410919d1739b9	17241	c1e8e45d8a6d1d703c0362ddfb9f285b6dbe81f87cac151bebeb39ba400db4b6	hf://scrollprize/datasets/spiral/PHercParis4/unverified_patches/auto_grown_20260421073301253_region_001/meta.json
geometry	data/patches/auto_grown_20260421073301253_region_001/x.tif	d7401a7087710875e8e168e6d30410919d1739b9	4610	36e7b2e50249b6c01372742b440c59d812582195a66fc962bdd467ba998265dd	hf://scrollprize/datasets/spiral/PHercParis4/unverified_patches/auto_grown_20260421073301253_region_001/x.tif
geometry	data/patches/auto_grown_20260421073301253_region_001/y.tif	d7401a7087710875e8e168e6d30410919d1739b9	4610	c21ca02484a6e9047e1bd34464d00a0cdc97dda23675f19dc06757268e3a0e5d	hf://scrollprize/datasets/spiral/PHercParis4/unverified_patches/auto_grown_20260421073301253_region_001/y.tif
geometry	data/patches/auto_grown_20260421073301253_region_001/z.tif	d7401a7087710875e8e168e6d30410919d1739b9	4610	18a45b20de4b8e9f6b1e5489c6fd53f0dc37306dc9f9f74e6ce9ef736ead5810	hf://scrollprize/datasets/spiral/PHercParis4/unverified_patches/auto_grown_20260421073301253_region_001/z.tif
geometry	data/patches/auto_grown_20260421074253865_region_000/mask.tif	d7401a7087710875e8e168e6d30410919d1739b9	586	b15546709881d1023d00d00e3e077203b5a83eaf61c906c9b0f2d85247841725	hf://scrollprize/datasets/spiral/PHercParis4/unverified_patches/auto_grown_20260421074253865_region_000/mask.tif
geometry	data/patches/auto_grown_20260421074253865_region_000/meta.json	d7401a7087710875e8e168e6d30410919d1739b9	16985	1b2534827bad68f98f1196ed0a046e1333ab5c803fe300dfefb335ed354205b6	hf://scrollprize/datasets/spiral/PHercParis4/unverified_patches/auto_grown_20260421074253865_region_000/meta.json
geometry	data/patches/auto_grown_20260421074253865_region_000/x.tif	d7401a7087710875e8e168e6d30410919d1739b9	5918	669b4facc6f63fb340bbc97b10705946406ebd906a62a23b46121103a851a4d9	hf://scrollprize/datasets/spiral/PHercParis4/unverified_patches/auto_grown_20260421074253865_region_000/x.tif
geometry	data/patches/auto_grown_20260421074253865_region_000/y.tif	d7401a7087710875e8e168e6d30410919d1739b9	5918	269c668a0ed411100132dc717fb59173b91f45901558c7662936335978bcb39e	hf://scrollprize/datasets/spiral/PHercParis4/unverified_patches/auto_grown_20260421074253865_region_000/y.tif
geometry	data/patches/auto_grown_20260421074253865_region_000/z.tif	d7401a7087710875e8e168e6d30410919d1739b9	5918	8a904d11fd675b9fb7a70bcff7346ab6ce5e7faeb4543a72c3c607dedf9cff6c	hf://scrollprize/datasets/spiral/PHercParis4/unverified_patches/auto_grown_20260421074253865_region_000/z.tif
geometry	data/patches/auto_grown_20260421075212038_region_002/mask.tif	d7401a7087710875e8e168e6d30410919d1739b9	462	da27c888f9be43848c308e598d51f94c0b73571c3e1eae153217152506000ced	hf://scrollprize/datasets/spiral/PHercParis4/unverified_patches/auto_grown_20260421075212038_region_002/mask.tif
geometry	data/patches/auto_grown_20260421075212038_region_002/meta.json	d7401a7087710875e8e168e6d30410919d1739b9	17192	08747e9d46129965fb3710ffd1bef2036c45e78ae432432c5bb3a3ad92d50356	hf://scrollprize/datasets/spiral/PHercParis4/unverified_patches/auto_grown_20260421075212038_region_002/meta.json
geometry	data/patches/auto_grown_20260421075212038_region_002/x.tif	d7401a7087710875e8e168e6d30410919d1739b9	2946	50a34b9a36de36dfe6e0b4c18fdb0da6beae588402944c44f51b5092f3c7ca68	hf://scrollprize/datasets/spiral/PHercParis4/unverified_patches/auto_grown_20260421075212038_region_002/x.tif
geometry	data/patches/auto_grown_20260421075212038_region_002/y.tif	d7401a7087710875e8e168e6d30410919d1739b9	2946	9e61b9dcfcd3bf9bfd2f19d915d6220cf30a7f3056e359e981c58853dba31151	hf://scrollprize/datasets/spiral/PHercParis4/unverified_patches/auto_grown_20260421075212038_region_002/y.tif
geometry	data/patches/auto_grown_20260421075212038_region_002/z.tif	d7401a7087710875e8e168e6d30410919d1739b9	2946	3685f700b67bd7c8eebf60ca5dfcc79d1cf9ee588223de2b981ccb4eca2fbf6d	hf://scrollprize/datasets/spiral/PHercParis4/unverified_patches/auto_grown_20260421075212038_region_002/z.tif
geometry	data/patches/auto_grown_20260421080336639_region_004/mask.tif	d7401a7087710875e8e168e6d30410919d1739b9	510	5ac2666b71c56e2574aeb9ac3afc295125d19cbb9fd1b10684fcd507b08e9c43	hf://scrollprize/datasets/spiral/PHercParis4/unverified_patches/auto_grown_20260421080336639_region_004/mask.tif
geometry	data/patches/auto_grown_20260421080336639_region_004/meta.json	d7401a7087710875e8e168e6d30410919d1739b9	16640	2a0706c4b547605de14f1278a57820cd866d3094e16093c8de030a61bbd79062	hf://scrollprize/datasets/spiral/PHercParis4/unverified_patches/auto_grown_20260421080336639_region_004/meta.json
geometry	data/patches/auto_grown_20260421080336639_region_004/x.tif	d7401a7087710875e8e168e6d30410919d1739b9	4858	18cae98bcf2251ca9d329c0a998cf203c677de1602e5fd5bf2fad5bb5d892730	hf://scrollprize/datasets/spiral/PHercParis4/unverified_patches/auto_grown_20260421080336639_region_004/x.tif
geometry	data/patches/auto_grown_20260421080336639_region_004/y.tif	d7401a7087710875e8e168e6d30410919d1739b9	4858	408369a9e38cd80b126c6eba61a96fce8a96ae8367bf7cbfb4bb92c0781e17cf	hf://scrollprize/datasets/spiral/PHercParis4/unverified_patches/auto_grown_20260421080336639_region_004/y.tif
geometry	data/patches/auto_grown_20260421080336639_region_004/z.tif	d7401a7087710875e8e168e6d30410919d1739b9	4858	f35c47bb6275fb5326ef2a3cfefa3141ad0056effbe3f38bc6bddf2e59cbb79e	hf://scrollprize/datasets/spiral/PHercParis4/unverified_patches/auto_grown_20260421080336639_region_004/z.tif
geometry	data/patches/auto_grown_20260421081308958_region_000/mask.tif	d7401a7087710875e8e168e6d30410919d1739b9	732	8e62516dd5e7586223526bac1079d29397251067831ba74f98320753b67a7c14	hf://scrollprize/datasets/spiral/PHercParis4/unverified_patches/auto_grown_20260421081308958_region_000/mask.tif
geometry	data/patches/auto_grown_20260421081308958_region_000/meta.json	d7401a7087710875e8e168e6d30410919d1739b9	16876	1b1c57ba7ce066a0c27c02b18aeb1a0d21325ef476d0bc5dad965ec6983a3d97	hf://scrollprize/datasets/spiral/PHercParis4/unverified_patches/auto_grown_20260421081308958_region_000/meta.json
geometry	data/patches/auto_grown_20260421081308958_region_000/x.tif	d7401a7087710875e8e168e6d30410919d1739b9	13250	ab186c11cfe6e8ae1339eab30cd3d754a40416126ab1e75df57f97982f2af299	hf://scrollprize/datasets/spiral/PHercParis4/unverified_patches/auto_grown_20260421081308958_region_000/x.tif
geometry	data/patches/auto_grown_20260421081308958_region_000/y.tif	d7401a7087710875e8e168e6d30410919d1739b9	13250	7ea16bea8c180ed97abf7345423beee526cda1fc80c7ad44f572b4db8bcd0292	hf://scrollprize/datasets/spiral/PHercParis4/unverified_patches/auto_grown_20260421081308958_region_000/y.tif
geometry	data/patches/auto_grown_20260421081308958_region_000/z.tif	d7401a7087710875e8e168e6d30410919d1739b9	13250	e38cc4a045122d0b6b431eac96981f78a0be64cece6ebeebe9df1e42cd7b91af	hf://scrollprize/datasets/spiral/PHercParis4/unverified_patches/auto_grown_20260421081308958_region_000/z.tif
geometry	data/patches/auto_grown_20260421081308958_region_001/mask.tif	d7401a7087710875e8e168e6d30410919d1739b9	688	04189354b38663751ed9d7e71debc9fd06620e9418b78f000934bb9cd8429fee	hf://scrollprize/datasets/spiral/PHercParis4/unverified_patches/auto_grown_20260421081308958_region_001/mask.tif
geometry	data/patches/auto_grown_20260421081308958_region_001/meta.json	d7401a7087710875e8e168e6d30410919d1739b9	16882	c311042eaedfd658d70a9da993ed26a5063a20ec75d2f368ad1cc6c12f4b22ba	hf://scrollprize/datasets/spiral/PHercParis4/unverified_patches/auto_grown_20260421081308958_region_001/meta.json
geometry	data/patches/auto_grown_20260421081308958_region_001/x.tif	d7401a7087710875e8e168e6d30410919d1739b9	11186	57fe0ff3c5f571f01e3d33664cccf5a1b2500bb6e66c0ae6e8a52adfdf19bfdc	hf://scrollprize/datasets/spiral/PHercParis4/unverified_patches/auto_grown_20260421081308958_region_001/x.tif
geometry	data/patches/auto_grown_20260421081308958_region_001/y.tif	d7401a7087710875e8e168e6d30410919d1739b9	11186	94f24a0b75cfb04a11d7310d1e4ee1456e49b370cdfa421fb581fa39556b6e3d	hf://scrollprize/datasets/spiral/PHercParis4/unverified_patches/auto_grown_20260421081308958_region_001/y.tif
geometry	data/patches/auto_grown_20260421081308958_region_001/z.tif	d7401a7087710875e8e168e6d30410919d1739b9	11186	74c6b3277be386bb1945ccd89d8b4c83d22249e590b17e5466b5321517c1e93e	hf://scrollprize/datasets/spiral/PHercParis4/unverified_patches/auto_grown_20260421081308958_region_001/z.tif
geometry	data/patches/auto_grown_20260421081754052_region_000/mask.tif	d7401a7087710875e8e168e6d30410919d1739b9	668	c28ebc36b369a1f030f5c33542956ed08b6d1ef0913ba193d5e1b5d697b39d93	hf://scrollprize/datasets/spiral/PHercParis4/unverified_patches/auto_grown_20260421081754052_region_000/mask.tif
geometry	data/patches/auto_grown_20260421081754052_region_000/meta.json	d7401a7087710875e8e168e6d30410919d1739b9	17206	0f02a15afdcc594d26cfd3978e766b5aaff66f19baeb8823d6e86aacd395b681	hf://scrollprize/datasets/spiral/PHercParis4/unverified_patches/auto_grown_20260421081754052_region_000/meta.json
geometry	data/patches/auto_grown_20260421081754052_region_000/x.tif	d7401a7087710875e8e168e6d30410919d1739b9	9686	1b4d1bf37944b023262fc19036a6fb713d763e8c7a5a5387fa7f0d7524abc6ff	hf://scrollprize/datasets/spiral/PHercParis4/unverified_patches/auto_grown_20260421081754052_region_000/x.tif
geometry	data/patches/auto_grown_20260421081754052_region_000/y.tif	d7401a7087710875e8e168e6d30410919d1739b9	9686	b6eed85720b7c634b71fdc95764859c12daa752460dfa40aa9371fc94b3927a0	hf://scrollprize/datasets/spiral/PHercParis4/unverified_patches/auto_grown_20260421081754052_region_000/y.tif
geometry	data/patches/auto_grown_20260421081754052_region_000/z.tif	d7401a7087710875e8e168e6d30410919d1739b9	9686	5e1f164e9bb0ce477e4dc403b60a7acc46048c418aaedb00ccde58523747aefa	hf://scrollprize/datasets/spiral/PHercParis4/unverified_patches/auto_grown_20260421081754052_region_000/z.tif
geometry	data/patches/auto_grown_20260421082037953_region_001/mask.tif	d7401a7087710875e8e168e6d30410919d1739b9	561	4d4d32a7ab4644d8c1d34da37f7ea2e3cfde99c7ac968f3f98a025670f83b277	hf://scrollprize/datasets/spiral/PHercParis4/unverified_patches/auto_grown_20260421082037953_region_001/mask.tif
geometry	data/patches/auto_grown_20260421082037953_region_001/meta.json	d7401a7087710875e8e168e6d30410919d1739b9	17089	6d7de16f2a36ee287a43869307ff8a4e06550fcca87d339e0d0d5b40d9f8ee5f	hf://scrollprize/datasets/spiral/PHercParis4/unverified_patches/auto_grown_20260421082037953_region_001/meta.json
geometry	data/patches/auto_grown_20260421082037953_region_001/x.tif	d7401a7087710875e8e168e6d30410919d1739b9	4766	4e5578d77ff867900e4ad252537866da2a9ce8e83c485f85515f74e3ad40c3b7	hf://scrollprize/datasets/spiral/PHercParis4/unverified_patches/auto_grown_20260421082037953_region_001/x.tif
geometry	data/patches/auto_grown_20260421082037953_region_001/y.tif	d7401a7087710875e8e168e6d30410919d1739b9	4766	d1ea689160397dd408b8c10727e6e8a73bd1fd5d4787ad460e561ee32310e679	hf://scrollprize/datasets/spiral/PHercParis4/unverified_patches/auto_grown_20260421082037953_region_001/y.tif
geometry	data/patches/auto_grown_20260421082037953_region_001/z.tif	d7401a7087710875e8e168e6d30410919d1739b9	4766	0bf6d0b359868f8d9b4ac95914ffee7e4a4effcd154b7d09f3c2aa138a5e9f73	hf://scrollprize/datasets/spiral/PHercParis4/unverified_patches/auto_grown_20260421082037953_region_001/z.tif
geometry	data/patches/auto_grown_20260421082409162_region_003/mask.tif	d7401a7087710875e8e168e6d30410919d1739b9	535	3eef93a8924e4029f9fadd7772dd72000040f30288108836ab0705678f694474	hf://scrollprize/datasets/spiral/PHercParis4/unverified_patches/auto_grown_20260421082409162_region_003/mask.tif
geometry	data/patches/auto_grown_20260421082409162_region_003/meta.json	d7401a7087710875e8e168e6d30410919d1739b9	16855	3646a181a7b9be9be090d10794329656a35c5d63500687a3827509e0f22b0169	hf://scrollprize/datasets/spiral/PHercParis4/unverified_patches/auto_grown_20260421082409162_region_003/meta.json
geometry	data/patches/auto_grown_20260421082409162_region_003/x.tif	d7401a7087710875e8e168e6d30410919d1739b9	6346	3f6d1b6b0cfe7cb4110c16129c57f7260186b4ff681fd8b3a6c429936c9fed49	hf://scrollprize/datasets/spiral/PHercParis4/unverified_patches/auto_grown_20260421082409162_region_003/x.tif
geometry	data/patches/auto_grown_20260421082409162_region_003/y.tif	d7401a7087710875e8e168e6d30410919d1739b9	6346	eacbd4050dfc87748dd576c3679f4746dc34b74d7c81dbcaa8779edf96e307dd	hf://scrollprize/datasets/spiral/PHercParis4/unverified_patches/auto_grown_20260421082409162_region_003/y.tif
geometry	data/patches/auto_grown_20260421082409162_region_003/z.tif	d7401a7087710875e8e168e6d30410919d1739b9	6346	d51c2b7b2be93c0a0b5f781f82d2bbeadebfd86104138c15496d9a614e6b7205	hf://scrollprize/datasets/spiral/PHercParis4/unverified_patches/auto_grown_20260421082409162_region_003/z.tif
geometry	data/patches/auto_grown_20260421082748135_region_000/mask.tif	d7401a7087710875e8e168e6d30410919d1739b9	629	e121de1e3708c4a92b912a0a6eeed71f2c4c7939fc7628769a0eb60f8b765f41	hf://scrollprize/datasets/spiral/PHercParis4/unverified_patches/auto_grown_20260421082748135_region_000/mask.tif
geometry	data/patches/auto_grown_20260421082748135_region_000/meta.json	d7401a7087710875e8e168e6d30410919d1739b9	16736	7f28436d5d5fdcb89d4340f1a3c7c2df36eca6b73d1ac9559546f93740ba5868	hf://scrollprize/datasets/spiral/PHercParis4/unverified_patches/auto_grown_20260421082748135_region_000/meta.json
geometry	data/patches/auto_grown_20260421082748135_region_000/x.tif	d7401a7087710875e8e168e6d30410919d1739b9	21394	d222a4b7f388a373b5d40b234c02dcb99a46d92857e6c35c76fe061ee2ba7923	hf://scrollprize/datasets/spiral/PHercParis4/unverified_patches/auto_grown_20260421082748135_region_000/x.tif
geometry	data/patches/auto_grown_20260421082748135_region_000/y.tif	d7401a7087710875e8e168e6d30410919d1739b9	21394	446bb78e289de601bc2f57f5cad833c21c54418f552674e54e55f5d19315375f	hf://scrollprize/datasets/spiral/PHercParis4/unverified_patches/auto_grown_20260421082748135_region_000/y.tif
geometry	data/patches/auto_grown_20260421082748135_region_000/z.tif	d7401a7087710875e8e168e6d30410919d1739b9	21394	7c69e53f280aad2bdd64cf94fd5bb2e4832a350664232bb2da7888121caa8d00	hf://scrollprize/datasets/spiral/PHercParis4/unverified_patches/auto_grown_20260421082748135_region_000/z.tif
geometry	data/patches/auto_grown_20260421084108291_region_000/mask.tif	d7401a7087710875e8e168e6d30410919d1739b9	895	2507b078da3b6e87862262f6ee5aa4506a6666458ce771202194636d7e85159e	hf://scrollprize/datasets/spiral/PHercParis4/unverified_patches/auto_grown_20260421084108291_region_000/mask.tif
geometry	data/patches/auto_grown_20260421084108291_region_000/meta.json	d7401a7087710875e8e168e6d30410919d1739b9	16721	771e4e7c3c8f806e9decd0a8667b27352b9e588975857e6783c7a845e310c6ea	hf://scrollprize/datasets/spiral/PHercParis4/unverified_patches/auto_grown_20260421084108291_region_000/meta.json
geometry	data/patches/auto_grown_20260421084108291_region_000/x.tif	d7401a7087710875e8e168e6d30410919d1739b9	19586	9885f0b9f9eba842b8a9bd6d3b979bdd27fe1e625a5226390fd177a3335e570b	hf://scrollprize/datasets/spiral/PHercParis4/unverified_patches/auto_grown_20260421084108291_region_000/x.tif
geometry	data/patches/auto_grown_20260421084108291_region_000/y.tif	d7401a7087710875e8e168e6d30410919d1739b9	19586	20d77f0311bdc11e802148308bf2dcb718433ad6e46ad3be615bfbc5d6176fc6	hf://scrollprize/datasets/spiral/PHercParis4/unverified_patches/auto_grown_20260421084108291_region_000/y.tif
geometry	data/patches/auto_grown_20260421084108291_region_000/z.tif	d7401a7087710875e8e168e6d30410919d1739b9	19586	363acba05b22ad66e35cea7c4aa7eb588009a75c1b332eced42026c5a1fc420e	hf://scrollprize/datasets/spiral/PHercParis4/unverified_patches/auto_grown_20260421084108291_region_000/z.tif
geometry	data/patches/auto_grown_20260421084722897_region_002/mask.tif	d7401a7087710875e8e168e6d30410919d1739b9	458	325d739826e7c6eceb5d6c083c4710088165e708fc5435a03f1d961fa50721ab	hf://scrollprize/datasets/spiral/PHercParis4/unverified_patches/auto_grown_20260421084722897_region_002/mask.tif
geometry	data/patches/auto_grown_20260421084722897_region_002/meta.json	d7401a7087710875e8e168e6d30410919d1739b9	17045	6614b2c8ac31e4d461696bb1470024cbe2ff06580adca0817abe927482474720	hf://scrollprize/datasets/spiral/PHercParis4/unverified_patches/auto_grown_20260421084722897_region_002/meta.json
geometry	data/patches/auto_grown_20260421084722897_region_002/x.tif	d7401a7087710875e8e168e6d30410919d1739b9	3046	edda9a029d2090db610e2f54056c21ceec68e8772e5706d0bab1ac0b5b710585	hf://scrollprize/datasets/spiral/PHercParis4/unverified_patches/auto_grown_20260421084722897_region_002/x.tif
geometry	data/patches/auto_grown_20260421084722897_region_002/y.tif	d7401a7087710875e8e168e6d30410919d1739b9	3046	e1d312d862de4ab59addaae3c06e2d847dbd3d1c7b35fe5afbf564057e29b920	hf://scrollprize/datasets/spiral/PHercParis4/unverified_patches/auto_grown_20260421084722897_region_002/y.tif
geometry	data/patches/auto_grown_20260421084722897_region_002/z.tif	d7401a7087710875e8e168e6d30410919d1739b9	3046	b26a228b7218a60c393411a463280fae1862bc12c02941c869e2033b6d0deed9	hf://scrollprize/datasets/spiral/PHercParis4/unverified_patches/auto_grown_20260421084722897_region_002/z.tif
geometry	data/patches/auto_grown_20260421091151732_region_000/mask.tif	d7401a7087710875e8e168e6d30410919d1739b9	884	8778314e841b8c45afed8cea353e883ae553b27c6d8e86cf912c2efa9dad861d	hf://scrollprize/datasets/spiral/PHercParis4/unverified_patches/auto_grown_20260421091151732_region_000/mask.tif
geometry	data/patches/auto_grown_20260421091151732_region_000/meta.json	d7401a7087710875e8e168e6d30410919d1739b9	17011	a065f346bab40e5f42f986a40beaf315a0f11dcb4b556551f429f5990ed2a697	hf://scrollprize/datasets/spiral/PHercParis4/unverified_patches/auto_grown_20260421091151732_region_000/meta.json
geometry	data/patches/auto_grown_20260421091151732_region_000/x.tif	d7401a7087710875e8e168e6d30410919d1739b9	18370	d800f4a5ba29300ec063b22ef6664dcc5fa2ad920ff30873a56f47ebae5ca554	hf://scrollprize/datasets/spiral/PHercParis4/unverified_patches/auto_grown_20260421091151732_region_000/x.tif
geometry	data/patches/auto_grown_20260421091151732_region_000/y.tif	d7401a7087710875e8e168e6d30410919d1739b9	18370	3614489742eab58296755a10261e0f97a018b4b66c7745a6f7e68c36a9ac9967	hf://scrollprize/datasets/spiral/PHercParis4/unverified_patches/auto_grown_20260421091151732_region_000/y.tif
geometry	data/patches/auto_grown_20260421091151732_region_000/z.tif	d7401a7087710875e8e168e6d30410919d1739b9	18370	70d56cbb619d65f3fb9f04cc23d6359950431c24f72e887e0a00c4cebeda47f3	hf://scrollprize/datasets/spiral/PHercParis4/unverified_patches/auto_grown_20260421091151732_region_000/z.tif
geometry	data/patches/auto_grown_20260421091208816_region_000/mask.tif	d7401a7087710875e8e168e6d30410919d1739b9	390	625fe0e1553064f9d55333f54d347865aeb038225bb3a8165c5ae2a778b9cc5d	hf://scrollprize/datasets/spiral/PHercParis4/unverified_patches/auto_grown_20260421091208816_region_000/mask.tif
geometry	data/patches/auto_grown_20260421091208816_region_000/meta.json	d7401a7087710875e8e168e6d30410919d1739b9	17087	8d69b21d7afb6ba4a34cb24b5e30badc1444b1306fca4b62d635ef0c5b914250	hf://scrollprize/datasets/spiral/PHercParis4/unverified_patches/auto_grown_20260421091208816_region_000/meta.json
geometry	data/patches/auto_grown_20260421091208816_region_000/x.tif	d7401a7087710875e8e168e6d30410919d1739b9	4498	1537e1e5933a30c924e03a29da30e0edaa401033244a4e60a15fe08f1ae2d846	hf://scrollprize/datasets/spiral/PHercParis4/unverified_patches/auto_grown_20260421091208816_region_000/x.tif
geometry	data/patches/auto_grown_20260421091208816_region_000/y.tif	d7401a7087710875e8e168e6d30410919d1739b9	4498	75d7a4187a14be2854faa2edecb84df18756490325bd506404e9728ab6db45ba	hf://scrollprize/datasets/spiral/PHercParis4/unverified_patches/auto_grown_20260421091208816_region_000/y.tif
geometry	data/patches/auto_grown_20260421091208816_region_000/z.tif	d7401a7087710875e8e168e6d30410919d1739b9	4498	1fe320f2bbb593cb703aeb07aa80b67ba7407947db031e7a7522864862298444	hf://scrollprize/datasets/spiral/PHercParis4/unverified_patches/auto_grown_20260421091208816_region_000/z.tif
geometry	data/patches/auto_grown_20260421092333078_region_000/mask.tif	d7401a7087710875e8e168e6d30410919d1739b9	457	985eb8b257e604f97415464b91e38924f9e18b7d5a999f206b4dd5a2539f1030	hf://scrollprize/datasets/spiral/PHercParis4/unverified_patches/auto_grown_20260421092333078_region_000/mask.tif
geometry	data/patches/auto_grown_20260421092333078_region_000/meta.json	d7401a7087710875e8e168e6d30410919d1739b9	17112	efbf69e78eb613d6dd8ae4f5db823c9e78b806e431bdaf593d0fa2eafff6646a	hf://scrollprize/datasets/spiral/PHercParis4/unverified_patches/auto_grown_20260421092333078_region_000/meta.json
geometry	data/patches/auto_grown_20260421092333078_region_000/x.tif	d7401a7087710875e8e168e6d30410919d1739b9	2630	8d249bf2040f85f2a839dc3ef948d348589496442046ae562023072b8bfe0557	hf://scrollprize/datasets/spiral/PHercParis4/unverified_patches/auto_grown_20260421092333078_region_000/x.tif
geometry	data/patches/auto_grown_20260421092333078_region_000/y.tif	d7401a7087710875e8e168e6d30410919d1739b9	2630	73909635109a6eaaaced78f2e9789558f4e21a9a5d05b501f3080b5df1692162	hf://scrollprize/datasets/spiral/PHercParis4/unverified_patches/auto_grown_20260421092333078_region_000/y.tif
geometry	data/patches/auto_grown_20260421092333078_region_000/z.tif	d7401a7087710875e8e168e6d30410919d1739b9	2630	ee2a511a5d0921aa3184ebca1de7cd809a26fe44c9f5cab94e88144f31359c54	hf://scrollprize/datasets/spiral/PHercParis4/unverified_patches/auto_grown_20260421092333078_region_000/z.tif
geometry	data/patches/auto_grown_20260421093023684_region_001/mask.tif	d7401a7087710875e8e168e6d30410919d1739b9	460	9c5ccce5dc40dedbfb98ddda82e96f5e236b6eeccad9cd3861f4391f253470fd	hf://scrollprize/datasets/spiral/PHercParis4/unverified_patches/auto_grown_20260421093023684_region_001/mask.tif
geometry	data/patches/auto_grown_20260421093023684_region_001/meta.json	d7401a7087710875e8e168e6d30410919d1739b9	16966	d05a9569e835cf942cd32d599f750f645a5d5737e3306463349edfa4985cf134	hf://scrollprize/datasets/spiral/PHercParis4/unverified_patches/auto_grown_20260421093023684_region_001/meta.json
geometry	data/patches/auto_grown_20260421093023684_region_001/x.tif	d7401a7087710875e8e168e6d30410919d1739b9	3394	85961b52909d995bc67c8dcb85a5d020f63e65374fc3800aab9f950e2f4c68f6	hf://scrollprize/datasets/spiral/PHercParis4/unverified_patches/auto_grown_20260421093023684_region_001/x.tif
geometry	data/patches/auto_grown_20260421093023684_region_001/y.tif	d7401a7087710875e8e168e6d30410919d1739b9	3394	577d427971dd3f47886995e826683d16cd7317eccf0a018a4d2fb5218d50dede	hf://scrollprize/datasets/spiral/PHercParis4/unverified_patches/auto_grown_20260421093023684_region_001/y.tif
geometry	data/patches/auto_grown_20260421093023684_region_001/z.tif	d7401a7087710875e8e168e6d30410919d1739b9	3394	a378d8bb60a9d8f0cb8103af5aada19b83428bb511e6187f43358bf7137a736f	hf://scrollprize/datasets/spiral/PHercParis4/unverified_patches/auto_grown_20260421093023684_region_001/z.tif
geometry	data/patches/auto_grown_20260421094435519_region_002/mask.tif	d7401a7087710875e8e168e6d30410919d1739b9	722	33c53b99353ac86baa31ffc5651bcda66fb4bd5ec19fb4bb97a0df987620420d	hf://scrollprize/datasets/spiral/PHercParis4/unverified_patches/auto_grown_20260421094435519_region_002/mask.tif
geometry	data/patches/auto_grown_20260421094435519_region_002/meta.json	d7401a7087710875e8e168e6d30410919d1739b9	16705	6a4804f27f5164474f9c7fd343f08c8c9884a7a061cd23cf7a646662f7ff5f8d	hf://scrollprize/datasets/spiral/PHercParis4/unverified_patches/auto_grown_20260421094435519_region_002/meta.json
geometry	data/patches/auto_grown_20260421094435519_region_002/x.tif	d7401a7087710875e8e168e6d30410919d1739b9	15030	0258ff9ba592ee3de995020799cb0a3bf81dca0090d3ddbe40c1c6ef9c276bff	hf://scrollprize/datasets/spiral/PHercParis4/unverified_patches/auto_grown_20260421094435519_region_002/x.tif
geometry	data/patches/auto_grown_20260421094435519_region_002/y.tif	d7401a7087710875e8e168e6d30410919d1739b9	15030	4889eeaa933a49ed37d6b2567e01d1b7db780385788a83735003da5bcb29e540	hf://scrollprize/datasets/spiral/PHercParis4/unverified_patches/auto_grown_20260421094435519_region_002/y.tif
geometry	data/patches/auto_grown_20260421094435519_region_002/z.tif	d7401a7087710875e8e168e6d30410919d1739b9	15030	79ab69298e5130a4aa8d2a44d89f421d1963e8f4fafd52a04e67a69dba468269	hf://scrollprize/datasets/spiral/PHercParis4/unverified_patches/auto_grown_20260421094435519_region_002/z.tif
geometry	data/patches/auto_grown_20260421095340241_region_000/mask.tif	d7401a7087710875e8e168e6d30410919d1739b9	400	f64360a99970e2c3970dfa59008a1dd1b59fa7048a1c007b559fe2f9ed812757	hf://scrollprize/datasets/spiral/PHercParis4/unverified_patches/auto_grown_20260421095340241_region_000/mask.tif
geometry	data/patches/auto_grown_20260421095340241_region_000/meta.json	d7401a7087710875e8e168e6d30410919d1739b9	16998	4adefd7a6debd20eb379d585bd739826490aa8f488fb0b2b8a5200f57f69c66c	hf://scrollprize/datasets/spiral/PHercParis4/unverified_patches/auto_grown_20260421095340241_region_000/meta.json
geometry	data/patches/auto_grown_20260421095340241_region_000/x.tif	d7401a7087710875e8e168e6d30410919d1739b9	5650	be6bafbc22ea1e36ea0c91f08b786a8692f9d8cb61909c7b7e47af44f2408d3d	hf://scrollprize/datasets/spiral/PHercParis4/unverified_patches/auto_grown_20260421095340241_region_000/x.tif
geometry	data/patches/auto_grown_20260421095340241_region_000/y.tif	d7401a7087710875e8e168e6d30410919d1739b9	5650	94128142878f46b583f95bfa3e4ec210ab5d91b0fa775d67f98886061b9b5e93	hf://scrollprize/datasets/spiral/PHercParis4/unverified_patches/auto_grown_20260421095340241_region_000/y.tif
geometry	data/patches/auto_grown_20260421095340241_region_000/z.tif	d7401a7087710875e8e168e6d30410919d1739b9	5650	790118f0a0266f1d3549fe8270ac92ffdb210de1f54fd72036ea2c6a11b5809b	hf://scrollprize/datasets/spiral/PHercParis4/unverified_patches/auto_grown_20260421095340241_region_000/z.tif
geometry	data/patches/auto_grown_20260421095610087_region_002/mask.tif	d7401a7087710875e8e168e6d30410919d1739b9	661	17ed22d424253f04484ae6608c79b8d4dc86bc8fb24dc008f5d18cb754d4b798	hf://scrollprize/datasets/spiral/PHercParis4/unverified_patches/auto_grown_20260421095610087_region_002/mask.tif
geometry	data/patches/auto_grown_20260421095610087_region_002/meta.json	d7401a7087710875e8e168e6d30410919d1739b9	16888	6dfe5199239fd3377f44b85a6790274c965b02535ff19cb0fb0efa1be1ce02a6	hf://scrollprize/datasets/spiral/PHercParis4/unverified_patches/auto_grown_20260421095610087_region_002/meta.json
geometry	data/patches/auto_grown_20260421095610087_region_002/x.tif	d7401a7087710875e8e168e6d30410919d1739b9	8066	c3695488aac34942f74a199d5e7314df7fd20547d6d34268ef7bed12ff81f1f1	hf://scrollprize/datasets/spiral/PHercParis4/unverified_patches/auto_grown_20260421095610087_region_002/x.tif
geometry	data/patches/auto_grown_20260421095610087_region_002/y.tif	d7401a7087710875e8e168e6d30410919d1739b9	8066	04016d9035b0a2e026cacceed65957156a2485f34ead0bf5f10dffb845adcb98	hf://scrollprize/datasets/spiral/PHercParis4/unverified_patches/auto_grown_20260421095610087_region_002/y.tif
geometry	data/patches/auto_grown_20260421095610087_region_002/z.tif	d7401a7087710875e8e168e6d30410919d1739b9	8066	b9600365312172c5198c336b577760c8b9b38f6c67f4a8f3fabd25c3a2d44378	hf://scrollprize/datasets/spiral/PHercParis4/unverified_patches/auto_grown_20260421095610087_region_002/z.tif
geometry	data/patches/auto_grown_20260421100635988_region_001/mask.tif	d7401a7087710875e8e168e6d30410919d1739b9	460	01f1f9f1c2ba6a4fa067e151d27ea6619b1d630796d887de529010494b9b2e9c	hf://scrollprize/datasets/spiral/PHercParis4/unverified_patches/auto_grown_20260421100635988_region_001/mask.tif
geometry	data/patches/auto_grown_20260421100635988_region_001/meta.json	d7401a7087710875e8e168e6d30410919d1739b9	17086	42d2b8485ec1ca8d0b07eed71bbf897b76119090afb494e816902eb8aca1b444	hf://scrollprize/datasets/spiral/PHercParis4/unverified_patches/auto_grown_20260421100635988_region_001/meta.json
geometry	data/patches/auto_grown_20260421100635988_region_001/x.tif	d7401a7087710875e8e168e6d30410919d1739b9	2546	021564aa9ef2c255243baf147946f59f792c91f1001b1fbb223713a7689ac6db	hf://scrollprize/datasets/spiral/PHercParis4/unverified_patches/auto_grown_20260421100635988_region_001/x.tif
geometry	data/patches/auto_grown_20260421100635988_region_001/y.tif	d7401a7087710875e8e168e6d30410919d1739b9	2546	893a9230c9bc3ac21e5a0654163bf5fa0d7fae727814b21c2df85d86e43df547	hf://scrollprize/datasets/spiral/PHercParis4/unverified_patches/auto_grown_20260421100635988_region_001/y.tif
geometry	data/patches/auto_grown_20260421100635988_region_001/z.tif	d7401a7087710875e8e168e6d30410919d1739b9	2546	09be020e114719e323a96975d8c9c01fec6ab7091d0ebf04589d01824d1154aa	hf://scrollprize/datasets/spiral/PHercParis4/unverified_patches/auto_grown_20260421100635988_region_001/z.tif
geometry	data/patches/auto_grown_20260421101416483_region_001/mask.tif	d7401a7087710875e8e168e6d30410919d1739b9	493	b5e44402b98c80904678ec2f9294ac48114e2410563994c3742497bbb2078120	hf://scrollprize/datasets/spiral/PHercParis4/unverified_patches/auto_grown_20260421101416483_region_001/mask.tif
geometry	data/patches/auto_grown_20260421101416483_region_001/meta.json	d7401a7087710875e8e168e6d30410919d1739b9	17049	d29b2addad73b0e0fac7b064a63d1069e18d5cb041e361308baffd1bc3b62f80	hf://scrollprize/datasets/spiral/PHercParis4/unverified_patches/auto_grown_20260421101416483_region_001/meta.json
geometry	data/patches/auto_grown_20260421101416483_region_001/x.tif	d7401a7087710875e8e168e6d30410919d1739b9	4238	c5dcdf8ee56b6c6e6a4eb9f00b83e7a7d6634c0873c9931ee6a3478fd40b56af	hf://scrollprize/datasets/spiral/PHercParis4/unverified_patches/auto_grown_20260421101416483_region_001/x.tif
geometry	data/patches/auto_grown_20260421101416483_region_001/y.tif	d7401a7087710875e8e168e6d30410919d1739b9	4238	f27592966c49935162e5e20fee47b755fb37645f75784df57132974e57d15f5e	hf://scrollprize/datasets/spiral/PHercParis4/unverified_patches/auto_grown_20260421101416483_region_001/y.tif
geometry	data/patches/auto_grown_20260421101416483_region_001/z.tif	d7401a7087710875e8e168e6d30410919d1739b9	4238	31c9a2876ccc3f40fb1dcf8214db3bc518b9e64dd834b80eecf84cf876f342b6	hf://scrollprize/datasets/spiral/PHercParis4/unverified_patches/auto_grown_20260421101416483_region_001/z.tif
geometry	data/patches/auto_grown_20260421103833712_region_003/mask.tif	d7401a7087710875e8e168e6d30410919d1739b9	512	6fee9be87cd88eeeeb63876783f541ac9bb31bfd5346b3121980e3e80743f757	hf://scrollprize/datasets/spiral/PHercParis4/unverified_patches/auto_grown_20260421103833712_region_003/mask.tif
geometry	data/patches/auto_grown_20260421103833712_region_003/meta.json	d7401a7087710875e8e168e6d30410919d1739b9	16892	6925ae6eaca25324027e3ebf379ce3177850b86bc8fadd0ae446a5b0d5a067cd	hf://scrollprize/datasets/spiral/PHercParis4/unverified_patches/auto_grown_20260421103833712_region_003/meta.json
geometry	data/patches/auto_grown_20260421103833712_region_003/x.tif	d7401a7087710875e8e168e6d30410919d1739b9	3682	b71e2337b8b076a402b64c951aee6230a29faad8639a07ae0afd22c49008a949	hf://scrollprize/datasets/spiral/PHercParis4/unverified_patches/auto_grown_20260421103833712_region_003/x.tif
geometry	data/patches/auto_grown_20260421103833712_region_003/y.tif	d7401a7087710875e8e168e6d30410919d1739b9	3682	793dd9f5609f20ffd6a67f7a1b11aaf7969a8a334f7d55e937beb312602091bc	hf://scrollprize/datasets/spiral/PHercParis4/unverified_patches/auto_grown_20260421103833712_region_003/y.tif
geometry	data/patches/auto_grown_20260421103833712_region_003/z.tif	d7401a7087710875e8e168e6d30410919d1739b9	3682	68fb85f66245d73d4ed0967ba2a0f3eddad11b96636439c11cbf44ad5e4d277e	hf://scrollprize/datasets/spiral/PHercParis4/unverified_patches/auto_grown_20260421103833712_region_003/z.tif
geometry	data/patches/auto_grown_20260421104809706_region_000/mask.tif	d7401a7087710875e8e168e6d30410919d1739b9	1037	96102d8d96a84f26c676d0052cffdad772f4f91957f04a8a2c383b0caec07d37	hf://scrollprize/datasets/spiral/PHercParis4/unverified_patches/auto_grown_20260421104809706_region_000/mask.tif
geometry	data/patches/auto_grown_20260421104809706_region_000/meta.json	d7401a7087710875e8e168e6d30410919d1739b9	16698	be8dd3bb7a817596287e1cb04d7bcb2196920c2be6be52058c496ba31723b486	hf://scrollprize/datasets/spiral/PHercParis4/unverified_patches/auto_grown_20260421104809706_region_000/meta.json
geometry	data/patches/auto_grown_20260421104809706_region_000/x.tif	d7401a7087710875e8e168e6d30410919d1739b9	28982	3fede0d1bc1aba4fa6822ea6334a5530ea88eeb330cce4cab0915c64818ef43c	hf://scrollprize/datasets/spiral/PHercParis4/unverified_patches/auto_grown_20260421104809706_region_000/x.tif
geometry	data/patches/auto_grown_20260421104809706_region_000/y.tif	d7401a7087710875e8e168e6d30410919d1739b9	28982	a8fe87ec52261f4020d34fc7dd6b341749bb1c55c696bfb9c89298e256113311	hf://scrollprize/datasets/spiral/PHercParis4/unverified_patches/auto_grown_20260421104809706_region_000/y.tif
geometry	data/patches/auto_grown_20260421104809706_region_000/z.tif	d7401a7087710875e8e168e6d30410919d1739b9	28982	fda1d2862a8f169ce79fe46f675ee3e36ec12c269c3440797ddee5dc7d99b0d8	hf://scrollprize/datasets/spiral/PHercParis4/unverified_patches/auto_grown_20260421104809706_region_000/z.tif
geometry	data/patches/auto_grown_20260421105738910_region_003/mask.tif	d7401a7087710875e8e168e6d30410919d1739b9	461	39085339b09fdf8c2cfd72c962a96de01cfea1c8aac74d5b7dcd3658a49eb191	hf://scrollprize/datasets/spiral/PHercParis4/unverified_patches/auto_grown_20260421105738910_region_003/mask.tif
geometry	data/patches/auto_grown_20260421105738910_region_003/meta.json	d7401a7087710875e8e168e6d30410919d1739b9	17118	01f3b95cf7958cdf83b07f556105359fb1439d584e5cc77f0082ef37e557f703	hf://scrollprize/datasets/spiral/PHercParis4/unverified_patches/auto_grown_20260421105738910_region_003/meta.json
geometry	data/patches/auto_grown_20260421105738910_region_003/x.tif	d7401a7087710875e8e168e6d30410919d1739b9	2814	306cb82de2985d511e97fa1da8c60d57468d980d9532b47192be125ee94e8ee3	hf://scrollprize/datasets/spiral/PHercParis4/unverified_patches/auto_grown_20260421105738910_region_003/x.tif
geometry	data/patches/auto_grown_20260421105738910_region_003/y.tif	d7401a7087710875e8e168e6d30410919d1739b9	2814	830ee794169bc19b0b5b4c9f95794e843b68715c2e74ff817c071b0148316b50	hf://scrollprize/datasets/spiral/PHercParis4/unverified_patches/auto_grown_20260421105738910_region_003/y.tif
geometry	data/patches/auto_grown_20260421105738910_region_003/z.tif	d7401a7087710875e8e168e6d30410919d1739b9	2814	39058b71b9058ce11900b8c782d44eb06797d0e16b93bb1205e6ac2d17886ab6	hf://scrollprize/datasets/spiral/PHercParis4/unverified_patches/auto_grown_20260421105738910_region_003/z.tif
geometry	data/patches/auto_grown_20260421111001561_region_001/mask.tif	d7401a7087710875e8e168e6d30410919d1739b9	454	617ff626f418c326aa1bb5bb97c2195f2d28176ea2db58fc39451b25d2b0ffc8	hf://scrollprize/datasets/spiral/PHercParis4/unverified_patches/auto_grown_20260421111001561_region_001/mask.tif
geometry	data/patches/auto_grown_20260421111001561_region_001/meta.json	d7401a7087710875e8e168e6d30410919d1739b9	17085	fd995642ade5cbca4d3d744f5702e3ddc8076a342e3320cb1c4d26a1779349b2	hf://scrollprize/datasets/spiral/PHercParis4/unverified_patches/auto_grown_20260421111001561_region_001/meta.json
geometry	data/patches/auto_grown_20260421111001561_region_001/x.tif	d7401a7087710875e8e168e6d30410919d1739b9	3246	812401deb04aa9fa10c45e5f7fd20d915a86f1fd0fbcec3e290d2b7b0c916bd7	hf://scrollprize/datasets/spiral/PHercParis4/unverified_patches/auto_grown_20260421111001561_region_001/x.tif
geometry	data/patches/auto_grown_20260421111001561_region_001/y.tif	d7401a7087710875e8e168e6d30410919d1739b9	3246	0725aa8a47f5178bf4a5ba34e84a1d3830de47670d7a166339494f610f67bb89	hf://scrollprize/datasets/spiral/PHercParis4/unverified_patches/auto_grown_20260421111001561_region_001/y.tif
geometry	data/patches/auto_grown_20260421111001561_region_001/z.tif	d7401a7087710875e8e168e6d30410919d1739b9	3246	46f2587e004f107a4374209f78140860ed208da7d9583068a489f3752919f0e8	hf://scrollprize/datasets/spiral/PHercParis4/unverified_patches/auto_grown_20260421111001561_region_001/z.tif
geometry	data/patches/auto_grown_20260421111605870_region_002/mask.tif	d7401a7087710875e8e168e6d30410919d1739b9	506	20193c08fe72ef57ccbfd5399bfc0e05a838d51c971d98410f16ede1b9d789e9	hf://scrollprize/datasets/spiral/PHercParis4/unverified_patches/auto_grown_20260421111605870_region_002/mask.tif
geometry	data/patches/auto_grown_20260421111605870_region_002/meta.json	d7401a7087710875e8e168e6d30410919d1739b9	16814	d63e3fba436db94894717eaef9d4f37da58dbbb0482620dd4338738aee2877cd	hf://scrollprize/datasets/spiral/PHercParis4/unverified_patches/auto_grown_20260421111605870_region_002/meta.json
geometry	data/patches/auto_grown_20260421111605870_region_002/x.tif	d7401a7087710875e8e168e6d30410919d1739b9	3710	03f2b113b4a7d172d7991cd595001c0d21cc1ef986caea4461781360fa19619d	hf://scrollprize/datasets/spiral/PHercParis4/unverified_patches/auto_grown_20260421111605870_region_002/x.tif
geometry	data/patches/auto_grown_20260421111605870_region_002/y.tif	d7401a7087710875e8e168e6d30410919d1739b9	3710	14bf05814e365d5d87c8af07980167d77e5bb4f5970504a70978cb1ee8b4983b	hf://scrollprize/datasets/spiral/PHercParis4/unverified_patches/auto_grown_20260421111605870_region_002/y.tif
geometry	data/patches/auto_grown_20260421111605870_region_002/z.tif	d7401a7087710875e8e168e6d30410919d1739b9	3710	756c5debfff6d6ebee0a6926e6c390bfc52d4eca812a935a0a7865407e2583f8	hf://scrollprize/datasets/spiral/PHercParis4/unverified_patches/auto_grown_20260421111605870_region_002/z.tif
geometry	data/patches/auto_grown_20260421113458041_region_001/mask.tif	d7401a7087710875e8e168e6d30410919d1739b9	360	f39f89dbd537ba4acb5a7f753b4e1c89ba72e6ed788e265564be950f44079676	hf://scrollprize/datasets/spiral/PHercParis4/unverified_patches/auto_grown_20260421113458041_region_001/mask.tif
geometry	data/patches/auto_grown_20260421113458041_region_001/meta.json	d7401a7087710875e8e168e6d30410919d1739b9	17044	135a82ab43d1cea31bb8c6cd8ba2900f2b3c7f252aaeb09f2cd4e2eafdaf24ca	hf://scrollprize/datasets/spiral/PHercParis4/unverified_patches/auto_grown_20260421113458041_region_001/meta.json
geometry	data/patches/auto_grown_20260421113458041_region_001/x.tif	d7401a7087710875e8e168e6d30410919d1739b9	3986	c4c8cbd7fdbffce4fc05319beefa5b564e4558195818cb0b47744fab25ab6624	hf://scrollprize/datasets/spiral/PHercParis4/unverified_patches/auto_grown_20260421113458041_region_001/x.tif
geometry	data/patches/auto_grown_20260421113458041_region_001/y.tif	d7401a7087710875e8e168e6d30410919d1739b9	3986	76c7f6093a9112403015a632f7f258c72fb89299b145d111499a6bcd978f1ed4	hf://scrollprize/datasets/spiral/PHercParis4/unverified_patches/auto_grown_20260421113458041_region_001/y.tif
geometry	data/patches/auto_grown_20260421113458041_region_001/z.tif	d7401a7087710875e8e168e6d30410919d1739b9	3986	f5c4294fff5ba728f1c047bf83c9e116085ce5946169f7f041760e4174a8305c	hf://scrollprize/datasets/spiral/PHercParis4/unverified_patches/auto_grown_20260421113458041_region_001/z.tif
geometry	data/patches/auto_grown_20260421114340191_region_000/mask.tif	d7401a7087710875e8e168e6d30410919d1739b9	718	8819577370a6efa791360421097d38e13e172ccd797edcc361f196742f74e1d2	hf://scrollprize/datasets/spiral/PHercParis4/unverified_patches/auto_grown_20260421114340191_region_000/mask.tif
geometry	data/patches/auto_grown_20260421114340191_region_000/meta.json	d7401a7087710875e8e168e6d30410919d1739b9	16943	43ee14bf935e35851030c434e52ed9866a6e13b3534c049ce1912177cfb5e8d2	hf://scrollprize/datasets/spiral/PHercParis4/unverified_patches/auto_grown_20260421114340191_region_000/meta.json
geometry	data/patches/auto_grown_20260421114340191_region_000/x.tif	d7401a7087710875e8e168e6d30410919d1739b9	12346	7c98737e651cd73005e755d2eb5e981db361b63a677474910ea0e608c3aed2cd	hf://scrollprize/datasets/spiral/PHercParis4/unverified_patches/auto_grown_20260421114340191_region_000/x.tif
geometry	data/patches/auto_grown_20260421114340191_region_000/y.tif	d7401a7087710875e8e168e6d30410919d1739b9	12346	ef25b11b89b224c82afa75f6b73530951be867a2c37b8513a71d4e5055685307	hf://scrollprize/datasets/spiral/PHercParis4/unverified_patches/auto_grown_20260421114340191_region_000/y.tif
geometry	data/patches/auto_grown_20260421114340191_region_000/z.tif	d7401a7087710875e8e168e6d30410919d1739b9	12346	b53638736efd338569a1a673aa70f8c25654a6ee9e497f508639e31d72e8bd9f	hf://scrollprize/datasets/spiral/PHercParis4/unverified_patches/auto_grown_20260421114340191_region_000/z.tif
geometry	data/patches/auto_grown_20260421123016177_region_000/mask.tif	d7401a7087710875e8e168e6d30410919d1739b9	711	6a7fcec92391948e39a4f30815798fc4a079304e4daf437c6f5f91832ca7bba0	hf://scrollprize/datasets/spiral/PHercParis4/unverified_patches/auto_grown_20260421123016177_region_000/mask.tif
geometry	data/patches/auto_grown_20260421123016177_region_000/meta.json	d7401a7087710875e8e168e6d30410919d1739b9	17031	412cb27653169affaf2c025af87979aca22f149c6cc9280f289b7bb6f4f43a29	hf://scrollprize/datasets/spiral/PHercParis4/unverified_patches/auto_grown_20260421123016177_region_000/meta.json
geometry	data/patches/auto_grown_20260421123016177_region_000/x.tif	d7401a7087710875e8e168e6d30410919d1739b9	12002	f94925ee9f403a8cd7a019a3b83393e8d709f08c5fcbc748c3e33e894c95ccc6	hf://scrollprize/datasets/spiral/PHercParis4/unverified_patches/auto_grown_20260421123016177_region_000/x.tif
geometry	data/patches/auto_grown_20260421123016177_region_000/y.tif	d7401a7087710875e8e168e6d30410919d1739b9	12002	f17f405d1f885e3673b27891a0802b1b6a01ce7c58a5d867c02da478b48a587f	hf://scrollprize/datasets/spiral/PHercParis4/unverified_patches/auto_grown_20260421123016177_region_000/y.tif
geometry	data/patches/auto_grown_20260421123016177_region_000/z.tif	d7401a7087710875e8e168e6d30410919d1739b9	12002	4f748d5f3101fd6ab9701496a028e30e307ff67a478559fb3b9a890391cc2cee	hf://scrollprize/datasets/spiral/PHercParis4/unverified_patches/auto_grown_20260421123016177_region_000/z.tif
geometry	data/patches/auto_grown_20260421123339463_region_002/mask.tif	d7401a7087710875e8e168e6d30410919d1739b9	664	17547b2e006822470c2c1f56d9e794445084dc3e53e4ed1ecaab5d2aa4204764	hf://scrollprize/datasets/spiral/PHercParis4/unverified_patches/auto_grown_20260421123339463_region_002/mask.tif
geometry	data/patches/auto_grown_20260421123339463_region_002/meta.json	d7401a7087710875e8e168e6d30410919d1739b9	16690	fc26e38eb6f3b35ff51a302c55720380159b81f2879bdce1c4733bfe964154fb	hf://scrollprize/datasets/spiral/PHercParis4/unverified_patches/auto_grown_20260421123339463_region_002/meta.json
geometry	data/patches/auto_grown_20260421123339463_region_002/x.tif	d7401a7087710875e8e168e6d30410919d1739b9	8786	307c2373bc623e25dd3b02be97b1ee4616c3125a92c6342b332d6dc2ebff3b47	hf://scrollprize/datasets/spiral/PHercParis4/unverified_patches/auto_grown_20260421123339463_region_002/x.tif
geometry	data/patches/auto_grown_20260421123339463_region_002/y.tif	d7401a7087710875e8e168e6d30410919d1739b9	8786	945b1fca79cda0bfe1c79a4b30949a09538d94777135429d5c0ab9e9030e1047	hf://scrollprize/datasets/spiral/PHercParis4/unverified_patches/auto_grown_20260421123339463_region_002/y.tif
geometry	data/patches/auto_grown_20260421123339463_region_002/z.tif	d7401a7087710875e8e168e6d30410919d1739b9	8786	db618feb54671fa59757e84587ddff9c74c80117df3071481503c2d614c8fed9	hf://scrollprize/datasets/spiral/PHercParis4/unverified_patches/auto_grown_20260421123339463_region_002/z.tif
geometry	data/patches/auto_grown_20260421123757510_region_002/mask.tif	d7401a7087710875e8e168e6d30410919d1739b9	494	19935e2f0a70868531cc1ec6238dd6033683b30e2ece347eece51302841be8ac	hf://scrollprize/datasets/spiral/PHercParis4/unverified_patches/auto_grown_20260421123757510_region_002/mask.tif
geometry	data/patches/auto_grown_20260421123757510_region_002/meta.json	d7401a7087710875e8e168e6d30410919d1739b9	16971	2e336c89f82010bbac245a433602c20be7f081ace5ebdbf0eb9caf870be1f426	hf://scrollprize/datasets/spiral/PHercParis4/unverified_patches/auto_grown_20260421123757510_region_002/meta.json
geometry	data/patches/auto_grown_20260421123757510_region_002/x.tif	d7401a7087710875e8e168e6d30410919d1739b9	4106	ef591e5c7feb0c533e64ceae9a985d29a1d104c5d6be7a54ba665c06a22abfe1	hf://scrollprize/datasets/spiral/PHercParis4/unverified_patches/auto_grown_20260421123757510_region_002/x.tif
geometry	data/patches/auto_grown_20260421123757510_region_002/y.tif	d7401a7087710875e8e168e6d30410919d1739b9	4106	ae4ae74c85dd0f44beeec8cc0bfdfb38ba78bc9da79f7e1b4fda5329eaab1b90	hf://scrollprize/datasets/spiral/PHercParis4/unverified_patches/auto_grown_20260421123757510_region_002/y.tif
geometry	data/patches/auto_grown_20260421123757510_region_002/z.tif	d7401a7087710875e8e168e6d30410919d1739b9	4106	3442a6b28155decc6e4725707b82fd904ae03c0360043914db3635e08e82d988	hf://scrollprize/datasets/spiral/PHercParis4/unverified_patches/auto_grown_20260421123757510_region_002/z.tif
geometry	data/patches/auto_grown_20260421125715530_region_000/mask.tif	d7401a7087710875e8e168e6d30410919d1739b9	516	7de844bb537e9fb0be427f0bc17d45a93fe85a5392f7e0713a8420d050d4ddc7	hf://scrollprize/datasets/spiral/PHercParis4/unverified_patches/auto_grown_20260421125715530_region_000/mask.tif
geometry	data/patches/auto_grown_20260421125715530_region_000/meta.json	d7401a7087710875e8e168e6d30410919d1739b9	17228	2c900da38477d1946b8b7a99f96d457d228f5c85c75111b6dc7953dd05eed0ba	hf://scrollprize/datasets/spiral/PHercParis4/unverified_patches/auto_grown_20260421125715530_region_000/meta.json
geometry	data/patches/auto_grown_20260421125715530_region_000/x.tif	d7401a7087710875e8e168e6d30410919d1739b9	4586	5ea5b42978d8b3c9dfcc5246bd58005d441565d937a8d8fc6703baeb50459925	hf://scrollprize/datasets/spiral/PHercParis4/unverified_patches/auto_grown_20260421125715530_region_000/x.tif
geometry	data/patches/auto_grown_20260421125715530_region_000/y.tif	d7401a7087710875e8e168e6d30410919d1739b9	4586	3d1545947c6d06856e18d30d2a679af59fd68949b162312883036563398d3d4b	hf://scrollprize/datasets/spiral/PHercParis4/unverified_patches/auto_grown_20260421125715530_region_000/y.tif
geometry	data/patches/auto_grown_20260421125715530_region_000/z.tif	d7401a7087710875e8e168e6d30410919d1739b9	4586	a78772a88e064950b26389f8413c101f51c2e677986d23cfe6bfb9fd7c4d9a24	hf://scrollprize/datasets/spiral/PHercParis4/unverified_patches/auto_grown_20260421125715530_region_000/z.tif
geometry	data/patches/auto_grown_20260421130721538_region_000/mask.tif	d7401a7087710875e8e168e6d30410919d1739b9	594	01897cbaefe8f2aae3676e67f9922b19813ed9c62c80d8dc96ccb4ca0eac236b	hf://scrollprize/datasets/spiral/PHercParis4/unverified_patches/auto_grown_20260421130721538_region_000/mask.tif
geometry	data/patches/auto_grown_20260421130721538_region_000/meta.json	d7401a7087710875e8e168e6d30410919d1739b9	16761	3ac6136009a47642e86bed46076da727eecf8b9c7773859ef01d59e204059586	hf://scrollprize/datasets/spiral/PHercParis4/unverified_patches/auto_grown_20260421130721538_region_000/meta.json
geometry	data/patches/auto_grown_20260421130721538_region_000/x.tif	d7401a7087710875e8e168e6d30410919d1739b9	6026	5e1477506667fa997940e491bfef2d0d89befa73743c9496e32b701e37217265	hf://scrollprize/datasets/spiral/PHercParis4/unverified_patches/auto_grown_20260421130721538_region_000/x.tif
geometry	data/patches/auto_grown_20260421130721538_region_000/y.tif	d7401a7087710875e8e168e6d30410919d1739b9	6026	ddc49911563d107a84646ec580b613ccce8ed9b317157c874f85ee6b7c9a1b97	hf://scrollprize/datasets/spiral/PHercParis4/unverified_patches/auto_grown_20260421130721538_region_000/y.tif
geometry	data/patches/auto_grown_20260421130721538_region_000/z.tif	d7401a7087710875e8e168e6d30410919d1739b9	6026	e3e24566d103aaf556f4462842d55c4b27b24229321adfb3ce3ba563c7990a16	hf://scrollprize/datasets/spiral/PHercParis4/unverified_patches/auto_grown_20260421130721538_region_000/z.tif
geometry	data/patches/auto_grown_20260421132759324_region_001/mask.tif	d7401a7087710875e8e168e6d30410919d1739b9	459	80dbe5f5c13e350d3906a85aa31cb035c81459d59f515e94aa32d03c1d1cb54a	hf://scrollprize/datasets/spiral/PHercParis4/unverified_patches/auto_grown_20260421132759324_region_001/mask.tif
geometry	data/patches/auto_grown_20260421132759324_region_001/meta.json	d7401a7087710875e8e168e6d30410919d1739b9	17065	b1f4e1c804d569855c13a381d4c64f3a78bc24cb83501ccbaf561445bcdc9e65	hf://scrollprize/datasets/spiral/PHercParis4/unverified_patches/auto_grown_20260421132759324_region_001/meta.json
geometry	data/patches/auto_grown_20260421132759324_region_001/x.tif	d7401a7087710875e8e168e6d30410919d1739b9	3626	041cc1b158dfbb911411cfe3072c7200f62825001bbe0d0870def0f628b8c8de	hf://scrollprize/datasets/spiral/PHercParis4/unverified_patches/auto_grown_20260421132759324_region_001/x.tif
geometry	data/patches/auto_grown_20260421132759324_region_001/y.tif	d7401a7087710875e8e168e6d30410919d1739b9	3626	787923146b8d4acf565f8a25fb2d83a7a5efabd234ded2f50592451119c88ec9	hf://scrollprize/datasets/spiral/PHercParis4/unverified_patches/auto_grown_20260421132759324_region_001/y.tif
geometry	data/patches/auto_grown_20260421132759324_region_001/z.tif	d7401a7087710875e8e168e6d30410919d1739b9	3626	0cca928ae88a587831fc90f0420ea73e0351644f1b4167c752442d061c25c30c	hf://scrollprize/datasets/spiral/PHercParis4/unverified_patches/auto_grown_20260421132759324_region_001/z.tif
geometry	data/patches/auto_grown_20260421134342582_region_001/mask.tif	d7401a7087710875e8e168e6d30410919d1739b9	493	3c3cd0249e6eb845e5de9b2c1121cedd5fbe5b252e8324ffb52a13ff4735ed70	hf://scrollprize/datasets/spiral/PHercParis4/unverified_patches/auto_grown_20260421134342582_region_001/mask.tif
geometry	data/patches/auto_grown_20260421134342582_region_001/meta.json	d7401a7087710875e8e168e6d30410919d1739b9	17217	e29200df07e7635fde5cac846520731a1694b96eed8fd02f9973707def6e6847	hf://scrollprize/datasets/spiral/PHercParis4/unverified_patches/auto_grown_20260421134342582_region_001/meta.json
geometry	data/patches/auto_grown_20260421134342582_region_001/x.tif	d7401a7087710875e8e168e6d30410919d1739b9	4362	97cd0e3b52dcd36b391965e6233d5bd6eb85f6798e13910c37473b4997594065	hf://scrollprize/datasets/spiral/PHercParis4/unverified_patches/auto_grown_20260421134342582_region_001/x.tif
geometry	data/patches/auto_grown_20260421134342582_region_001/y.tif	d7401a7087710875e8e168e6d30410919d1739b9	4362	98e7c9bafb8703cf58f895b0d648bb8386b99cfdaf12489a6028d0742f578c3a	hf://scrollprize/datasets/spiral/PHercParis4/unverified_patches/auto_grown_20260421134342582_region_001/y.tif
geometry	data/patches/auto_grown_20260421134342582_region_001/z.tif	d7401a7087710875e8e168e6d30410919d1739b9	4362	9a4fe0f385f68afe5fc4e9e7f1c060b83ccdb2c0a580f0c1cd5c64294f786f95	hf://scrollprize/datasets/spiral/PHercParis4/unverified_patches/auto_grown_20260421134342582_region_001/z.tif
geometry	data/patches/auto_grown_20260421134420821_region_003/mask.tif	d7401a7087710875e8e168e6d30410919d1739b9	462	da27c888f9be43848c308e598d51f94c0b73571c3e1eae153217152506000ced	hf://scrollprize/datasets/spiral/PHercParis4/unverified_patches/auto_grown_20260421134420821_region_003/mask.tif
geometry	data/patches/auto_grown_20260421134420821_region_003/meta.json	d7401a7087710875e8e168e6d30410919d1739b9	17135	0f7c5a0eb0ff33f31bc300ed5770cce9e06fc716180790d0210342edcc26b2f2	hf://scrollprize/datasets/spiral/PHercParis4/unverified_patches/auto_grown_20260421134420821_region_003/meta.json
geometry	data/patches/auto_grown_20260421134420821_region_003/x.tif	d7401a7087710875e8e168e6d30410919d1739b9	2946	2410b0b9f2aaf69d5da1e79611406c05010fc437e6cf2115b6d61adcf440b0fd	hf://scrollprize/datasets/spiral/PHercParis4/unverified_patches/auto_grown_20260421134420821_region_003/x.tif
geometry	data/patches/auto_grown_20260421134420821_region_003/y.tif	d7401a7087710875e8e168e6d30410919d1739b9	2946	97b4a1438dfa633ddf572bf31b6e7c1186060b42f42ae015feff0b15384ca40f	hf://scrollprize/datasets/spiral/PHercParis4/unverified_patches/auto_grown_20260421134420821_region_003/y.tif
geometry	data/patches/auto_grown_20260421134420821_region_003/z.tif	d7401a7087710875e8e168e6d30410919d1739b9	2946	da34bb6267c3c40e91066c20a63135153439abcd91340621e9c36e199d45e18e	hf://scrollprize/datasets/spiral/PHercParis4/unverified_patches/auto_grown_20260421134420821_region_003/z.tif
geometry	data/patches/auto_grown_20260421151804295_region_000/mask.tif	d7401a7087710875e8e168e6d30410919d1739b9	1003	f9ae412cf376bef8c181d9fe17c2e78ef6fda1bda2012781cf74c561f453b13b	hf://scrollprize/datasets/spiral/PHercParis4/unverified_patches/auto_grown_20260421151804295_region_000/mask.tif
geometry	data/patches/auto_grown_20260421151804295_region_000/meta.json	d7401a7087710875e8e168e6d30410919d1739b9	16906	511de8e37c6037f8d13c77da3e81a09fdeb8d03b5faa7871e8228e35e1df5113	hf://scrollprize/datasets/spiral/PHercParis4/unverified_patches/auto_grown_20260421151804295_region_000/meta.json
geometry	data/patches/auto_grown_20260421151804295_region_000/x.tif	d7401a7087710875e8e168e6d30410919d1739b9	32446	82f0b2ffe7a5a9ee338b3e0c9cfc0fa25342e90fda6e3ba71e1f07d5d01a3e57	hf://scrollprize/datasets/spiral/PHercParis4/unverified_patches/auto_grown_20260421151804295_region_000/x.tif
geometry	data/patches/auto_grown_20260421151804295_region_000/y.tif	d7401a7087710875e8e168e6d30410919d1739b9	32446	571dce118ede7d5ece6657e790ac2626b7f4c8f714fd7b45c1ab45dab2a63936	hf://scrollprize/datasets/spiral/PHercParis4/unverified_patches/auto_grown_20260421151804295_region_000/y.tif
geometry	data/patches/auto_grown_20260421151804295_region_000/z.tif	d7401a7087710875e8e168e6d30410919d1739b9	32446	0649aaaecaa6aca4ae63296feaedaccd0b990172ceda78e4f499dd79c481b5ae	hf://scrollprize/datasets/spiral/PHercParis4/unverified_patches/auto_grown_20260421151804295_region_000/z.tif
geometry	data/patches/auto_grown_20260421151804295_region_004/mask.tif	d7401a7087710875e8e168e6d30410919d1739b9	703	1074d7d1a2670422d76cac174ae0e37f7506ad1c4f340b36cd16815e0b5d494a	hf://scrollprize/datasets/spiral/PHercParis4/unverified_patches/auto_grown_20260421151804295_region_004/mask.tif
geometry	data/patches/auto_grown_20260421151804295_region_004/meta.json	d7401a7087710875e8e168e6d30410919d1739b9	16893	2f21eec6248b012351fffdcf48895330b4813b931d040ec9cafbac4792632998	hf://scrollprize/datasets/spiral/PHercParis4/unverified_patches/auto_grown_20260421151804295_region_004/meta.json
geometry	data/patches/auto_grown_20260421151804295_region_004/x.tif	d7401a7087710875e8e168e6d30410919d1739b9	10946	a36685b49f04dd8c71a6c24e3a10022cec272275bcbcf5a776827b0129cd4b6f	hf://scrollprize/datasets/spiral/PHercParis4/unverified_patches/auto_grown_20260421151804295_region_004/x.tif
geometry	data/patches/auto_grown_20260421151804295_region_004/y.tif	d7401a7087710875e8e168e6d30410919d1739b9	10946	b217e960b3981bc8213bd210207796fd9ce6918d10cf9c5967abd45ab8c0659a	hf://scrollprize/datasets/spiral/PHercParis4/unverified_patches/auto_grown_20260421151804295_region_004/y.tif
geometry	data/patches/auto_grown_20260421151804295_region_004/z.tif	d7401a7087710875e8e168e6d30410919d1739b9	10946	f29b9ab4a15afa241d41febb8332c2318f169352e8bd0b214d5e5f507a58cbc1	hf://scrollprize/datasets/spiral/PHercParis4/unverified_patches/auto_grown_20260421151804295_region_004/z.tif
geometry	data/patches/auto_grown_20260421153840650_region_000/mask.tif	d7401a7087710875e8e168e6d30410919d1739b9	399	ff9bb12cf2cc4d87e08fe944cdb3e89af7af1551468db3298ec15ebe8db80e95	hf://scrollprize/datasets/spiral/PHercParis4/unverified_patches/auto_grown_20260421153840650_region_000/mask.tif
geometry	data/patches/auto_grown_20260421153840650_region_000/meta.json	d7401a7087710875e8e168e6d30410919d1739b9	17051	0461ef1ee2556a243907da949ae4f2a0a7b16e7834698f2e9696fb32fa23df28	hf://scrollprize/datasets/spiral/PHercParis4/unverified_patches/auto_grown_20260421153840650_region_000/meta.json
geometry	data/patches/auto_grown_20260421153840650_region_000/x.tif	d7401a7087710875e8e168e6d30410919d1739b9	3858	89b73c4e89e0542d16d65353b7f55711ceb7b170a5344f000e41249be09295d5	hf://scrollprize/datasets/spiral/PHercParis4/unverified_patches/auto_grown_20260421153840650_region_000/x.tif
geometry	data/patches/auto_grown_20260421153840650_region_000/y.tif	d7401a7087710875e8e168e6d30410919d1739b9	3858	81176b238d6062d571ccaedd00ad106445e5bf1d67bfb2f538f68fac2235ec42	hf://scrollprize/datasets/spiral/PHercParis4/unverified_patches/auto_grown_20260421153840650_region_000/y.tif
geometry	data/patches/auto_grown_20260421153840650_region_000/z.tif	d7401a7087710875e8e168e6d30410919d1739b9	3858	23c8d2d05ee31fa1b4ca27365cdbce80596f71472b7737da9d644530aaebce27	hf://scrollprize/datasets/spiral/PHercParis4/unverified_patches/auto_grown_20260421153840650_region_000/z.tif
geometry	data/patches/auto_grown_20260421155031471_region_000/mask.tif	d7401a7087710875e8e168e6d30410919d1739b9	738	765cd284d1e3277a6502fc9888f74511a4bf59e704448b33bc65ff1ff91df9ca	hf://scrollprize/datasets/spiral/PHercParis4/unverified_patches/auto_grown_20260421155031471_region_000/mask.tif
geometry	data/patches/auto_grown_20260421155031471_region_000/meta.json	d7401a7087710875e8e168e6d30410919d1739b9	16698	b4ebf426120476db2df2f0693416e77244fd7ed809e1a7fdbbd052f9eca93652	hf://scrollprize/datasets/spiral/PHercParis4/unverified_patches/auto_grown_20260421155031471_region_000/meta.json
geometry	data/patches/auto_grown_20260421155031471_region_000/x.tif	d7401a7087710875e8e168e6d30410919d1739b9	14282	ce7a790b9b72c0737b8442cc20df414f098d3f30e6f055790f805c6906538b3a	hf://scrollprize/datasets/spiral/PHercParis4/unverified_patches/auto_grown_20260421155031471_region_000/x.tif
geometry	data/patches/auto_grown_20260421155031471_region_000/y.tif	d7401a7087710875e8e168e6d30410919d1739b9	14282	6daf713e58d0ab39ca5df2d5218be647bd3bf3828b088b2fb2031e69d66766d6	hf://scrollprize/datasets/spiral/PHercParis4/unverified_patches/auto_grown_20260421155031471_region_000/y.tif
geometry	data/patches/auto_grown_20260421155031471_region_000/z.tif	d7401a7087710875e8e168e6d30410919d1739b9	14282	c1feaafd4388101c5035d6a311ff634af6472076e3adeab9b24217bc3e55dec8	hf://scrollprize/datasets/spiral/PHercParis4/unverified_patches/auto_grown_20260421155031471_region_000/z.tif
geometry	data/patches/auto_grown_20260421155214889_region_003/mask.tif	d7401a7087710875e8e168e6d30410919d1739b9	463	5a388a2fefdd2314eb9b418151b8430f47f1eb269a9e4a53cc543bdad79f2988	hf://scrollprize/datasets/spiral/PHercParis4/unverified_patches/auto_grown_20260421155214889_region_003/mask.tif
geometry	data/patches/auto_grown_20260421155214889_region_003/meta.json	d7401a7087710875e8e168e6d30410919d1739b9	17077	dd7e45d1bca7e0985d790603ed35f5734cfd2ba0f5ac1a0e30a7543da4f893c4	hf://scrollprize/datasets/spiral/PHercParis4/unverified_patches/auto_grown_20260421155214889_region_003/meta.json
geometry	data/patches/auto_grown_20260421155214889_region_003/x.tif	d7401a7087710875e8e168e6d30410919d1739b9	2846	fd29829ef16de6ac541147c20b98b3f4ccc310fee57ca9e6f68133c4df5b93c2	hf://scrollprize/datasets/spiral/PHercParis4/unverified_patches/auto_grown_20260421155214889_region_003/x.tif
geometry	data/patches/auto_grown_20260421155214889_region_003/y.tif	d7401a7087710875e8e168e6d30410919d1739b9	2846	c8a1211be15287ef0d7393eef39cc9dca9b6faba28435f62d84b8cbf98367953	hf://scrollprize/datasets/spiral/PHercParis4/unverified_patches/auto_grown_20260421155214889_region_003/y.tif
geometry	data/patches/auto_grown_20260421155214889_region_003/z.tif	d7401a7087710875e8e168e6d30410919d1739b9	2846	3c780ce0a19c7823e9e844500e5562702cd430f48f884f43d95833084de1a4ff	hf://scrollprize/datasets/spiral/PHercParis4/unverified_patches/auto_grown_20260421155214889_region_003/z.tif
geometry	data/patches/auto_grown_20260421161217319_region_001/mask.tif	d7401a7087710875e8e168e6d30410919d1739b9	507	df0b5666f293e76bd7a71d0f234973a5f264f849278425b4d4e88898a749b392	hf://scrollprize/datasets/spiral/PHercParis4/unverified_patches/auto_grown_20260421161217319_region_001/mask.tif
geometry	data/patches/auto_grown_20260421161217319_region_001/meta.json	d7401a7087710875e8e168e6d30410919d1739b9	17039	a7efed501b811f4dd25c00b1fc9471e29aac8e5509c32d6dc6b5d05cd606ca0a	hf://scrollprize/datasets/spiral/PHercParis4/unverified_patches/auto_grown_20260421161217319_region_001/meta.json
geometry	data/patches/auto_grown_20260421161217319_region_001/x.tif	d7401a7087710875e8e168e6d30410919d1739b9	4858	fe00126afac0e94309809f69fa92a60eacfe54aa67d034377ecbff29167374cc	hf://scrollprize/datasets/spiral/PHercParis4/unverified_patches/auto_grown_20260421161217319_region_001/x.tif
geometry	data/patches/auto_grown_20260421161217319_region_001/y.tif	d7401a7087710875e8e168e6d30410919d1739b9	4858	01b410991ee5bad42ced6a50a257bc8c00c187daca86af9d185d05a75c1dbb53	hf://scrollprize/datasets/spiral/PHercParis4/unverified_patches/auto_grown_20260421161217319_region_001/y.tif
geometry	data/patches/auto_grown_20260421161217319_region_001/z.tif	d7401a7087710875e8e168e6d30410919d1739b9	4858	920e2a42c49c7ce5ef1c8741199d7ea853b0fdf73e75d60f9ea778fe7615065f	hf://scrollprize/datasets/spiral/PHercParis4/unverified_patches/auto_grown_20260421161217319_region_001/z.tif
geometry	data/patches/auto_grown_20260421163622357_region_000/mask.tif	d7401a7087710875e8e168e6d30410919d1739b9	594	66682d7c94d04000fb727e0cf31a4ed631184a1c8f41153337b704e33b76d373	hf://scrollprize/datasets/spiral/PHercParis4/unverified_patches/auto_grown_20260421163622357_region_000/mask.tif
geometry	data/patches/auto_grown_20260421163622357_region_000/meta.json	d7401a7087710875e8e168e6d30410919d1739b9	17172	3ea660cd08ee6b6538f4fd790ecefa352cda7ac606faf8deecc0f6890f70f892	hf://scrollprize/datasets/spiral/PHercParis4/unverified_patches/auto_grown_20260421163622357_region_000/meta.json
geometry	data/patches/auto_grown_20260421163622357_region_000/x.tif	d7401a7087710875e8e168e6d30410919d1739b9	6834	18f11badefc47cd76ab174a8b500d0e753384d01d9b44d88f2fedb3184dbae0b	hf://scrollprize/datasets/spiral/PHercParis4/unverified_patches/auto_grown_20260421163622357_region_000/x.tif
geometry	data/patches/auto_grown_20260421163622357_region_000/y.tif	d7401a7087710875e8e168e6d30410919d1739b9	6834	cd09f2c9a5d9ec19aca53d111a41a344e8e800a47cad99a66fa5e57eff271bbd	hf://scrollprize/datasets/spiral/PHercParis4/unverified_patches/auto_grown_20260421163622357_region_000/y.tif
geometry	data/patches/auto_grown_20260421163622357_region_000/z.tif	d7401a7087710875e8e168e6d30410919d1739b9	6834	824f9a79af5cd9a7df44f3d12bc8a0bc026379c90b74a1ce8f25a293eb17c150	hf://scrollprize/datasets/spiral/PHercParis4/unverified_patches/auto_grown_20260421163622357_region_000/z.tif
geometry	data/patches/auto_grown_20260421165403705_region_002/mask.tif	d7401a7087710875e8e168e6d30410919d1739b9	1137	325ca67f3f4c8d97f0ab3e6b524404f92514b6480c7033fa8fa237d0c3949b63	hf://scrollprize/datasets/spiral/PHercParis4/unverified_patches/auto_grown_20260421165403705_region_002/mask.tif
geometry	data/patches/auto_grown_20260421165403705_region_002/meta.json	d7401a7087710875e8e168e6d30410919d1739b9	16986	11126532e0bae8e01ee1ea49b6e2fc65dde716f10b7840b88dbc2511b6ff6757	hf://scrollprize/datasets/spiral/PHercParis4/unverified_patches/auto_grown_20260421165403705_region_002/meta.json
geometry	data/patches/auto_grown_20260421165403705_region_002/x.tif	d7401a7087710875e8e168e6d30410919d1739b9	35390	1f1af5d0226900d270e6d810a454130cf4df421af27ee080d03ae8d8d329f335	hf://scrollprize/datasets/spiral/PHercParis4/unverified_patches/auto_grown_20260421165403705_region_002/x.tif
geometry	data/patches/auto_grown_20260421165403705_region_002/y.tif	d7401a7087710875e8e168e6d30410919d1739b9	35390	17a4034020d706c5dae0e950fa00e809689960d1c7dae5c2fbfe1ce563920ad2	hf://scrollprize/datasets/spiral/PHercParis4/unverified_patches/auto_grown_20260421165403705_region_002/y.tif
geometry	data/patches/auto_grown_20260421165403705_region_002/z.tif	d7401a7087710875e8e168e6d30410919d1739b9	35390	37bf69e129bce91452ab05e81393b5301e8a421e879f23fe4873e1d8b672d71f	hf://scrollprize/datasets/spiral/PHercParis4/unverified_patches/auto_grown_20260421165403705_region_002/z.tif
geometry	data/patches/auto_grown_20260421170800751_region_003/mask.tif	d7401a7087710875e8e168e6d30410919d1739b9	460	99e19582aadbfeadf793b0d1b8700aa759e4ed487140c30f02328529984732ee	hf://scrollprize/datasets/spiral/PHercParis4/unverified_patches/auto_grown_20260421170800751_region_003/mask.tif
geometry	data/patches/auto_grown_20260421170800751_region_003/meta.json	d7401a7087710875e8e168e6d30410919d1739b9	16841	ad8c1592b20244a88bfb1730ec10373d4df42be7f8ad117177e9bfa9fbd033c0	hf://scrollprize/datasets/spiral/PHercParis4/unverified_patches/auto_grown_20260421170800751_region_003/meta.json
geometry	data/patches/auto_grown_20260421170800751_region_003/x.tif	d7401a7087710875e8e168e6d30410919d1739b9	3278	7bc69015ddc67e6d236ba6254405301b5656312673b1f31c9304e261ab9f63dc	hf://scrollprize/datasets/spiral/PHercParis4/unverified_patches/auto_grown_20260421170800751_region_003/x.tif
geometry	data/patches/auto_grown_20260421170800751_region_003/y.tif	d7401a7087710875e8e168e6d30410919d1739b9	3278	6d42d2a4b98af8bea1bbe7e67870451bb85e59b44c7a7341c7a55a3225153ec5	hf://scrollprize/datasets/spiral/PHercParis4/unverified_patches/auto_grown_20260421170800751_region_003/y.tif
geometry	data/patches/auto_grown_20260421170800751_region_003/z.tif	d7401a7087710875e8e168e6d30410919d1739b9	3278	e64b17b34757dc18a1d788fce92fd5191287129bd2e33b2dfd351e0f61624b85	hf://scrollprize/datasets/spiral/PHercParis4/unverified_patches/auto_grown_20260421170800751_region_003/z.tif
geometry	data/patches/auto_grown_20260421172534053_region_000/mask.tif	d7401a7087710875e8e168e6d30410919d1739b9	360	f39f89dbd537ba4acb5a7f753b4e1c89ba72e6ed788e265564be950f44079676	hf://scrollprize/datasets/spiral/PHercParis4/unverified_patches/auto_grown_20260421172534053_region_000/mask.tif
geometry	data/patches/auto_grown_20260421172534053_region_000/meta.json	d7401a7087710875e8e168e6d30410919d1739b9	16831	93e295f17ba15411a16e2af7a77559decd4480109ef628bfd81340e58648ebe3	hf://scrollprize/datasets/spiral/PHercParis4/unverified_patches/auto_grown_20260421172534053_region_000/meta.json
geometry	data/patches/auto_grown_20260421172534053_region_000/x.tif	d7401a7087710875e8e168e6d30410919d1739b9	3986	36f6dfaf23de32b3084ddbae5559e434eed4d24b810f0153f650e25b16743ee3	hf://scrollprize/datasets/spiral/PHercParis4/unverified_patches/auto_grown_20260421172534053_region_000/x.tif
geometry	data/patches/auto_grown_20260421172534053_region_000/y.tif	d7401a7087710875e8e168e6d30410919d1739b9	3986	44a31d72a4ea529c2b674caba60a3864d570793dfc96c371bf2c3115b4222446	hf://scrollprize/datasets/spiral/PHercParis4/unverified_patches/auto_grown_20260421172534053_region_000/y.tif
geometry	data/patches/auto_grown_20260421172534053_region_000/z.tif	d7401a7087710875e8e168e6d30410919d1739b9	3986	c6f0b5a220e6690da4088dd52863ce690dc3d4a30db5b107dfd899f724327c12	hf://scrollprize/datasets/spiral/PHercParis4/unverified_patches/auto_grown_20260421172534053_region_000/z.tif
geometry	data/patches/auto_grown_20260427171106351_region_001/mask.tif	d7401a7087710875e8e168e6d30410919d1739b9	625	df1642055bad2a914bf988bf2a2f7af21ee15096d7aa138d6813b54ec8fe93d8	hf://scrollprize/datasets/spiral/PHercParis4/unverified_patches/auto_grown_20260427171106351_region_001/mask.tif
geometry	data/patches/auto_grown_20260427171106351_region_001/meta.json	d7401a7087710875e8e168e6d30410919d1739b9	1212	5a950c4a69e7b5f67795290b4a9ced97e208fa52026b6de32c6a99a31deb8320	hf://scrollprize/datasets/spiral/PHercParis4/unverified_patches/auto_grown_20260427171106351_region_001/meta.json
geometry	data/patches/auto_grown_20260427171106351_region_001/x.tif	d7401a7087710875e8e168e6d30410919d1739b9	7762	817af4f6569ea2be38696c904028d3b39e1ff52c0f902efcab5b98d7a3b6ab9b	hf://scrollprize/datasets/spiral/PHercParis4/unverified_patches/auto_grown_20260427171106351_region_001/x.tif
geometry	data/patches/auto_grown_20260427171106351_region_001/y.tif	d7401a7087710875e8e168e6d30410919d1739b9	7762	de38cab36fe4dafd840c8080a8b42df5b4631c7cf52fa3845754c0aa4e93a2b6	hf://scrollprize/datasets/spiral/PHercParis4/unverified_patches/auto_grown_20260427171106351_region_001/y.tif
geometry	data/patches/auto_grown_20260427171106351_region_001/z.tif	d7401a7087710875e8e168e6d30410919d1739b9	7762	9b759bc8c615c1f11aa94fab1c1af6e659f6863c7d7b451baa554fd306385db7	hf://scrollprize/datasets/spiral/PHercParis4/unverified_patches/auto_grown_20260427171106351_region_001/z.tif
geometry	data/patches/auto_grown_20260427171725709_region_000/mask.tif	d7401a7087710875e8e168e6d30410919d1739b9	364	8d6158e832d6ad437ddeac8cac2917ffe55ace7d5c54f860c531f1cf2a4916ad	hf://scrollprize/datasets/spiral/PHercParis4/unverified_patches/auto_grown_20260427171725709_region_000/mask.tif
geometry	data/patches/auto_grown_20260427171725709_region_000/meta.json	d7401a7087710875e8e168e6d30410919d1739b9	1211	9de9368ce7f3a122ad35421f9a61f880eff926d2a8bbaffb8ea797218e0daef6	hf://scrollprize/datasets/spiral/PHercParis4/unverified_patches/auto_grown_20260427171725709_region_000/meta.json
geometry	data/patches/auto_grown_20260427171725709_region_000/x.tif	d7401a7087710875e8e168e6d30410919d1739b9	3474	04abac37e02d4e4e2c78d0b863111c7da9ab70692dcd97f1e1c5e40030f9d58f	hf://scrollprize/datasets/spiral/PHercParis4/unverified_patches/auto_grown_20260427171725709_region_000/x.tif
geometry	data/patches/auto_grown_20260427171725709_region_000/y.tif	d7401a7087710875e8e168e6d30410919d1739b9	3474	2d71842530f943a8556c678af9f605e8e0fa6f73aae91468d791b7d3f6a8d620	hf://scrollprize/datasets/spiral/PHercParis4/unverified_patches/auto_grown_20260427171725709_region_000/y.tif
geometry	data/patches/auto_grown_20260427171725709_region_000/z.tif	d7401a7087710875e8e168e6d30410919d1739b9	3474	5fdc4e78ecfc9bf2987f0f50773e32ddd749e8acc4b133030c91c30847c1afd0	hf://scrollprize/datasets/spiral/PHercParis4/unverified_patches/auto_grown_20260427171725709_region_000/z.tif
geometry	data/patches/auto_grown_20260427200055993_region_001/mask.tif	d7401a7087710875e8e168e6d30410919d1739b9	584	ecb63f8c0ff8e0a29d64a7e9cbffd698bcb208e7cc28bbe6f90bcbf758988913	hf://scrollprize/datasets/spiral/PHercParis4/unverified_patches/auto_grown_20260427200055993_region_001/mask.tif
geometry	data/patches/auto_grown_20260427200055993_region_001/meta.json	d7401a7087710875e8e168e6d30410919d1739b9	1232	e7f1b361fc8d35ca7cc90b6e5edb7022f7dbd1ad475b0804ac569fdae01dda9e	hf://scrollprize/datasets/spiral/PHercParis4/unverified_patches/auto_grown_20260427200055993_region_001/meta.json
geometry	data/patches/auto_grown_20260427200055993_region_001/x.tif	d7401a7087710875e8e168e6d30410919d1739b9	5618	0edb0120bf8d2bbd6c4c73870ea9e74cd5a4fa475ef4a1796f05876911a95824	hf://scrollprize/datasets/spiral/PHercParis4/unverified_patches/auto_grown_20260427200055993_region_001/x.tif
geometry	data/patches/auto_grown_20260427200055993_region_001/y.tif	d7401a7087710875e8e168e6d30410919d1739b9	5618	a3ab5b896663c6e0915ed5386dd685a79345a0818053ba0ad56bab24a2997681	hf://scrollprize/datasets/spiral/PHercParis4/unverified_patches/auto_grown_20260427200055993_region_001/y.tif
geometry	data/patches/auto_grown_20260427200055993_region_001/z.tif	d7401a7087710875e8e168e6d30410919d1739b9	5618	45e2f042dc28f0da3614ff48710a6f4cf421ffd77696a60bf41e4840c40110b7	hf://scrollprize/datasets/spiral/PHercParis4/unverified_patches/auto_grown_20260427200055993_region_001/z.tif
geometry	data/patches/auto_grown_20260427201436680_region_002/mask.tif	d7401a7087710875e8e168e6d30410919d1739b9	650	faaecc574806e2b11496a64ffa7f5452178ed687140486111b72f5b4a3cefb4a	hf://scrollprize/datasets/spiral/PHercParis4/unverified_patches/auto_grown_20260427201436680_region_002/mask.tif
geometry	data/patches/auto_grown_20260427201436680_region_002/meta.json	d7401a7087710875e8e168e6d30410919d1739b9	1231	a45318666c1dd47096ccadb5d9d3432af6cf381dc8115a9cdb04903a9b5162b4	hf://scrollprize/datasets/spiral/PHercParis4/unverified_patches/auto_grown_20260427201436680_region_002/meta.json
geometry	data/patches/auto_grown_20260427201436680_region_002/x.tif	d7401a7087710875e8e168e6d30410919d1739b9	9386	f9ce19c29efab66048872fa2af1d0eb4ace4fd2fd69daca93f65c883ba97a2a8	hf://scrollprize/datasets/spiral/PHercParis4/unverified_patches/auto_grown_20260427201436680_region_002/x.tif
geometry	data/patches/auto_grown_20260427201436680_region_002/y.tif	d7401a7087710875e8e168e6d30410919d1739b9	9386	62b4ec02a5d478d6d366961418988d4c2e2d65a273ef66da3c1653a55dc0d0ad	hf://scrollprize/datasets/spiral/PHercParis4/unverified_patches/auto_grown_20260427201436680_region_002/y.tif
geometry	data/patches/auto_grown_20260427201436680_region_002/z.tif	d7401a7087710875e8e168e6d30410919d1739b9	9386	a7838bd099e2ec4df36711af46bf1df9c7c21ea83b8199e90c495db114755dfb	hf://scrollprize/datasets/spiral/PHercParis4/unverified_patches/auto_grown_20260427201436680_region_002/z.tif
geometry	data/patches/auto_grown_20260427201837440_region_003/mask.tif	d7401a7087710875e8e168e6d30410919d1739b9	589	dbf8fadb99fa83eadfb938974ea445c8b73d530468da8879d9b96561cd6cb4af	hf://scrollprize/datasets/spiral/PHercParis4/unverified_patches/auto_grown_20260427201837440_region_003/mask.tif
geometry	data/patches/auto_grown_20260427201837440_region_003/meta.json	d7401a7087710875e8e168e6d30410919d1739b9	1235	1182058d6475da9e2c01912abe60273af4df989168962b9354625d9e1ec41d45	hf://scrollprize/datasets/spiral/PHercParis4/unverified_patches/auto_grown_20260427201837440_region_003/meta.json
geometry	data/patches/auto_grown_20260427201837440_region_003/x.tif	d7401a7087710875e8e168e6d30410919d1739b9	6378	b3e049d4243860a729ca608ada18112d151f3d873917d557db91d6c107e0c26a	hf://scrollprize/datasets/spiral/PHercParis4/unverified_patches/auto_grown_20260427201837440_region_003/x.tif
geometry	data/patches/auto_grown_20260427201837440_region_003/y.tif	d7401a7087710875e8e168e6d30410919d1739b9	6378	caaa2e4d757218ab9df7167f96c16164d63292b12f865d86a2831605c4ecd982	hf://scrollprize/datasets/spiral/PHercParis4/unverified_patches/auto_grown_20260427201837440_region_003/y.tif
geometry	data/patches/auto_grown_20260427201837440_region_003/z.tif	d7401a7087710875e8e168e6d30410919d1739b9	6378	5d76e92b9f60647cfb506fcab09a21259784333363c68aa1695f6f33d75d9a9c	hf://scrollprize/datasets/spiral/PHercParis4/unverified_patches/auto_grown_20260427201837440_region_003/z.tif
geometry	data/patches/auto_grown_20260427202103786_region_000/mask.tif	d7401a7087710875e8e168e6d30410919d1739b9	1039	7c156670fedbfb91f63e46f18b57bc8860ff31e5d59da802e5939092e7117ef0	hf://scrollprize/datasets/spiral/PHercParis4/unverified_patches/auto_grown_20260427202103786_region_000/mask.tif
geometry	data/patches/auto_grown_20260427202103786_region_000/meta.json	d7401a7087710875e8e168e6d30410919d1739b9	1241	fcfe043b5b096f73dbf11bb181091b385c4829b84f9bc0db9fd5d5a4c6239f4c	hf://scrollprize/datasets/spiral/PHercParis4/unverified_patches/auto_grown_20260427202103786_region_000/meta.json
geometry	data/patches/auto_grown_20260427202103786_region_000/x.tif	d7401a7087710875e8e168e6d30410919d1739b9	33634	15aa98a7de28d6910cbb6406c8d615bf2aa91145e34caf4c0e4251fbca310cb1	hf://scrollprize/datasets/spiral/PHercParis4/unverified_patches/auto_grown_20260427202103786_region_000/x.tif
geometry	data/patches/auto_grown_20260427202103786_region_000/y.tif	d7401a7087710875e8e168e6d30410919d1739b9	33634	72bd87142af5aeaebf3cdbfae43bcceb79c7df2307a8ace9c95a184856236821	hf://scrollprize/datasets/spiral/PHercParis4/unverified_patches/auto_grown_20260427202103786_region_000/y.tif
geometry	data/patches/auto_grown_20260427202103786_region_000/z.tif	d7401a7087710875e8e168e6d30410919d1739b9	33634	68fddb2e23a2216c548887818833b9fdf9f2eb4c24e90d1eb71922f9aa0519f0	hf://scrollprize/datasets/spiral/PHercParis4/unverified_patches/auto_grown_20260427202103786_region_000/z.tif
geometry	data/patches/auto_grown_20260427202109570_region_003/mask.tif	d7401a7087710875e8e168e6d30410919d1739b9	591	db4a220e62f6fbe944797577dd2d0fe2543c0da2fb794d476f936a94f8587d40	hf://scrollprize/datasets/spiral/PHercParis4/unverified_patches/auto_grown_20260427202109570_region_003/mask.tif
geometry	data/patches/auto_grown_20260427202109570_region_003/meta.json	d7401a7087710875e8e168e6d30410919d1739b9	1236	9f6f015daf88c706f1b19d6d0254ed7f77da9b38597533a22c0d48c2eef58cad	hf://scrollprize/datasets/spiral/PHercParis4/unverified_patches/auto_grown_20260427202109570_region_003/meta.json
geometry	data/patches/auto_grown_20260427202109570_region_003/x.tif	d7401a7087710875e8e168e6d30410919d1739b9	6082	b08f3e5fc2a9ee4e955082710fe39caaf54b8577423abe54e7f65b81f1cecaad	hf://scrollprize/datasets/spiral/PHercParis4/unverified_patches/auto_grown_20260427202109570_region_003/x.tif
geometry	data/patches/auto_grown_20260427202109570_region_003/y.tif	d7401a7087710875e8e168e6d30410919d1739b9	6082	eec445e0144b2269c636022f26d8a7968314582b919e70b030e25b980addb520	hf://scrollprize/datasets/spiral/PHercParis4/unverified_patches/auto_grown_20260427202109570_region_003/y.tif
geometry	data/patches/auto_grown_20260427202109570_region_003/z.tif	d7401a7087710875e8e168e6d30410919d1739b9	6082	0c8cb6befb787dd5c172d7e349293ef561d3ed356cec4a0aab1b326111383edc	hf://scrollprize/datasets/spiral/PHercParis4/unverified_patches/auto_grown_20260427202109570_region_003/z.tif
geometry	data/patches/auto_grown_20260427202631154_region_001/mask.tif	d7401a7087710875e8e168e6d30410919d1739b9	1380	4d3b9925dfbbd3ced97acba1634a9387f2c6b1f7452b7a6c622a43e16bdfbd8a	hf://scrollprize/datasets/spiral/PHercParis4/unverified_patches/auto_grown_20260427202631154_region_001/mask.tif
geometry	data/patches/auto_grown_20260427202631154_region_001/meta.json	d7401a7087710875e8e168e6d30410919d1739b9	1229	f1c3122c1e8006ca97c399fe7cdec9d23207d0993bb9ed46cb754f717b3c7573	hf://scrollprize/datasets/spiral/PHercParis4/unverified_patches/auto_grown_20260427202631154_region_001/meta.json
geometry	data/patches/auto_grown_20260427202631154_region_001/x.tif	d7401a7087710875e8e168e6d30410919d1739b9	59186	441895e02c1b2761272c6bcd21ec7b25ad68205b6efc7b11f172944f26ba49eb	hf://scrollprize/datasets/spiral/PHercParis4/unverified_patches/auto_grown_20260427202631154_region_001/x.tif
geometry	data/patches/auto_grown_20260427202631154_region_001/y.tif	d7401a7087710875e8e168e6d30410919d1739b9	59186	60abd031c0c1e0020d42050876a7c321fd261ede7a490322917159bf96e7663f	hf://scrollprize/datasets/spiral/PHercParis4/unverified_patches/auto_grown_20260427202631154_region_001/y.tif
geometry	data/patches/auto_grown_20260427202631154_region_001/z.tif	d7401a7087710875e8e168e6d30410919d1739b9	59186	56299f4f04de25a8116a7394ade78d18f3293dd39861fc92693bc9f1254e78e2	hf://scrollprize/datasets/spiral/PHercParis4/unverified_patches/auto_grown_20260427202631154_region_001/z.tif
geometry	data/patches/auto_grown_20260427203120297_region_003/mask.tif	d7401a7087710875e8e168e6d30410919d1739b9	644	b9bdc8da2ef799c0ec269cea523b447be4e020dc2ecf5e40ab3c0e929abd5c51	hf://scrollprize/datasets/spiral/PHercParis4/unverified_patches/auto_grown_20260427203120297_region_003/mask.tif
geometry	data/patches/auto_grown_20260427203120297_region_003/meta.json	d7401a7087710875e8e168e6d30410919d1739b9	1231	bbf6a3c262e40714b890bc6b430c10acbe3b23d0189c23ea64d82ac428a6d409	hf://scrollprize/datasets/spiral/PHercParis4/unverified_patches/auto_grown_20260427203120297_region_003/meta.json
geometry	data/patches/auto_grown_20260427203120297_region_003/x.tif	d7401a7087710875e8e168e6d30410919d1739b9	8714	b549052d57d4e893c1ee53062ca98f709b2620dcc4542f6da35158ae4c070f7e	hf://scrollprize/datasets/spiral/PHercParis4/unverified_patches/auto_grown_20260427203120297_region_003/x.tif
geometry	data/patches/auto_grown_20260427203120297_region_003/y.tif	d7401a7087710875e8e168e6d30410919d1739b9	8714	e1473cfca7efe7eb79a6e2f627bb88e98a1357d91419df8818517a73c5f4e3fa	hf://scrollprize/datasets/spiral/PHercParis4/unverified_patches/auto_grown_20260427203120297_region_003/y.tif
geometry	data/patches/auto_grown_20260427203120297_region_003/z.tif	d7401a7087710875e8e168e6d30410919d1739b9	8714	a0f187ca742b7787876d1eaa61889ec1c5f49579022d14b3eebfb5216eab5cad	hf://scrollprize/datasets/spiral/PHercParis4/unverified_patches/auto_grown_20260427203120297_region_003/z.tif
geometry	data/patches/auto_grown_20260428020410554_region_000/mask.tif	d7401a7087710875e8e168e6d30410919d1739b9	569	7793781fdb69515f3fdb351b79988cb6a4a53b582613e60f583e464f91bd72bc	hf://scrollprize/datasets/spiral/PHercParis4/unverified_patches/auto_grown_20260428020410554_region_000/mask.tif
geometry	data/patches/auto_grown_20260428020410554_region_000/meta.json	d7401a7087710875e8e168e6d30410919d1739b9	1308	8de1a84b851ed6820ff459b832be62c42a9b51134692d3c8cd8860a2f488b860	hf://scrollprize/datasets/spiral/PHercParis4/unverified_patches/auto_grown_20260428020410554_region_000/meta.json
geometry	data/patches/auto_grown_20260428020410554_region_000/x.tif	d7401a7087710875e8e168e6d30410919d1739b9	4906	cb5784e0261274a9de8cb471ebde2ac32489ec26cbfe4a51fa1732f1c76e0379	hf://scrollprize/datasets/spiral/PHercParis4/unverified_patches/auto_grown_20260428020410554_region_000/x.tif
geometry	data/patches/auto_grown_20260428020410554_region_000/y.tif	d7401a7087710875e8e168e6d30410919d1739b9	4906	9176828686fd15fffe917dc5aa466ffcfefff37c13329d2d9e889d660470be04	hf://scrollprize/datasets/spiral/PHercParis4/unverified_patches/auto_grown_20260428020410554_region_000/y.tif
geometry	data/patches/auto_grown_20260428020410554_region_000/z.tif	d7401a7087710875e8e168e6d30410919d1739b9	4906	25cd85da26dfe1181941aa7c69e8e4b21f33f0911f265760e40309249dd832d1	hf://scrollprize/datasets/spiral/PHercParis4/unverified_patches/auto_grown_20260428020410554_region_000/z.tif
geometry	data/patches/auto_grown_20260428021730072_region_003/mask.tif	d7401a7087710875e8e168e6d30410919d1739b9	512	e6a387470bc9488f416a7c11565f346a9c0a6f8edad0da16dde9b1a20c045ddd	hf://scrollprize/datasets/spiral/PHercParis4/unverified_patches/auto_grown_20260428021730072_region_003/mask.tif
geometry	data/patches/auto_grown_20260428021730072_region_003/meta.json	d7401a7087710875e8e168e6d30410919d1739b9	1297	996cbfb37dfdf3ceb605f8851cfc0e4351aefe39e755c03007c168fd2e4d1de9	hf://scrollprize/datasets/spiral/PHercParis4/unverified_patches/auto_grown_20260428021730072_region_003/meta.json
geometry	data/patches/auto_grown_20260428021730072_region_003/x.tif	d7401a7087710875e8e168e6d30410919d1739b9	4466	401c029d15fcfa893e27cf975bc0fa0dbc76e64ba767e38a8af3e550077cddbf	hf://scrollprize/datasets/spiral/PHercParis4/unverified_patches/auto_grown_20260428021730072_region_003/x.tif
geometry	data/patches/auto_grown_20260428021730072_region_003/y.tif	d7401a7087710875e8e168e6d30410919d1739b9	4466	711dbaa5c2c0cc59546c5ea219e14a6d08e4d78dfc72950d89abb83eb04f9b7f	hf://scrollprize/datasets/spiral/PHercParis4/unverified_patches/auto_grown_20260428021730072_region_003/y.tif
geometry	data/patches/auto_grown_20260428021730072_region_003/z.tif	d7401a7087710875e8e168e6d30410919d1739b9	4466	5768d3e14fd7067527b82a9419c200194c7b221989c5914cf86d21d6bea227ef	hf://scrollprize/datasets/spiral/PHercParis4/unverified_patches/auto_grown_20260428021730072_region_003/z.tif
geometry	data/patches/auto_grown_20260428031627537_region_003/mask.tif	d7401a7087710875e8e168e6d30410919d1739b9	502	8b0e3df1863fd7d65ade61720292f8671a61bb2d8b3cfe2452a6de5f5c6db1f2	hf://scrollprize/datasets/spiral/PHercParis4/unverified_patches/auto_grown_20260428031627537_region_003/mask.tif
geometry	data/patches/auto_grown_20260428031627537_region_003/meta.json	d7401a7087710875e8e168e6d30410919d1739b9	1307	fc86611bc57772c85d3287b9fb7a3e10778dd7c4591d063c6961adcf2f185b39	hf://scrollprize/datasets/spiral/PHercParis4/unverified_patches/auto_grown_20260428031627537_region_003/meta.json
geometry	data/patches/auto_grown_20260428031627537_region_003/x.tif	d7401a7087710875e8e168e6d30410919d1739b9	3746	27ddcce03e60bbef533c96c5658620d552376c9ac159500e9a43b901a2987895	hf://scrollprize/datasets/spiral/PHercParis4/unverified_patches/auto_grown_20260428031627537_region_003/x.tif
geometry	data/patches/auto_grown_20260428031627537_region_003/y.tif	d7401a7087710875e8e168e6d30410919d1739b9	3746	1e179ef3254c137f3863658d3ff6b2e2ffb469c5e8b1357ba4ece965bbf25b64	hf://scrollprize/datasets/spiral/PHercParis4/unverified_patches/auto_grown_20260428031627537_region_003/y.tif
geometry	data/patches/auto_grown_20260428031627537_region_003/z.tif	d7401a7087710875e8e168e6d30410919d1739b9	3746	5a78be33b3295773d4d5aec170797a447be30db76d3488c9fd492839119208bf	hf://scrollprize/datasets/spiral/PHercParis4/unverified_patches/auto_grown_20260428031627537_region_003/z.tif
geometry	data/patches/auto_grown_20260428034030701_region_000/mask.tif	d7401a7087710875e8e168e6d30410919d1739b9	794	3520ea8f7a7a0a1c42853c1627e083bd10343cfd36ea143dcd49081bef99246a	hf://scrollprize/datasets/spiral/PHercParis4/unverified_patches/auto_grown_20260428034030701_region_000/mask.tif
geometry	data/patches/auto_grown_20260428034030701_region_000/meta.json	d7401a7087710875e8e168e6d30410919d1739b9	1311	2c321d4884bc1c67b2f56468de0df1181fb2b5840395ef6f4301768f20ee87d2	hf://scrollprize/datasets/spiral/PHercParis4/unverified_patches/auto_grown_20260428034030701_region_000/meta.json
geometry	data/patches/auto_grown_20260428034030701_region_000/x.tif	d7401a7087710875e8e168e6d30410919d1739b9	16106	f9c9d3a7493556223fac0a20d429ac5bf2718b530714c9514c6d668a4bcd1582	hf://scrollprize/datasets/spiral/PHercParis4/unverified_patches/auto_grown_20260428034030701_region_000/x.tif
geometry	data/patches/auto_grown_20260428034030701_region_000/y.tif	d7401a7087710875e8e168e6d30410919d1739b9	16106	60cb3c8fa9b8ad98f1866840c122febea6c15e9dff3a907b8d1f27c6572a84d9	hf://scrollprize/datasets/spiral/PHercParis4/unverified_patches/auto_grown_20260428034030701_region_000/y.tif
geometry	data/patches/auto_grown_20260428034030701_region_000/z.tif	d7401a7087710875e8e168e6d30410919d1739b9	16106	c3ab00253e0b62a4668cd242ff13274fc2caa8787ab390f086eeb6f9c20545b5	hf://scrollprize/datasets/spiral/PHercParis4/unverified_patches/auto_grown_20260428034030701_region_000/z.tif
geometry	data/patches/auto_grown_20260428050024800_region_001/mask.tif	d7401a7087710875e8e168e6d30410919d1739b9	516	e547acd9ab19bcbd9248c368104557c7527174cb02084cf2eef1a85385c514ad	hf://scrollprize/datasets/spiral/PHercParis4/unverified_patches/auto_grown_20260428050024800_region_001/mask.tif
geometry	data/patches/auto_grown_20260428050024800_region_001/meta.json	d7401a7087710875e8e168e6d30410919d1739b9	1313	b9e2f523f198715e616204394a21f0d6b58b811d1b8aa9578d53f9e459a89d18	hf://scrollprize/datasets/spiral/PHercParis4/unverified_patches/auto_grown_20260428050024800_region_001/meta.json
geometry	data/patches/auto_grown_20260428050024800_region_001/x.tif	d7401a7087710875e8e168e6d30410919d1739b9	3926	a7c78d8add7b80ada0e39139818ebfd7add9869a9f1afcf02156d8737fe8bf94	hf://scrollprize/datasets/spiral/PHercParis4/unverified_patches/auto_grown_20260428050024800_region_001/x.tif
geometry	data/patches/auto_grown_20260428050024800_region_001/y.tif	d7401a7087710875e8e168e6d30410919d1739b9	3926	dd7027ee32ea072f3a1b3a83ac0e814e2e45ef1b53e3858a46f6fa9e4ac66d80	hf://scrollprize/datasets/spiral/PHercParis4/unverified_patches/auto_grown_20260428050024800_region_001/y.tif
geometry	data/patches/auto_grown_20260428050024800_region_001/z.tif	d7401a7087710875e8e168e6d30410919d1739b9	3926	3b8e5b74a166f012ccd6c33aec5a29b91fdafca7b47d5e11f951cd062883a20e	hf://scrollprize/datasets/spiral/PHercParis4/unverified_patches/auto_grown_20260428050024800_region_001/z.tif
geometry	data/patches/auto_grown_20260428051613430_region_001/mask.tif	d7401a7087710875e8e168e6d30410919d1739b9	590	0a99494af605f3d4eb9858ce28aa3525144105710240c4110e378d2588fac18b	hf://scrollprize/datasets/spiral/PHercParis4/unverified_patches/auto_grown_20260428051613430_region_001/mask.tif
geometry	data/patches/auto_grown_20260428051613430_region_001/meta.json	d7401a7087710875e8e168e6d30410919d1739b9	1308	261cd72f91585f9b34396ecf83a5443d5252b291076a2617708ee28c14e46c5c	hf://scrollprize/datasets/spiral/PHercParis4/unverified_patches/auto_grown_20260428051613430_region_001/meta.json
geometry	data/patches/auto_grown_20260428051613430_region_001/x.tif	d7401a7087710875e8e168e6d30410919d1739b9	20882	d0010a2f5d5d76a4f91a8ad4f5c35fd01958cc4f6e2c470df0574059012e9eb0	hf://scrollprize/datasets/spiral/PHercParis4/unverified_patches/auto_grown_20260428051613430_region_001/x.tif
geometry	data/patches/auto_grown_20260428051613430_region_001/y.tif	d7401a7087710875e8e168e6d30410919d1739b9	20882	594b4d558b6cb5227752f846dc3b497eb7ff10809b8e451f769230baa4378059	hf://scrollprize/datasets/spiral/PHercParis4/unverified_patches/auto_grown_20260428051613430_region_001/y.tif
geometry	data/patches/auto_grown_20260428051613430_region_001/z.tif	d7401a7087710875e8e168e6d30410919d1739b9	20882	136a21b7a76be88337bf06b1400edf8a035c03746adb30bc910a93c36747f1fb	hf://scrollprize/datasets/spiral/PHercParis4/unverified_patches/auto_grown_20260428051613430_region_001/z.tif
geometry	data/patches/auto_grown_20260428053152720_region_003/mask.tif	d7401a7087710875e8e168e6d30410919d1739b9	460	f5fcbb7a004149eec98aeab1eb07ccaa0d5a0b29831a0299e176876cfd7da69a	hf://scrollprize/datasets/spiral/PHercParis4/unverified_patches/auto_grown_20260428053152720_region_003/mask.tif
geometry	data/patches/auto_grown_20260428053152720_region_003/meta.json	d7401a7087710875e8e168e6d30410919d1739b9	1298	818bb21bfbdd230186209a226ed387171433bfa5852c2545ce56d32ed8535bff	hf://scrollprize/datasets/spiral/PHercParis4/unverified_patches/auto_grown_20260428053152720_region_003/meta.json
geometry	data/patches/auto_grown_20260428053152720_region_003/x.tif	d7401a7087710875e8e168e6d30410919d1739b9	2786	1d8283fe8e573675cf0e76589d90ecf316b926301613836abbdb6987b8928d3d	hf://scrollprize/datasets/spiral/PHercParis4/unverified_patches/auto_grown_20260428053152720_region_003/x.tif
geometry	data/patches/auto_grown_20260428053152720_region_003/y.tif	d7401a7087710875e8e168e6d30410919d1739b9	2786	9a31b6370476172dd567e5d3ee51f0c106168e07367ec211fcd04b34aa51bcde	hf://scrollprize/datasets/spiral/PHercParis4/unverified_patches/auto_grown_20260428053152720_region_003/y.tif
geometry	data/patches/auto_grown_20260428053152720_region_003/z.tif	d7401a7087710875e8e168e6d30410919d1739b9	2786	1fa1b216e75cac97b57fcef3fe88980b27b6ba67f1b5063b5729682dbddccffb	hf://scrollprize/datasets/spiral/PHercParis4/unverified_patches/auto_grown_20260428053152720_region_003/z.tif
geometry	data/patches/auto_grown_20260428054105780_region_001/mask.tif	d7401a7087710875e8e168e6d30410919d1739b9	512	6fee9be87cd88eeeeb63876783f541ac9bb31bfd5346b3121980e3e80743f757	hf://scrollprize/datasets/spiral/PHercParis4/unverified_patches/auto_grown_20260428054105780_region_001/mask.tif
geometry	data/patches/auto_grown_20260428054105780_region_001/meta.json	d7401a7087710875e8e168e6d30410919d1739b9	1302	33e82f3a864e9cc657a087b1f907baa02794afaf8cd7f7b65de7a246c6d28802	hf://scrollprize/datasets/spiral/PHercParis4/unverified_patches/auto_grown_20260428054105780_region_001/meta.json
geometry	data/patches/auto_grown_20260428054105780_region_001/x.tif	d7401a7087710875e8e168e6d30410919d1739b9	3682	a219622059f8aae45b39b32d01e9e31d539f70e067b26b8b5eb2fb84240ce93c	hf://scrollprize/datasets/spiral/PHercParis4/unverified_patches/auto_grown_20260428054105780_region_001/x.tif
geometry	data/patches/auto_grown_20260428054105780_region_001/y.tif	d7401a7087710875e8e168e6d30410919d1739b9	3682	884d469304e929c9dd23c4f829bf38ab0f720c7a6d82f921ee708a5c3e07ecfe	hf://scrollprize/datasets/spiral/PHercParis4/unverified_patches/auto_grown_20260428054105780_region_001/y.tif
geometry	data/patches/auto_grown_20260428054105780_region_001/z.tif	d7401a7087710875e8e168e6d30410919d1739b9	3682	8ca317358a81bac4b854e32619e67cd30d3bd9f5ec4d9abb80b3ad53bf838900	hf://scrollprize/datasets/spiral/PHercParis4/unverified_patches/auto_grown_20260428054105780_region_001/z.tif
geometry	data/patches/auto_grown_20260428080515189_region_002/mask.tif	d7401a7087710875e8e168e6d30410919d1739b9	464	6de81108a0df4c89f76e5a6e78b0353c80b31d81e53bd7df2a0024e07aca995a	hf://scrollprize/datasets/spiral/PHercParis4/unverified_patches/auto_grown_20260428080515189_region_002/mask.tif
geometry	data/patches/auto_grown_20260428080515189_region_002/meta.json	d7401a7087710875e8e168e6d30410919d1739b9	1306	1bff6ada1b861c4c84a87470089f38a1da58785249ebbb1bb39894e525a448de	hf://scrollprize/datasets/spiral/PHercParis4/unverified_patches/auto_grown_20260428080515189_region_002/meta.json
geometry	data/patches/auto_grown_20260428080515189_region_002/x.tif	d7401a7087710875e8e168e6d30410919d1739b9	3162	f7179a637b170c8453d74ea87aec1a6b8929e8189c2df434d41f5bd8e51dec24	hf://scrollprize/datasets/spiral/PHercParis4/unverified_patches/auto_grown_20260428080515189_region_002/x.tif
geometry	data/patches/auto_grown_20260428080515189_region_002/y.tif	d7401a7087710875e8e168e6d30410919d1739b9	3162	ccd1ef8c3691474d4e284db7f7d23fe000d059632c0e93d98fb0b84b5e0d3d72	hf://scrollprize/datasets/spiral/PHercParis4/unverified_patches/auto_grown_20260428080515189_region_002/y.tif
geometry	data/patches/auto_grown_20260428080515189_region_002/z.tif	d7401a7087710875e8e168e6d30410919d1739b9	3162	2abdbfc11f645f109a7145c714d9abb2d6424a00c7104fcc3cd956c7f6227a21	hf://scrollprize/datasets/spiral/PHercParis4/unverified_patches/auto_grown_20260428080515189_region_002/z.tif
geometry	data/patches/auto_grown_20260428080744964_region_000/mask.tif	d7401a7087710875e8e168e6d30410919d1739b9	731	394cc23284d32de5e610d1449c2cd9d5bb711f6a8709bb08713edd13dd536fa2	hf://scrollprize/datasets/spiral/PHercParis4/unverified_patches/auto_grown_20260428080744964_region_000/mask.tif
geometry	data/patches/auto_grown_20260428080744964_region_000/meta.json	d7401a7087710875e8e168e6d30410919d1739b9	1309	a256de69c876235aeae2759d14aba75ea9b27c37124852c2ce2bf25c3d273c97	hf://scrollprize/datasets/spiral/PHercParis4/unverified_patches/auto_grown_20260428080744964_region_000/meta.json
geometry	data/patches/auto_grown_20260428080744964_region_000/x.tif	d7401a7087710875e8e168e6d30410919d1739b9	13126	5cd852028e31c95dd749ab14cbc451b796d63ad5d682a608e5e237820c18d5ae	hf://scrollprize/datasets/spiral/PHercParis4/unverified_patches/auto_grown_20260428080744964_region_000/x.tif
geometry	data/patches/auto_grown_20260428080744964_region_000/y.tif	d7401a7087710875e8e168e6d30410919d1739b9	13126	2d08937c3dc6022dbc821108b049cc7c6b7cd75813d4816c41a80aff61d13fa8	hf://scrollprize/datasets/spiral/PHercParis4/unverified_patches/auto_grown_20260428080744964_region_000/y.tif
geometry	data/patches/auto_grown_20260428080744964_region_000/z.tif	d7401a7087710875e8e168e6d30410919d1739b9	13126	1b059a2d0d3f34411a74ff3a17ba5b9a011baaacd7cd3d28f5514fc73d6960ca	hf://scrollprize/datasets/spiral/PHercParis4/unverified_patches/auto_grown_20260428080744964_region_000/z.tif
geometry	data/patches/auto_grown_20260428103950672_region_000/mask.tif	d7401a7087710875e8e168e6d30410919d1739b9	679	7f63728a71d28b87e7cb6e39f2f75c8a021d993080eed3a3597b054916698419	hf://scrollprize/datasets/spiral/PHercParis4/unverified_patches/auto_grown_20260428103950672_region_000/mask.tif
geometry	data/patches/auto_grown_20260428103950672_region_000/meta.json	d7401a7087710875e8e168e6d30410919d1739b9	1303	57b953054b64fe589639f3fba993f3be0028d017dfb69181c2d4b48ae8c8a27a	hf://scrollprize/datasets/spiral/PHercParis4/unverified_patches/auto_grown_20260428103950672_region_000/meta.json
geometry	data/patches/auto_grown_20260428103950672_region_000/x.tif	d7401a7087710875e8e168e6d30410919d1739b9	9330	c6bb043902050bd7967d824d058278df3c600a91e30dd7af9e6ca1885f70ccb7	hf://scrollprize/datasets/spiral/PHercParis4/unverified_patches/auto_grown_20260428103950672_region_000/x.tif
geometry	data/patches/auto_grown_20260428103950672_region_000/y.tif	d7401a7087710875e8e168e6d30410919d1739b9	9330	56098cb3eee5ab02597160998f1b6b891992d58384bda3ccb2ca9b2e57994960	hf://scrollprize/datasets/spiral/PHercParis4/unverified_patches/auto_grown_20260428103950672_region_000/y.tif
geometry	data/patches/auto_grown_20260428103950672_region_000/z.tif	d7401a7087710875e8e168e6d30410919d1739b9	9330	2c4c656204bcb866620291504267e4ebc389e889f20b00584485555bc631f7a8	hf://scrollprize/datasets/spiral/PHercParis4/unverified_patches/auto_grown_20260428103950672_region_000/z.tif
geometry	data/patches/auto_grown_20260428110141727_region_004/mask.tif	d7401a7087710875e8e168e6d30410919d1739b9	462	38f44687afc20e845f2ffda399dc61ca4189b3d5eccbefa1c53f7e382b088e59	hf://scrollprize/datasets/spiral/PHercParis4/unverified_patches/auto_grown_20260428110141727_region_004/mask.tif
geometry	data/patches/auto_grown_20260428110141727_region_004/meta.json	d7401a7087710875e8e168e6d30410919d1739b9	1311	1da2417570f22ccf2dd05b6b5ce632949bc6a5279e63e932036cd7d8d93ab0f0	hf://scrollprize/datasets/spiral/PHercParis4/unverified_patches/auto_grown_20260428110141727_region_004/meta.json
geometry	data/patches/auto_grown_20260428110141727_region_004/x.tif	d7401a7087710875e8e168e6d30410919d1739b9	2630	fb4903f02a58991a474046b9f5636e8ed7b11aed560da44a14b0c9aa1a6b6c0c	hf://scrollprize/datasets/spiral/PHercParis4/unverified_patches/auto_grown_20260428110141727_region_004/x.tif
geometry	data/patches/auto_grown_20260428110141727_region_004/y.tif	d7401a7087710875e8e168e6d30410919d1739b9	2630	a5c193c13bef694b386d7ff48e92a4b9f6f48e3d98fa364093a5cfb415d959c4	hf://scrollprize/datasets/spiral/PHercParis4/unverified_patches/auto_grown_20260428110141727_region_004/y.tif
geometry	data/patches/auto_grown_20260428110141727_region_004/z.tif	d7401a7087710875e8e168e6d30410919d1739b9	2630	caa1a2f55ae983971768e92a9c334467cc2d5eb75194e6a327a27df985db74e8	hf://scrollprize/datasets/spiral/PHercParis4/unverified_patches/auto_grown_20260428110141727_region_004/z.tif
geometry	data/patches/auto_grown_20260428110157003_region_002/mask.tif	d7401a7087710875e8e168e6d30410919d1739b9	461	9d4ab65230c15382c86b1e71e5c527af8370ee338629398b4fab33c98a1745fe	hf://scrollprize/datasets/spiral/PHercParis4/unverified_patches/auto_grown_20260428110157003_region_002/mask.tif
geometry	data/patches/auto_grown_20260428110157003_region_002/meta.json	d7401a7087710875e8e168e6d30410919d1739b9	1308	d52aa94526f8541cc3818a40d9bc0346b696eaa64d03bb2b0b0d6771128bedec	hf://scrollprize/datasets/spiral/PHercParis4/unverified_patches/auto_grown_20260428110157003_region_002/meta.json
geometry	data/patches/auto_grown_20260428110157003_region_002/x.tif	d7401a7087710875e8e168e6d30410919d1739b9	2646	38679fc2ba38a33a400b144c3365f3c636f171b32785743b73e24c68ee8f7e44	hf://scrollprize/datasets/spiral/PHercParis4/unverified_patches/auto_grown_20260428110157003_region_002/x.tif
geometry	data/patches/auto_grown_20260428110157003_region_002/y.tif	d7401a7087710875e8e168e6d30410919d1739b9	2646	c2edb43b6ec1cd10ff7a718fe226aea1b4da9d69c24aa43e41c1bdc4e18b68b9	hf://scrollprize/datasets/spiral/PHercParis4/unverified_patches/auto_grown_20260428110157003_region_002/y.tif
geometry	data/patches/auto_grown_20260428110157003_region_002/z.tif	d7401a7087710875e8e168e6d30410919d1739b9	2646	2105c6d396f975c858549d69bb22d1ecfa88e712f86950a1d3028ba6a13e0b08	hf://scrollprize/datasets/spiral/PHercParis4/unverified_patches/auto_grown_20260428110157003_region_002/z.tif
geometry	data/patches/auto_grown_20260428111541575_region_002/mask.tif	d7401a7087710875e8e168e6d30410919d1739b9	495	d2b50874450788be1b19d20c3750b1e1f66ead60eb67d484bd58d1784d98fa16	hf://scrollprize/datasets/spiral/PHercParis4/unverified_patches/auto_grown_20260428111541575_region_002/mask.tif
geometry	data/patches/auto_grown_20260428111541575_region_002/meta.json	d7401a7087710875e8e168e6d30410919d1739b9	1306	a14fc9d1bcc152daf513f4db3bdd3893b34ac93d7071b5d131e4dd64738ef74d	hf://scrollprize/datasets/spiral/PHercParis4/unverified_patches/auto_grown_20260428111541575_region_002/meta.json
geometry	data/patches/auto_grown_20260428111541575_region_002/x.tif	d7401a7087710875e8e168e6d30410919d1739b9	3138	7b89538d0639e2a60d3fb5ba17b3a9db3f30ee080a7a0881e44653e3bb9feec5	hf://scrollprize/datasets/spiral/PHercParis4/unverified_patches/auto_grown_20260428111541575_region_002/x.tif
geometry	data/patches/auto_grown_20260428111541575_region_002/y.tif	d7401a7087710875e8e168e6d30410919d1739b9	3138	bfd76c4eb45da102fd82b00e9c43bbe87c952ebe89f8257d1b2a9cb9b304baa1	hf://scrollprize/datasets/spiral/PHercParis4/unverified_patches/auto_grown_20260428111541575_region_002/y.tif
geometry	data/patches/auto_grown_20260428111541575_region_002/z.tif	d7401a7087710875e8e168e6d30410919d1739b9	3138	8326258103d1df3af4e7e96ed069ae5a7bf93bc27b6f732b167629636bd29d13	hf://scrollprize/datasets/spiral/PHercParis4/unverified_patches/auto_grown_20260428111541575_region_002/z.tif
geometry	data/patches/auto_grown_20260428112426823_region_001/mask.tif	d7401a7087710875e8e168e6d30410919d1739b9	460	78cef117dc1dc4e295fff136df33a15aea42cd58a49953e6836a76897c37ef4a	hf://scrollprize/datasets/spiral/PHercParis4/unverified_patches/auto_grown_20260428112426823_region_001/mask.tif
geometry	data/patches/auto_grown_20260428112426823_region_001/meta.json	d7401a7087710875e8e168e6d30410919d1739b9	1310	b376b3f594232bd609125abf48f5498b713588e46bce1222f8ed5c21f44a4055	hf://scrollprize/datasets/spiral/PHercParis4/unverified_patches/auto_grown_20260428112426823_region_001/meta.json
geometry	data/patches/auto_grown_20260428112426823_region_001/x.tif	d7401a7087710875e8e168e6d30410919d1739b9	3026	54066d2c08e155cb7bb8c5b11ea7bc83742bc2524a2a9487b223161f45f3ad94	hf://scrollprize/datasets/spiral/PHercParis4/unverified_patches/auto_grown_20260428112426823_region_001/x.tif
geometry	data/patches/auto_grown_20260428112426823_region_001/y.tif	d7401a7087710875e8e168e6d30410919d1739b9	3026	d98de365eec8f8e74e8945cb34fc330532772eff05ea759a23dbae0be660bade	hf://scrollprize/datasets/spiral/PHercParis4/unverified_patches/auto_grown_20260428112426823_region_001/y.tif
geometry	data/patches/auto_grown_20260428112426823_region_001/z.tif	d7401a7087710875e8e168e6d30410919d1739b9	3026	d4227143d360c2ec117e9452054e7c8be3f41a8532cdce392dbbace7971f3b19	hf://scrollprize/datasets/spiral/PHercParis4/unverified_patches/auto_grown_20260428112426823_region_001/z.tif
geometry	data/patches/auto_grown_20260428114316156_region_000/mask.tif	d7401a7087710875e8e168e6d30410919d1739b9	516	69f72ab1a9a88d6b30d0f0c7dca3615e97c7fa6e8d168a0f50af9ea179768165	hf://scrollprize/datasets/spiral/PHercParis4/unverified_patches/auto_grown_20260428114316156_region_000/mask.tif
geometry	data/patches/auto_grown_20260428114316156_region_000/meta.json	d7401a7087710875e8e168e6d30410919d1739b9	1304	5763b458ad24c9919c0ba466530100798c2698bbd2e0af200138bbcb0a1435c7	hf://scrollprize/datasets/spiral/PHercParis4/unverified_patches/auto_grown_20260428114316156_region_000/meta.json
geometry	data/patches/auto_grown_20260428114316156_region_000/x.tif	d7401a7087710875e8e168e6d30410919d1739b9	5306	9f333cc432d138f4ced890ab35ff890a31ce7f68cb4f5bfc063e8c300da10929	hf://scrollprize/datasets/spiral/PHercParis4/unverified_patches/auto_grown_20260428114316156_region_000/x.tif
geometry	data/patches/auto_grown_20260428114316156_region_000/y.tif	d7401a7087710875e8e168e6d30410919d1739b9	5306	09da37745977ee24664c988dce8ff92fe6dc5413aea7bce923a287091fe860c5	hf://scrollprize/datasets/spiral/PHercParis4/unverified_patches/auto_grown_20260428114316156_region_000/y.tif
geometry	data/patches/auto_grown_20260428114316156_region_000/z.tif	d7401a7087710875e8e168e6d30410919d1739b9	5306	c5426cfc880f9bb2b27ec2e55ba0396fc97fd175025be743d4091f7fc76e0619	hf://scrollprize/datasets/spiral/PHercParis4/unverified_patches/auto_grown_20260428114316156_region_000/z.tif
geometry	data/patches/auto_grown_20260428114341690_region_001/mask.tif	d7401a7087710875e8e168e6d30410919d1739b9	508	f1b8381ee69d18df10c8443bf4b9acfe689e204a13bcb2c20da63287e8a67b2a	hf://scrollprize/datasets/spiral/PHercParis4/unverified_patches/auto_grown_20260428114341690_region_001/mask.tif
geometry	data/patches/auto_grown_20260428114341690_region_001/meta.json	d7401a7087710875e8e168e6d30410919d1739b9	1312	957d88f1091264e9d647c2d41b3ce9cc3c81831f3d354abab292241f33741913	hf://scrollprize/datasets/spiral/PHercParis4/unverified_patches/auto_grown_20260428114341690_region_001/meta.json
geometry	data/patches/auto_grown_20260428114341690_region_001/x.tif	d7401a7087710875e8e168e6d30410919d1739b9	4982	1d5b239cf9fd5ee2d3fc0a7bdc865f4720503c71f7edc8801bd4e6040b4674f4	hf://scrollprize/datasets/spiral/PHercParis4/unverified_patches/auto_grown_20260428114341690_region_001/x.tif
geometry	data/patches/auto_grown_20260428114341690_region_001/y.tif	d7401a7087710875e8e168e6d30410919d1739b9	4982	89f0a2552b6844d9662356190b44ff80ae3789cb24ad2b24a18fb77e6f4fa0ff	hf://scrollprize/datasets/spiral/PHercParis4/unverified_patches/auto_grown_20260428114341690_region_001/y.tif
geometry	data/patches/auto_grown_20260428114341690_region_001/z.tif	d7401a7087710875e8e168e6d30410919d1739b9	4982	41308094fc92767d18460ca5963124342dcc5ca40381d1630f1b12b3118b6005	hf://scrollprize/datasets/spiral/PHercParis4/unverified_patches/auto_grown_20260428114341690_region_001/z.tif
geometry	data/patches/auto_grown_20260428114957637_region_000/mask.tif	d7401a7087710875e8e168e6d30410919d1739b9	589	3da1feb6bff0854224b1184074152b655edb2aeb5c807ddb21644e9403e656ee	hf://scrollprize/datasets/spiral/PHercParis4/unverified_patches/auto_grown_20260428114957637_region_000/mask.tif
geometry	data/patches/auto_grown_20260428114957637_region_000/meta.json	d7401a7087710875e8e168e6d30410919d1739b9	1309	b9a6206027b81580c6e991c9ca6f95625fb155723ef8bc90ddfa51f73a15b79c	hf://scrollprize/datasets/spiral/PHercParis4/unverified_patches/auto_grown_20260428114957637_region_000/meta.json
geometry	data/patches/auto_grown_20260428114957637_region_000/x.tif	d7401a7087710875e8e168e6d30410919d1739b9	6226	4f33b85ca97de685bfacba4e9a28001077a6e33ffb4aa87d70dcdc941afbfd91	hf://scrollprize/datasets/spiral/PHercParis4/unverified_patches/auto_grown_20260428114957637_region_000/x.tif
geometry	data/patches/auto_grown_20260428114957637_region_000/y.tif	d7401a7087710875e8e168e6d30410919d1739b9	6226	52047459971a9b9c40bf990d522e1ada620c752cb1f1b1f0c4bb69cc78c139f5	hf://scrollprize/datasets/spiral/PHercParis4/unverified_patches/auto_grown_20260428114957637_region_000/y.tif
geometry	data/patches/auto_grown_20260428114957637_region_000/z.tif	d7401a7087710875e8e168e6d30410919d1739b9	6226	8c60d3c9629f17953d8a5b33a9226b7cdecc298fb3921c47ff5482294d7cb43a	hf://scrollprize/datasets/spiral/PHercParis4/unverified_patches/auto_grown_20260428114957637_region_000/z.tif
geometry	data/patches/auto_grown_20260428125412916_region_000/mask.tif	d7401a7087710875e8e168e6d30410919d1739b9	754	969c78efbe2bddb2689b4c13fa87d0ad87135ea127d15f8fae8d9eaae68afda1	hf://scrollprize/datasets/spiral/PHercParis4/unverified_patches/auto_grown_20260428125412916_region_000/mask.tif
geometry	data/patches/auto_grown_20260428125412916_region_000/meta.json	d7401a7087710875e8e168e6d30410919d1739b9	1298	433d6e9604c6aa7a167b44cab1cde9983ed1144ad68bd43c3edbea8f55a56003	hf://scrollprize/datasets/spiral/PHercParis4/unverified_patches/auto_grown_20260428125412916_region_000/meta.json
geometry	data/patches/auto_grown_20260428125412916_region_000/x.tif	d7401a7087710875e8e168e6d30410919d1739b9	13370	ee254f4c2461d6fe5e0e43b11281b5ae31904d4c1cd823ce963d7903ec587b51	hf://scrollprize/datasets/spiral/PHercParis4/unverified_patches/auto_grown_20260428125412916_region_000/x.tif
geometry	data/patches/auto_grown_20260428125412916_region_000/y.tif	d7401a7087710875e8e168e6d30410919d1739b9	13370	dc2b76e462849cb5bbaf52888ba0842955ed0fae742a53ea9302fae7f1041b86	hf://scrollprize/datasets/spiral/PHercParis4/unverified_patches/auto_grown_20260428125412916_region_000/y.tif
geometry	data/patches/auto_grown_20260428125412916_region_000/z.tif	d7401a7087710875e8e168e6d30410919d1739b9	13370	eb23a35c2f029b69ddb0b30fe5a737729f861bd45b569c15715fff3b68a9086d	hf://scrollprize/datasets/spiral/PHercParis4/unverified_patches/auto_grown_20260428125412916_region_000/z.tif
geometry	data/patches/auto_grown_20260428135232292_region_000/mask.tif	d7401a7087710875e8e168e6d30410919d1739b9	509	191999c73ea042f3e9e0fe4301e0abd45908b560a5c3d2754e45c773f80e60fd	hf://scrollprize/datasets/spiral/PHercParis4/unverified_patches/auto_grown_20260428135232292_region_000/mask.tif
geometry	data/patches/auto_grown_20260428135232292_region_000/meta.json	d7401a7087710875e8e168e6d30410919d1739b9	1310	c46010eb415c8bc26c3f45e8ea4b0f7076420a1e5614edfe4cb4dcc13d930306	hf://scrollprize/datasets/spiral/PHercParis4/unverified_patches/auto_grown_20260428135232292_region_000/meta.json
geometry	data/patches/auto_grown_20260428135232292_region_000/x.tif	d7401a7087710875e8e168e6d30410919d1739b9	4346	293b72a8dae2267e54cfec253b7d95c5d70935ccd4d6a4e814411039dbf10dc3	hf://scrollprize/datasets/spiral/PHercParis4/unverified_patches/auto_grown_20260428135232292_region_000/x.tif
geometry	data/patches/auto_grown_20260428135232292_region_000/y.tif	d7401a7087710875e8e168e6d30410919d1739b9	4346	f119b6f2ceae50f6098ca275e44595f3bbe8084847a3579caa804d1b4025d8f8	hf://scrollprize/datasets/spiral/PHercParis4/unverified_patches/auto_grown_20260428135232292_region_000/y.tif
geometry	data/patches/auto_grown_20260428135232292_region_000/z.tif	d7401a7087710875e8e168e6d30410919d1739b9	4346	9627ae2cbb7aecefea8d41ff3eaae36303e7add406fb343f24609c49728e5332	hf://scrollprize/datasets/spiral/PHercParis4/unverified_patches/auto_grown_20260428135232292_region_000/z.tif
geometry	data/patches/auto_grown_20260428154043173_region_000/mask.tif	d7401a7087710875e8e168e6d30410919d1739b9	460	397f456ef87ae42b292de141599f57fd85850162de08e0e83138406d4d7f3fb2	hf://scrollprize/datasets/spiral/PHercParis4/unverified_patches/auto_grown_20260428154043173_region_000/mask.tif
geometry	data/patches/auto_grown_20260428154043173_region_000/meta.json	d7401a7087710875e8e168e6d30410919d1739b9	1303	806af26d4fb7cd7e175e1891baa418a1039a1909d7aba21bbac2dcdbc3d4e83e	hf://scrollprize/datasets/spiral/PHercParis4/unverified_patches/auto_grown_20260428154043173_region_000/meta.json
geometry	data/patches/auto_grown_20260428154043173_region_000/x.tif	d7401a7087710875e8e168e6d30410919d1739b9	2722	448e921318c157798530d531b1b55fa4f876c72d7fae1ce5ab1045e1570c66e6	hf://scrollprize/datasets/spiral/PHercParis4/unverified_patches/auto_grown_20260428154043173_region_000/x.tif
geometry	data/patches/auto_grown_20260428154043173_region_000/y.tif	d7401a7087710875e8e168e6d30410919d1739b9	2722	4a6001d603d6070359d168a537307147f51ce5fc1a928fc31acb0b1036498494	hf://scrollprize/datasets/spiral/PHercParis4/unverified_patches/auto_grown_20260428154043173_region_000/y.tif
geometry	data/patches/auto_grown_20260428154043173_region_000/z.tif	d7401a7087710875e8e168e6d30410919d1739b9	2722	730d9655ec8476d1d279f0a636028f3b45bd1e56ec24df89af2cae5ebb53e41b	hf://scrollprize/datasets/spiral/PHercParis4/unverified_patches/auto_grown_20260428154043173_region_000/z.tif
geometry	data/patches/auto_grown_20260428163021806_region_000/mask.tif	d7401a7087710875e8e168e6d30410919d1739b9	431	d976909d3eaeac4aed78cb03f9a91d56bfdb1116c8d7f9cd6bb6bff7999c81f5	hf://scrollprize/datasets/spiral/PHercParis4/unverified_patches/auto_grown_20260428163021806_region_000/mask.tif
geometry	data/patches/auto_grown_20260428163021806_region_000/meta.json	d7401a7087710875e8e168e6d30410919d1739b9	1310	2560034d4b071d678cbaa82bbc0649f7dd3bbd9a1a19bb65ad1a818f5ec306a3	hf://scrollprize/datasets/spiral/PHercParis4/unverified_patches/auto_grown_20260428163021806_region_000/meta.json
geometry	data/patches/auto_grown_20260428163021806_region_000/x.tif	d7401a7087710875e8e168e6d30410919d1739b9	5138	219129e94eb28436a95117856c26723205fc689ce59a263449cfebab4474f846	hf://scrollprize/datasets/spiral/PHercParis4/unverified_patches/auto_grown_20260428163021806_region_000/x.tif
geometry	data/patches/auto_grown_20260428163021806_region_000/y.tif	d7401a7087710875e8e168e6d30410919d1739b9	5138	8b9b928e0e3c2b9ed2268576a57a9497ed3d0ee2a041e966636f223ed367ed93	hf://scrollprize/datasets/spiral/PHercParis4/unverified_patches/auto_grown_20260428163021806_region_000/y.tif
geometry	data/patches/auto_grown_20260428163021806_region_000/z.tif	d7401a7087710875e8e168e6d30410919d1739b9	5138	3699e65e2274081acecd6fd5f938fed81569cde5b505288cb72aac9603b52d20	hf://scrollprize/datasets/spiral/PHercParis4/unverified_patches/auto_grown_20260428163021806_region_000/z.tif
geometry	data/patches/auto_grown_20260428164704856_region_003/mask.tif	d7401a7087710875e8e168e6d30410919d1739b9	503	db7d96686488a2d82e37fe8e50861563a0fa4d38f67e32361cf9afaa3796ff09	hf://scrollprize/datasets/spiral/PHercParis4/unverified_patches/auto_grown_20260428164704856_region_003/mask.tif
geometry	data/patches/auto_grown_20260428164704856_region_003/meta.json	d7401a7087710875e8e168e6d30410919d1739b9	1301	0c19ad282a6ff958113e9ff19159924bc7ac5dc71af31c72895373a31df4b44d	hf://scrollprize/datasets/spiral/PHercParis4/unverified_patches/auto_grown_20260428164704856_region_003/meta.json
geometry	data/patches/auto_grown_20260428164704856_region_003/x.tif	d7401a7087710875e8e168e6d30410919d1739b9	4734	0b25db80d1f6ee3b7cedc160c1e3b385e699b8181199126c285e5efef4a23c95	hf://scrollprize/datasets/spiral/PHercParis4/unverified_patches/auto_grown_20260428164704856_region_003/x.tif
geometry	data/patches/auto_grown_20260428164704856_region_003/y.tif	d7401a7087710875e8e168e6d30410919d1739b9	4734	32e304d39a1c0ece968bfcf932e06a4e9a332418679d1a73fc9719da65507014	hf://scrollprize/datasets/spiral/PHercParis4/unverified_patches/auto_grown_20260428164704856_region_003/y.tif
geometry	data/patches/auto_grown_20260428164704856_region_003/z.tif	d7401a7087710875e8e168e6d30410919d1739b9	4734	6d01dc8c1aadd36227152b06ea4c5ffa72bf0b76f8bb8d16e1a0ed53a1e01af5	hf://scrollprize/datasets/spiral/PHercParis4/unverified_patches/auto_grown_20260428164704856_region_003/z.tif
geometry	data/patches/auto_grown_w20230702185753/meta.json	d7401a7087710875e8e168e6d30410919d1739b9	415	ef589fc305d071b50fd6bad191a4d7b702badb2fdaa2113abccafb84f34813c9	hf://scrollprize/datasets/spiral/PHercParis4/unverified_patches/auto_grown_w20230702185753/meta.json
geometry	data/patches/auto_grown_w20230702185753/x.tif	d7401a7087710875e8e168e6d30410919d1739b9	2340294	313fc66f8f9ba05fcd9e5426f4227331258e145ff8c5be1aaa531848dd304942	hf://scrollprize/datasets/spiral/PHercParis4/unverified_patches/auto_grown_w20230702185753/x.tif
geometry	data/patches/auto_grown_w20230702185753/y.tif	d7401a7087710875e8e168e6d30410919d1739b9	2340294	4d8da8d8352c5a4d21eceae11661896c67d0d9c87ce516051ccf9ece65e8ebb0	hf://scrollprize/datasets/spiral/PHercParis4/unverified_patches/auto_grown_w20230702185753/y.tif
geometry	data/patches/auto_grown_w20230702185753/z.tif	d7401a7087710875e8e168e6d30410919d1739b9	2340294	569d026cc10c10ca0d48a54197fd9fcdb584c4a717fc431313fcdb8c5ee8cae1	hf://scrollprize/datasets/spiral/PHercParis4/unverified_patches/auto_grown_w20230702185753/z.tif
geometry	data/patches/auto_grown_w20231007101619/meta.json	d7401a7087710875e8e168e6d30410919d1739b9	421	3bedff0b9b004ead344a4c4cff34a16897ea5ea1f2f13600203f850b6b09ff2f	hf://scrollprize/datasets/spiral/PHercParis4/unverified_patches/auto_grown_w20231007101619/meta.json
geometry	data/patches/auto_grown_w20231007101619/x.tif	d7401a7087710875e8e168e6d30410919d1739b9	3571914	0852a596c3c0253f668e92a21e6b2dc67e727ad1c35dc4498f2f7c28f4735d3d	hf://scrollprize/datasets/spiral/PHercParis4/unverified_patches/auto_grown_w20231007101619/x.tif
geometry	data/patches/auto_grown_w20231007101619/y.tif	d7401a7087710875e8e168e6d30410919d1739b9	3571914	a29d3f6b2db00d7af591abb904dd8982bde84d83ddd3ad75150f5c72e78a7867	hf://scrollprize/datasets/spiral/PHercParis4/unverified_patches/auto_grown_w20231007101619/y.tif
geometry	data/patches/auto_grown_w20231007101619/z.tif	d7401a7087710875e8e168e6d30410919d1739b9	3571914	679b28fd777a4c8e9d2266f2ad2625e8ecac489e6f3ea8fc115e50529f6e5062	hf://scrollprize/datasets/spiral/PHercParis4/unverified_patches/auto_grown_w20231007101619/z.tif
geometry	data/patches/auto_grown_w20231031143852/meta.json	d7401a7087710875e8e168e6d30410919d1739b9	428	84581d2a93373c23fc7e8fb38df0a5b61becbc238e8efca69a05f5127eca300a	hf://scrollprize/datasets/spiral/PHercParis4/unverified_patches/auto_grown_w20231031143852/meta.json
geometry	data/patches/auto_grown_w20231031143852/x.tif	d7401a7087710875e8e168e6d30410919d1739b9	961878	ab458d039d0a6693defdd099a8bd584163be0fb11b6a6fa97c6fb6d476ff6900	hf://scrollprize/datasets/spiral/PHercParis4/unverified_patches/auto_grown_w20231031143852/x.tif
geometry	data/patches/auto_grown_w20231031143852/y.tif	d7401a7087710875e8e168e6d30410919d1739b9	961878	d2b98800f56b1cbe27a4577fde3e1f9a33c7967e1376b6a6d7daa650014e839a	hf://scrollprize/datasets/spiral/PHercParis4/unverified_patches/auto_grown_w20231031143852/y.tif
geometry	data/patches/auto_grown_w20231031143852/z.tif	d7401a7087710875e8e168e6d30410919d1739b9	961878	09ef4b5bebbc60976c4d551c2ece8332fc060b3d144051ad7639ce13efd23e0e	hf://scrollprize/datasets/spiral/PHercParis4/unverified_patches/auto_grown_w20231031143852/z.tif
